Length,Width,Height,Bend,Feed,epsilon_r,Permittivity,Conductivity,Target
0.5889283233192526,1.3140067605056496,1.150940568507211,-0.3280416974809186,0.8442848224743253,1.5768054282627375,-1.6576829345809605,0.9480626705170008,0
-1.6548665199533799,0.4634783283510722,0.45412550072059127,-0.5795017432025771,-0.378361470290063,0.3930396411030695,-1.3091283789595,0.2082242175910173,0
-0.42077935615343065,0.3662750789619771,-0.11203674185603793,1.023556048272994,0.5533434950176437,1.2366428457455916,-1.5879720234566683,-1.3506186659035682,0
-0.4453208622517251,1.6056165086729348,0.27992173377393614,0.017715865386361333,0.8789206947905968,1.0461517995359897,-0.3680310787815586,1.1857243269857116,1
0.5047860166965281,1.6750474010937153,0.45412550072059127,1.3064485997098596,-0.41992451706958933,-0.9267911790634563,1.5838744326986178,1.0811473266745657,1
0.6835884182698179,-0.9633265108959965,-0.72174992616933,0.6463659796905067,-0.4909280553179462,-1.525477324293633,-0.6468747232787261,-0.6684447731945009,1
-1.213119410184081,-1.2653508929263984,-1.1572593435359673,0.7406634968361285,0.9724375500445304,-1.2805602648812882,-0.22860925653297448,-0.5785238526095261,1
1.5881182144640973,1.050169369306679,0.062167025090617216,-0.3909067089113332,0.14637199530145176,-0.2464660140291645,1.2004644215150122,0.9749951929876096,1
-0.35416669674377516,0.3732181682040539,-0.6346480426960024,-1.2081518575067223,-1.12130093147409,1.0053322896339323,-1.1348511011487707,0.5093315689606195,0
-0.6942418526772831,-1.081359028011327,-0.9830555765893128,1.4950436340011026,0.9966826606659203,0.311400621298955,0.15480075465063114,0.7193380611232242,0
-1.4269811061835036,0.3558604450988594,-0.15558768359270173,-0.6737992603481988,-0.7628196530006786,0.18894209159278208,-0.577163812154434,-1.3556037654406285,0
0.45570300449994156,0.4773645068352283,0.7589820928772378,0.48920345111447017,-1.7014517927716395,-1.3894122912867748,-0.3331756232194126,-0.24814386126295998,1
0.613469829417547,-0.1857005157832405,1.7171028110838402,0.9606910368425793,-0.6346669254304732,-0.35531804043465126,-1.5531165678945222,0.42252139565188507,1
1.1428651752521832,1.445925456105136,-0.9830555765893128,-0.13944666318967516,-0.719524812605339,0.03927055528523804,-1.4834056567702303,1.088960891520876,0
1.1218295985965039,-1.244521625200164,-0.06848580011937415,1.2121510825642376,0.2710611356400297,0.8692672566270739,0.43364439914779945,0.9014099298324024,1
1.6161656500050046,0.33850272199366493,-0.6346480426960024,1.1807185768490305,-1.2944802930554482,-1.5118708209929475,1.061042599266428,-1.5773814156267574,1
0.4486911456147135,-0.012123284731285662,1.1073896267705472,-0.7366642717786134,1.5958832517374197,0.025664051984551888,0.43364439914779945,0.24811630516618166,0
1.3076438590550192,-0.33844847910896,-0.9830555765893128,0.9921235425577866,0.6382013821925089,-1.6751488606011773,-0.22860925653297448,0.5789959355943216,0
-0.41727342671081785,0.2378279279835314,-0.5039952174860111,-0.4223392146265405,0.6832280162036622,0.24336810479552545,-0.6120192677165801,-1.1177021692999756,0
-1.104435597463062,-0.8973671630962544,0.5412273841939189,-1.7110719489500388,1.2287430051849402,-1.14449523187443,1.5838744326986178,0.1652863075920206,1
-1.4059455295278218,0.3593319897198978,-0.6346480426960024,1.2121510825642376,0.8667981394799017,0.5971371906133576,0.7124880436449678,0.7741628647522115,0
1.59162414390671,0.959909209159663,1.5864499858738488,1.4321786225706887,1.5577837921895208,0.6923827137181582,0.6427771325206757,0.855745176032273,1
-0.6837240643494423,-0.88000943999106,1.1944915102438747,1.0864210597034085,-1.2494536590442946,-1.3621992846854032,0.7124880436449678,0.6582324837286883,1
1.1393592458095705,-1.4875297486729007,-1.636319702639269,0.23774340539281208,0.16542172507540134,-0.7499066361545406,-1.0651401900244786,-0.7192781098102354,0
0.5047860166965281,1.6750474010937153,0.45412550072059127,1.3064485997098596,-0.41992451706958933,-0.9267911790634563,1.5838744326986178,1.0811473266745657,1
1.700307956627729,0.07119378617365336,0.933185859823892,0.929258531127372,1.0105370095924289,-0.8723651658607129,0.29422257689921527,0.27123519826274284,1
-1.2867439284789643,-1.6437492566196599,-0.2426895670660293,-0.7995292832090279,-1.4711232418684335,-1.4982643176922616,0.6079216769585304,1.1483332576380874,0
-1.1500126802170383,-0.26554604206713867,1.542899044137185,0.8978260254121647,1.4278992710035021,0.24336810479552545,1.3050307882014496,-1.2730165303580794,0
-0.9326450547750003,1.2341612342217514,-1.4185649939559501,-0.4852042260569551,0.06844128258984071,0.610743693914043,-1.5879720234566683,-1.0935924664992767,0
-0.28054217844889157,-0.06766799866791003,-0.8524027513793213,-0.7995292832090279,0.3992138632102348,-1.0628562120703149,-0.577163812154434,-0.7967955607656267,0
-0.8555146070375039,0.18575475866794297,-0.02493485838271036,-1.1138543403611005,-0.0008304620427026151,-1.185314741776487,-1.6228274790188144,-1.4867152706489266,0
1.0867703041703685,0.6752425502344569,-0.8088518096426576,-0.6423667546329914,1.3759454625290948,0.06648356188660974,-1.5879720234566683,0.40348429979801415,0
1.6687545916442066,-1.5222451948832922,1.0202877432972195,-0.8309617889242351,0.35591902281489524,-0.40974405363739463,1.4793080660121805,1.2158212303062894,0
-1.3358269406755534,-0.5779850579606569,0.715431151140574,-1.5539094203740023,0.977632930891971,-1.5662968341956907,-1.274272923397354,1.3646289920252512,0
0.7326714304664069,-0.6022858703079307,1.5864499858738488,-0.8309617889242351,0.00956029965217896,0.8012347401236449,0.43364439914779945,-1.4716272995132589,0
1.4934581195135321,-0.057253364804792345,1.6735518693471763,-0.6423667546329914,-1.216549580343837,-1.212527748377859,-1.5879720234566683,0.6039129648206151,0
-0.9256331958897747,-0.810578547570277,-0.19913862532936552,-1.7739369603804533,-1.3914607355410085,0.5835306873126713,-1.4834056567702303,0.43268636928323007,0
-0.15783464795741897,-0.019066373973362475,1.7171028110838402,-1.050989328930686,0.9118247734910547,1.0461517995359897,-1.4136947456459381,1.417545569557379,0
0.7011180654828842,1.5709010624625435,0.062167025090617216,-1.050989328930686,0.5256347971646264,-0.3417115371339651,0.7473434992071145,0.54090480696856,1
1.1393592458095705,0.8731205936336855,1.542899044137185,-1.271016868937137,-0.17747341085568816,1.563198924962052,0.050234387964193813,-1.0534604392521698,0
-1.1570245391022638,-1.088302117253405,0.5847783259305827,-0.04514914604405327,1.052100056371955,0.24336810479552545,-1.1348511011487707,-1.2791448718614535,0
1.5530589200379619,1.5778441517046227,1.4557971606638573,0.6463659796905067,0.563734256712525,1.032545296235304,-1.5531165678945222,0.8856698873529861,0
0.3189717562380153,-1.5569606410936825,1.0202877432972195,0.04914837110156863,-0.8442139529439167,-0.1920400008264211,-0.6120192677165801,-0.5005999156216677,1
1.2655727057436559,1.2202750557375952,-0.5910971009593387,-0.8938268003546497,0.7057413332092386,-1.2397407549792305,0.6776325880828225,-0.0964060127266321,0
0.5538690288931172,0.9703238430227806,-0.02493485838271036,0.3949059339688486,-0.04239350882222861,-1.4030187945874606,-1.5879720234566683,-0.5297229461561265,1
-0.017597470252879915,-1.0223427694536618,-1.0701574600626402,0.2691759111080194,-1.3135300228293973,1.6584444480668525,-1.5879720234566683,-1.2329776561600798,1
-1.598771648871565,-1.4840582040518622,-0.9395046348526489,-0.8623942946394424,-1.673743094918622,1.3999208853538216,1.3050307882014496,0.9493244709094508,0
0.25586502627097263,0.6995433625817307,-0.9395046348526489,1.117853565418616,-0.15842368108173824,-0.4777765701408236,1.5838744326986178,-0.7595512780408378,0
0.1612049313204073,-1.0431720371798971,1.542899044137185,-1.5853419260892097,0.646860350271577,0.20254859489346821,1.5490189771364726,1.6535953959945715,1
-1.749526614903945,0.7030149072027692,-1.4185649939559501,-0.8623942946394424,-1.5473221609642305,0.7876282368229588,-1.0651401900244786,0.7238969148901289,1
-0.02460932913810799,1.3973238314105885,1.2815933937172024,1.4636111282858955,0.6520557311190175,0.8012347401236449,1.3747416993257415,0.6468903942949908,1
1.1218295985965039,-1.3035378837578293,0.105717966827281,-1.491044408943588,-0.9082903167290194,-0.1920400008264211,0.15480075465063114,0.6853033243631226,0
1.65122494443114,0.9390799414334277,1.3251443354538661,-1.3967468917979662,-1.187109088875006,1.1277908193401047,-0.01947652316009826,-0.8063846791843102,0
0.25937095571358537,-0.6682452181076752,-1.5492178191659414,0.2063108996776048,0.3074288015721151,-0.20564650412710722,0.6776325880828225,-0.6869906984258078,1
-0.27703624900627877,-0.27943222055129474,-0.3297914505393559,1.0864210597034085,-1.2840895313605662,-1.4982643176922616,-0.6120192677165801,-1.0850703739158192,1
-0.33663704953070867,-0.36969238069831056,1.3251443354538661,0.4577709453992632,-0.788796557237882,0.37943313780238397,1.65358534382291,0.9624985703089196,0
0.6765765593845897,-1.4076842223890014,-0.06848580011937415,-0.5166367317721624,-0.6744981785941856,1.604018434864109,-0.7514410899651642,-1.538274071919828,0
-1.304273575692031,0.8627059597705679,-0.41689333401268347,0.8035285082665432,0.5550752886334572,-0.32810503383327955,0.25936712133707,1.2575650875849145,0
1.0797584452851405,0.39057589130925086,0.6283292676672464,0.3949059339688486,1.1941071328686688,-0.43695706023876635,-0.22860925653297448,0.08545696732697286,0
-0.12978721241651164,1.2341612342217514,-1.4621159356926139,1.0549885539882011,1.1785209903263465,-0.314498530532594,-1.5182611123323762,-0.08466026008013751,1
-1.3112854345772589,-1.1993915451266561,0.7589820928772378,0.14344588824719018,-0.2363543937933499,-0.6410546097490538,-1.5182611123323762,-0.03743448700254776,0
0.872908608170946,1.5292425270100751,-1.636319702639269,0.4577709453992632,-0.31948048735240125,0.7195957203195299,-0.9257183677758944,1.1680619443110865,0
1.1393592458095705,0.8731205936336855,1.542899044137185,-1.271016868937137,-0.17747341085568816,1.563198924962052,0.050234387964193813,-1.0534604392521698,0
-1.1079415269056747,0.9182506737071923,-0.2862405088026931,-0.29660919176571166,1.755208264392269,-0.3417115371339651,-0.3331756232194126,-1.1307746471913278,0
0.382078486205058,1.5639579732204665,1.5864499858738488,1.1807185768490305,1.739622121849947,1.0869713094380475,0.29422257689921527,-1.5330687924485142,0
-0.12978721241651164,-1.4076842223890014,-0.06848580011937415,-1.7739369603804533,0.8494802033217659,1.0053322896339323,0.015378932402047775,1.314687666425208,1
-0.813443453726143,-0.3453915683510368,-0.5039952174860111,-1.1138543403611005,1.1490804988575156,0.7059892170188438,-0.40288653434370386,1.0684022958649229,0
1.0587228686294612,0.3662750789619771,1.6735518693471763,-0.01371664032884597,-0.06837041305943209,1.2774623556476494,0.39878894358565414,-0.6923230047822674,0
-0.6591825582511502,0.5988685685715972,1.2380424519805384,-0.01371664032884597,-1.6269846672916555,-0.9131846757627707,0.18965621021277795,-0.8793658589301566,1
1.5179996256118267,-1.6715216135879731,-1.3750140522192862,0.017715865386361333,0.6659100800455262,-0.681874119651111,-0.19375380097082845,0.33309729132881466,1
1.5740944966936437,-0.38357855918246914,1.2380424519805384,0.6463659796905067,0.18100786761772356,-0.2736790206305362,1.3747416993257415,1.015895027184932,0
0.33650140345108176,-0.6613021288655959,-1.2879121687459587,-0.3280416974809186,0.3074288015721151,-0.0559749678195626,-1.0999956455866247,-0.34575414262876913,0
-1.0904118796926083,1.0848848155170703,-1.4621159356926139,0.6463659796905067,0.7057413332092386,0.35222013120101225,1.4444526104500337,1.4072451005818785,1
0.46622079282777995,-0.9563834216539197,-0.2862405088026931,-1.050989328930686,-1.3931925291568223,-1.5390838275943188,0.7124880436449678,-1.2594782872211923,0
-1.4970996950357718,0.269071829572882,-0.8088518096426576,0.14344588824719018,-0.4961234361653871,0.21615509819415377,-1.3439838345216462,0.14408128623165842,0
-0.18938801294094157,-0.33844847910896,0.49767644245725506,-0.7995292832090279,0.44770408445301496,0.5699241840119859,-1.5182611123323762,0.9791644976400664,0
0.9780864914493496,-1.3347817853471813,0.8460839763505644,0.7720960025513358,0.5775886056390336,1.1005778127387331,-0.8211520010894563,-0.6880351417036744,0
-1.2271431279545346,0.5294376761508143,-1.5492178191659414,-0.7680967774938207,-0.08742014283338169,0.33861362790032673,-0.9954292789001865,-1.4138978144439347,0
-1.553194566117589,0.005234438373911303,-1.244361227009295,1.6522061625771391,0.37843233982047164,-0.8995781724620846,0.6776325880828225,-0.2302810583917712,0
1.5740944966936437,-0.38357855918246914,1.2380424519805384,0.6463659796905067,0.18100786761772356,-0.2736790206305362,1.3747416993257415,1.015895027184932,0
1.59162414390671,1.3313644836108465,0.9767368015605558,-1.3653143860827588,-0.7091340509104571,-0.21925300742779277,-1.0999956455866247,1.0454358350305375,0
1.44086917787433,0.3558604450988594,-0.3297914505393559,-1.6167744318044168,0.5671978439441523,0.9645127797318751,-0.8211520010894563,0.04057413457540799,0
-0.5785461810710386,0.7793888888656288,1.2815933937172024,-0.7052317660634061,0.44770408445301496,-1.6207228473984339,-1.3091283789595,-1.546242891847983,1
-0.7783841593000076,0.9842100215069368,-1.4621159356926139,-1.5539094203740023,0.11693150383262088,-0.2464660140291645,0.39878894358565414,1.293795978048206,0
-0.5119335216613832,-0.2377736850988265,-0.6781989844326662,-0.29660919176571166,-1.1143737570108352,-0.4777765701408236,0.991331688142136,1.6250736260498033,1
-0.13329314185912694,1.5188278931469574,0.062167025090617216,-1.271016868937137,-1.356824863224737,0.950906276431189,-0.7165856344030183,-1.185655907213713,1
0.010449965288027396,0.65788482712926,-0.19913862532936552,-1.3024493746523442,0.1481037889172656,1.6312314414654807,-0.22860925653297448,-0.6263791144735058,1
-0.2980718256619605,-0.31761921138272464,-1.5927687609026053,1.2750160939946522,0.8494802033217659,0.311400621298955,0.8867653214556986,0.27535651498081065,0
-0.13679907130173974,-1.6402777119986214,0.19281985030060858,0.1748783939623975,-1.538663192885163,-1.3077732714826598,-0.40288653434370386,1.0693592317330225,0
-0.5434868866449032,1.5778441517046227,-1.3314631104826224,0.08058087681677559,1.57683352196347,-0.5866285965463104,-1.5879720234566683,-1.139053977283173,0
-1.5812420016584963,1.1543157079378508,-0.5475461592226748,0.3634734282536413,-0.8684590635653069,-0.314498530532594,0.6776325880828225,1.1731881848316426,0
-1.0413288674960193,-0.9355541539276843,-1.2879121687459587,0.5520684625448847,0.9810965181235981,-0.7907261460565979,1.1307535103907203,0.41657936024672526,0
0.872908608170946,1.4146815545157831,-0.15558768359270173,0.3634734282536413,-0.5463454510239808,-1.2397407549792305,0.2245116657749232,-0.12883738791422494,0
0.5854223938766397,-0.16487124805700515,1.4122462189271936,1.023556048272994,-0.6034946403458288,-1.212527748377859,0.9564762325799891,1.0124314274499528,0
0.9360153381379887,1.4493970007261745,-0.3733423922760197,1.52647613971631,-0.04239350882222861,0.950906276431189,1.1656089659528655,1.291978082180784,0
0.0735566952550701,-0.7029606643180643,1.542899044137185,0.3949059339688486,-0.6260079573514058,0.4882851642078707,-0.9954292789001865,-1.1425034629198028,0
-0.9361509842176156,-1.4389281239783531,-0.5039952174860111,0.1748783939623975,0.5481481141702027,0.9781192830325607,1.5141635215743259,1.3157151727850551,0
-1.0869059502499956,-0.9424972431697636,-0.06848580011937415,0.677798485405714,0.05805052089495913,0.7195957203195299,1.0261871437042813,-1.2639496335783293,1
-1.742514756018717,1.5361856162521519,-0.46044427574934726,1.2121510825642376,-0.25713591718311246,-0.8995781724620846,-1.378839290083792,-1.6089659449133775,0
0.18925236686131464,1.5431287054942313,1.7171028110838402,1.620773656861932,-1.5923487949753838,-0.5594155899449387,0.43364439914779945,0.049705956207566106,0
0.39259627453289636,0.352388900477821,-0.2862405088026931,0.08058087681677559,0.608760890723678,0.7468087269209016,-1.5879720234566683,-1.6308230376174886,0
-0.7994197359556893,-0.5606273348554625,-1.1572593435359673,-1.7425044546652462,-1.1957680569540738,0.7332022236202154,-0.19375380097082845,1.4957941308072773,0
1.2235015524322947,1.5952018748098171,1.0638386850338832,-0.7680967774938207,-1.5369313992693492,1.2638558523469632,0.050234387964193813,0.11318834776416607,0
-0.7783841593000076,-1.1507899204321086,0.32347267551059994,1.337881105425067,-0.7749422083113736,-0.7635131394552261,-0.9257183677758944,-1.2977557219451685,1
0.9009560437118532,-0.6960175750759874,0.27992173377393614,1.0864210597034085,0.7230592693673744,0.7332022236202154,1.3747416993257415,-1.410414454971266,0
1.360232800694221,-0.5814566025816977,-0.7653008679059937,-0.5795017432025771,-0.2744538533412485,-1.47105131109089,-0.6817301788408722,1.3514887664618211,1
-0.5995817577267204,-0.6022858703079307,1.2815933937172024,0.5520684625448847,-0.8182370487067132,0.6515632038161009,0.08508984352633907,1.3931366478716696,1
1.7038138860703418,-1.5673752749568,0.105717966827281,0.5520684625448847,1.3794090497607219,0.44746565430581287,0.8867653214556986,1.5060381433893795,0
-0.8940798309062521,-1.6090338104092696,0.45412550072059127,-0.29660919176571166,-0.7576242721532376,1.6856574546682241,0.25936712133707,0.171451345751103,1
1.4233395306612637,-0.13709889108869297,1.0202877432972195,-0.4223392146265405,-0.9446579826611047,-0.8315456559586557,-0.3331756232194126,1.081158617953245,0
-0.1438109301869653,-0.5779850579606569,0.8896349180872282,-0.6423667546329914,-0.6242761637355919,-0.954004185664828,0.991331688142136,-1.582149158049235,0
-1.0308110791681784,1.3834376529264325,-0.19913862532936552,1.4007461168554816,-1.6893292374609443,-0.042368464518877054,0.991331688142136,-0.9613885300787238,0
-0.6486647699233093,-0.8209931814333947,-0.72174992616933,1.023556048272994,-0.3471891852054186,-0.015155457917505355,-0.40288653434370386,-1.5567183756430183,0
1.7073198155129548,0.8141043350760203,1.5864499858738488,1.6522061625771391,-1.0485655996099192,-0.7907261460565979,0.18965621021277795,0.22656972262576064,0
0.6765765593845897,0.8870067721178416,-0.8959536931159852,-1.1767193517915153,-0.9325354273504096,0.2569746080962116,1.5141635215743259,-0.2974754578143026,0
-1.5251471305766815,-1.3833834100417275,0.8025330346139006,1.117853565418616,-0.5809813233402523,-0.6954806229517971,1.4444526104500337,1.3135613613769141,1
1.360232800694221,0.7169010856869252,-1.6798706443759324,-0.4852042260569551,0.6693736672771536,-1.457444807790204,0.15480075465063114,-1.4351818747550542,1
-1.5251471305766815,-1.3833834100417275,0.8025330346139006,1.117853565418616,-0.5809813233402523,-0.6954806229517971,1.4444526104500337,1.3135613613769141,1
0.9079679025970813,1.0675270924118734,0.5847783259305827,-0.9881243175002716,1.1646666413998379,-1.47105131109089,-1.0651401900244786,1.1346115312226561,0
-0.4979098038909295,-0.7203183874232612,0.49767644245725506,-1.2395843632219297,1.656496028290895,-1.5390838275943188,-0.577163812154434,-0.0761155849393206,0
-0.704759641005124,-0.2724891313092179,-1.4621159356926139,0.4263384396840559,0.33340570580931855,1.1686103292421626,1.0261871437042813,1.458648646770935,1
1.0937821630555942,-1.3278386961051019,-1.2008102852726312,0.2063108996776048,1.4452172071616383,-0.382531047036023,0.7473434992071145,-1.498712254246043,0
1.451386966202171,0.05730760768949727,0.45412550072059127,0.3949059339688486,0.9672421691970894,1.3999208853538216,-0.29832016765726654,-0.4920947599562296,0
0.01746182417325547,-1.6368061673775818,-0.8959536931159852,1.243583588279445,1.3430413838286368,0.3658266345016978,-1.6576829345809605,-0.16961866368541076,0
-1.5251471305766815,1.43203927762098,0.19281985030060858,0.7720960025513358,1.6045422198164874,-1.2397407549792305,1.3747416993257415,1.0356434735956204,0
0.46271486338516715,-1.0397004925588575,1.7171028110838402,-1.2395843632219297,1.4019223667662986,0.5835306873126713,-1.3439838345216462,0.3156212147524035,0
-0.02460932913810799,-0.9424972431697636,-0.5039952174860111,-0.04514914604405327,0.004364918804738326,1.1958233358435342,1.0261871437042813,-1.1500545055368114,1
0.24534723794313174,0.9668522984017398,1.6735518693471763,-0.5795017432025771,-1.0485655996099192,-1.1717082384758015,1.3398862437635963,0.07118761389557933,0
1.6652486622015936,1.4181530991368239,-0.9830555765893128,0.48920345111447017,-1.4936365588740097,1.1005778127387331,0.5382107658342383,1.4220677266685746,1
1.4163276717760358,0.10938077700508322,-1.0701574600626402,0.7720960025513358,-0.6069582275774559,-0.2736790206305362,-0.542308356592288,0.21201808722737614,0
-0.9291391253323875,1.6819904903357945,1.0638386850338832,-0.6737992603481988,0.0528551400475185,-0.2464660140291645,-0.12404288984653637,-1.3794368319136767,1
1.0937821630555942,-1.3278386961051019,-1.2008102852726312,0.2063108996776048,1.4452172071616383,-0.382531047036023,0.7473434992071145,-1.498712254246043,0
0.4486911456147135,-0.012123284731285662,1.1073896267705472,-0.7366642717786134,1.5958832517374197,0.025664051984551888,0.43364439914779945,0.24811630516618166,0
-0.8800561131357985,1.3834376529264325,0.9767368015605558,-1.6796394432348316,-1.6685477140711817,1.4679534018572507,0.43364439914779945,-1.3449419755473797,0
1.2129837641044539,-1.3104809729999074,0.14926890856394479,-0.9881243175002716,-0.006025842890143249,1.6176249381647954,0.921620777017844,0.3019757044680598,1
-0.11576349464605801,1.619502687157091,1.0638386850338832,0.6149334739752994,1.0486364691403278,-1.2533472582799163,-0.7165856344030183,0.23883769691118864,0
-0.1753642951704879,-1.4285134901152368,0.933185859823892,-1.2395843632219297,1.5664427602685889,1.6312314414654807,0.921620777017844,-0.708844968310249,0
-1.4199692472982754,-1.088302117253405,0.6283292676672464,-0.10801415747446787,-0.0458570960538557,1.522379415059994,0.8170544103314066,-1.5144212457090906,0
0.18925236686131464,-0.862651716885863,1.1073896267705472,0.5206359568296774,1.4677305241672145,-1.6751488606011773,1.4444526104500337,-1.5286256742880764,1
0.5328334522374379,1.7687791058617721,0.715431151140574,1.1807185768490305,-0.1376421576919754,0.18894209159278208,1.4444526104500337,0.7777365544543172,0
0.01746182417325547,-0.779334645980924,-0.41689333401268347,-0.07658165175926057,1.1854481647896007,-0.13761398762367769,-0.19375380097082845,-0.12683036312891893,0
-0.8414908892670503,0.5016653191825021,1.542899044137185,0.48920345111447017,0.6416649694241363,1.6992639579689104,0.08508984352633907,1.5056090747995534,1
0.7326714304664069,-0.6022858703079307,1.5864499858738488,-0.8309617889242351,0.00956029965217896,0.8012347401236449,0.43364439914779945,-1.4716272995132589,0
1.6862842388572754,-0.13015580184661368,0.5412273841939189,-0.3280416974809186,0.16368993145958782,0.09369656848798143,1.7581517105093487,0.7131222122100833,0
-0.35416669674377516,0.3732181682040539,-0.6346480426960024,-1.2081518575067223,-1.12130093147409,1.0053322896339323,-1.1348511011487707,0.5093315689606195,0
1.605647861677164,-0.12668425722557528,-0.2862405088026931,-1.3338818803675516,-1.368947418535432,-0.7635131394552261,-1.274272923397354,-1.6261343341457686,0
0.0735566952550701,0.012177527615988115,-0.46044427574934726,1.0549885539882011,-0.32294407458402896,-0.7907261460565979,0.3290780324613621,1.2964494285379211,0
-1.2867439284789643,0.7620311657604344,1.7171028110838402,-0.20231167462008978,0.57585681202322,-0.4233505569380802,1.5838744326986178,1.605412687048882,0
-0.3752022733994569,-0.8487655384017069,1.2815933937172024,0.3949059339688486,-1.2321357228861594,-0.7226936295531688,0.7473434992071145,-0.25258133378405817,0
-0.9782221375289766,0.3315596327515856,-1.636319702639269,0.7406634968361285,-1.6183256992125874,0.5018916675085563,1.1656089659528655,-0.20743033316385193,0
-0.9641984197585228,-1.6611069797248554,1.2815933937172024,-1.3024493746523442,1.6668867899857764,-0.13761398762367769,0.991331688142136,1.555189079481848,0
0.6415172649584544,-0.8869525292331367,-1.4621159356926139,0.5206359568296774,0.8009899820789858,1.3999208853538216,-0.8560074566516024,-0.21539068463299735,0
-1.0658703735943138,1.0015677446121314,-1.2879121687459587,0.332040922538434,0.7473043799887646,1.6584444480668525,-0.9257183677758944,0.10102764062619493,0
1.50046997839876,0.3211449988884679,0.7589820928772378,-1.4281793975131734,-0.1289831896129077,0.6651697071167865,-0.08918743428439033,-1.4009608318967384,0
-1.3358269406755534,-0.38010701456142826,0.105717966827281,-0.45377172034174784,-0.8805816188760021,0.4066461444037556,-0.8908629122137484,1.084850866081487,0
-1.2902498579215773,-1.650692345861739,1.5864499858738488,0.1748783939623975,0.7230592693673744,-0.6274481064483682,-0.15889834540868242,0.5881023518494506,1
0.18574643741870184,0.30378727578327347,0.5847783259305827,-0.7052317660634061,-0.10473807899151745,-0.8587586625600273,1.5838744326986178,-1.5899768369938947,0
-0.995751784742043,0.32808808813054724,0.5847783259305827,0.1748783939623975,1.4088495412295527,0.20254859489346821,0.36393348802350733,0.7893326976583064,0
-1.59526571942895,0.1614539463206692,0.105717966827281,0.48920345111447017,1.3066737178965515,0.5835306873126713,0.43364439914779945,0.19949041353231695,0
-1.244672775167601,1.0571124585487581,-1.0701574600626402,-1.050989328930686,-0.3852886447533178,-1.6479358539998057,-0.9605738233380404,0.42706613532043985,0
-1.104435597463062,-0.8973671630962544,0.5412273841939189,-1.7110719489500388,1.2287430051849402,-1.14449523187443,1.5838744326986178,0.1652863075920206,1
-0.7293011471034185,-1.5118305610201745,-0.9395046348526489,0.6149334739752994,-1.5057591141847049,0.24336810479552545,0.8170544103314066,1.057830836201111,0
1.7353672510538645,1.1959742433903215,1.2815933937172024,1.0864210597034085,1.1456169116258885,-1.6479358539998057,-1.5879720234566683,1.574178187401331,0
-0.6171114049397868,-0.07808263253102772,-1.4185649939559501,1.3693136111402742,-0.9827574422090033,1.604018434864109,-0.12404288984653637,0.22675602872397463,0
-1.153518609659651,-1.5500175518516044,-0.8959536931159852,0.7092309911209213,-0.5411500701765399,0.03927055528523804,0.9564762325799891,1.2658839371521382,0
0.2313235201726781,-0.6474159503814398,0.14926890856394479,-0.23374418033529706,-0.9256082528871548,1.2502493490462776,-0.3680310787815586,-0.6513723598308867,1
0.7817544426629959,0.5363807653928936,-0.6781989844326662,-0.7366642717786134,0.9222155351859364,1.604018434864109,-1.6576829345809605,0.3868917657782845,0
1.5811063555788694,0.27601491881496126,-0.72174992616933,-0.7995292832090279,1.0953948967672944,0.4066461444037556,-1.1348511011487707,0.8084516552826049,0
-0.6030876871693331,0.8904783167388801,-0.5910971009593387,-1.5539094203740023,-0.4147291362221484,-0.5185960800428815,-1.1697065567109166,0.30719227521805287,1
0.2839124618118799,-0.8730663507489806,-0.2426895670660293,-0.8309617889242351,-1.3360433398349738,-0.028761961218190902,-0.9605738233380404,-1.1495435751765575,0
0.613469829417547,-0.1857005157832405,1.7171028110838402,0.9606910368425793,-0.6346669254304732,-0.35531804043465126,-1.5531165678945222,0.42252139565188507,1
-0.6311351227102404,0.7932750673497849,-0.3733423922760197,-1.6482069375196242,-0.07702938113850012,-1.4030187945874606,1.1307535103907203,0.4947545281852057,1
1.5811063555788694,0.27601491881496126,-0.72174992616933,-0.7995292832090279,1.0953948967672944,0.4066461444037556,-1.1348511011487707,0.8084516552826049,0
0.0735566952550701,0.012177527615988115,-0.46044427574934726,1.0549885539882011,-0.32294407458402896,-0.7907261460565979,0.3290780324613621,1.2964494285379211,0
-0.4348030739238868,-1.1924484558845783,1.7171028110838402,0.6149334739752994,-0.9204128720397144,1.644837944766167,-1.4485502012080842,-1.5878766591594817,1
1.0762525158425278,1.5639579732204665,0.6718802094039102,1.149286071133823,0.9897554862026661,1.141397322640791,1.3050307882014496,-1.4693944491543602,1
-0.904597619234093,-0.04683873094167466,0.36702361724726373,0.583500968260092,-0.2813810278045027,0.7195957203195299,-0.6817301788408722,0.8580288371452299,1
1.2690786351862686,1.070998637032914,0.8460839763505644,-1.050989328930686,0.29357445264560644,1.522379415059994,-1.6925383901431064,-1.1660852984422287,1
1.4899521900709192,-1.1056598403586007,1.3686952771905299,1.3064485997098596,1.3863362242239765,-0.5594155899449387,-0.7514410899651642,0.8976527568517527,1
0.24534723794313174,0.9668522984017398,1.6735518693471763,-0.5795017432025771,-1.0485655996099192,-1.1717082384758015,1.3398862437635963,0.07118761389557933,0
0.8238255959743569,0.1475677678365131,1.760653752820504,-0.7680967774938207,1.3361142093653824,0.27058111139689717,-1.1348511011487707,-0.34688044767706305,0
0.5012800872539154,-1.574318364198878,-1.1572593435359673,-1.6796394432348316,0.07536845705309489,-1.0900692186716865,1.723296254947202,0.9644632527991766,1
0.7326714304664069,0.7689742550025112,1.2815933937172024,1.5579086454315174,-1.6598887459921137,-0.5185960800428815,-0.40288653434370386,1.7193614486641287,0
-1.549688636674976,0.404462069793407,-0.8959536931159852,0.9606910368425793,0.07883204428472228,0.4202526477044412,-0.542308356592288,1.3071281553491896,0
-1.5356649189045224,-1.3833834100417275,-1.3750140522192862,-0.45377172034174784,1.7136452176127432,1.032545296235304,0.8867653214556986,0.8440699938775261,0
-0.11576349464605801,-0.8140500921913154,-1.3314631104826224,-0.7052317660634061,-0.5740541488769981,1.5768054282627375,-0.577163812154434,-1.4702836373503818,0
-0.8414908892670503,0.5016653191825021,1.542899044137185,0.48920345111447017,0.6416649694241363,1.6992639579689104,0.08508984352633907,1.5056090747995534,1
0.5678927466635708,1.5743726070835817,0.8896349180872282,0.9606910368425793,1.2235476243374996,0.7059892170188438,-0.08918743428439033,-0.06836694494541867,0
1.1393592458095705,-1.4875297486729007,-1.636319702639269,0.23774340539281208,0.16542172507540134,-0.7499066361545406,-1.0651401900244786,-0.7192781098102354,0
-0.2139295190392361,1.5466002501152696,0.8460839763505644,-0.7366642717786134,0.5031214801590497,1.4951664084586223,0.2245116657749232,1.2711005079021318,0
-0.4383090033664996,-1.6298630781355037,-0.5910971009593387,0.7720960025513358,-1.3828017674619404,0.08009006518729528,0.7473434992071145,-1.4466509910738976,0
-1.20260162185624,1.5431287054942313,-1.4185649939559501,0.9606910368425793,1.0451728819087007,-1.3213797747833456,1.4095971548878885,-0.41028944592224553,0
0.40311406286073725,1.070998637032914,0.715431151140574,1.243583588279445,-0.2813810278045027,-0.5185960800428815,1.4793080660121805,-0.5158770156752192,0
0.6380113355158415,-1.574318364198878,1.4993481024005213,-1.491044408943588,-1.4624642737893654,-0.20564650412710722,1.65358534382291,0.7955908888664963,1
-1.4795700478227054,0.31420190964639116,1.150940568507211,-1.3338818803675516,-1.2546490398917356,1.1141843160394191,0.921620777017844,0.4317435475134802,0
-1.3288150817903255,-0.17875742654116122,-0.5475461592226748,1.4636111282858955,-1.4988319397214507,-0.314498530532594,-0.40288653434370386,0.031933483565814116,0
1.6687545916442066,-1.5222451948832922,1.0202877432972195,-0.8309617889242351,0.35591902281489524,-0.40974405363739463,1.4793080660121805,1.2158212303062894,0
1.114817739711276,0.9842100215069368,0.8460839763505644,0.1748783939623975,-0.7974555253169501,-0.0831879744209343,0.8519098658935519,1.0430703121471527,0
0.26988874404142627,0.4981937745614637,1.6300009276105125,-0.4852042260569551,1.1975707201002959,0.43385915100512734,-0.7514410899651642,-0.2915334224091426,0
1.4724225428578528,1.0605840031697966,-0.8088518096426576,-1.5853419260892097,0.38362772066791256,-0.23285951072847894,-1.6228274790188144,-0.2003196504153494,0
-1.0308110791681784,1.3834376529264325,-0.19913862532936552,1.4007461168554816,-1.6893292374609443,-0.042368464518877054,0.991331688142136,-0.9613885300787238,0
-0.3120955434324142,-1.3347817853471813,1.4557971606638573,1.5893411511467246,-0.5169049595551497,-1.2805602648812882,-0.054331978722244295,1.1963381289445723,0
1.0271695036459387,-1.0223427694536618,-0.2862405088026931,-0.45377172034174784,-0.9204128720397144,-1.47105131109089,-0.472597445467996,0.17188888279993933,0
-1.59526571942895,0.1614539463206692,0.105717966827281,0.48920345111447017,1.3066737178965515,0.5835306873126713,0.43364439914779945,0.19949041353231695,0
1.6687545916442066,-1.5222451948832922,1.0202877432972195,-0.8309617889242351,0.35591902281489524,-0.40974405363739463,1.4793080660121805,1.2158212303062894,0
-0.7433248648738722,-0.9945704124853495,0.5412273841939189,0.8663935196969574,0.6052973034920509,0.7740217335222732,-0.8560074566516024,0.26273568823664445,0
0.07706262469768288,0.2829580080570381,-0.3733423922760197,-1.3338818803675516,-0.06490682582780499,-0.5594155899449387,-1.274272923397354,1.4154199863459374,0
-0.6065936166119459,-0.9633265108959965,1.4993481024005213,0.3006084168232267,1.1456169116258885,-0.40974405363739463,1.0261871437042813,-1.0957067584320392,0
-0.6311351227102404,0.7932750673497849,-0.3733423922760197,-1.6482069375196242,-0.07702938113850012,-1.4030187945874606,1.1307535103907203,0.4947545281852057,1
1.3076438590550192,-0.5085541655398764,0.36702361724726373,-1.6167744318044168,0.3005016271088606,0.18894209159278208,0.7473434992071145,-0.5975186061683487,0
1.5881182144640973,1.050169369306679,0.062167025090617216,-0.3909067089113332,0.14637199530145176,-0.2464660140291645,1.2004644215150122,0.9749951929876096,1
-1.2867439284789643,-1.6437492566196599,-0.2426895670660293,-0.7995292832090279,-1.4711232418684335,-1.4982643176922616,0.6079216769585304,1.1483332576380874,0
-0.28755403733411966,0.7724457996235521,0.018616083353953428,1.149286071133823,-1.0762742974629367,-1.3213797747833456,-0.2634647120951205,1.221088611810341,1
0.25586502627097263,0.6995433625817307,-0.9395046348526489,1.117853565418616,-0.15842368108173824,-0.4777765701408236,1.5838744326986178,-0.7595512780408378,0
1.6161656500050046,0.33850272199366493,-0.6346480426960024,1.1807185768490305,-1.2944802930554482,-1.5118708209929475,1.061042599266428,-1.5773814156267574,1
-0.35416669674377516,0.3732181682040539,-0.6346480426960024,-1.2081518575067223,-1.12130093147409,1.0053322896339323,-1.1348511011487707,0.5093315689606195,0
-0.1788702246131007,-0.8661232615069013,1.1073896267705472,0.04914837110156863,0.8927750437171055,-0.015155457917505355,-1.6576829345809605,-1.0867697113571047,1
-0.1438109301869653,-0.5779850579606569,0.8896349180872282,-0.6423667546329914,-0.6242761637355919,-0.954004185664828,0.991331688142136,-1.582149158049235,0
-1.6829139554942871,-1.3451964192102976,-0.46044427574934726,0.14344588824719018,-1.0104661400620207,-1.0628562120703149,-0.8908629122137484,1.4840201499640835,1
-1.4515226122817981,-0.5745135133396185,-1.2008102852726312,0.9921235425577866,1.6443734729801998,0.32500712459964054,0.9564762325799891,1.1263660749668494,0
1.1989600463340002,1.4355108222420183,0.7589820928772378,-1.0824218346458934,0.5152440354697447,1.604018434864109,1.3398862437635963,0.9548007410690755,0
-1.553194566117589,0.005234438373911303,-1.244361227009295,1.6522061625771391,0.37843233982047164,-0.8995781724620846,0.6776325880828225,-0.2302810583917712,0
0.1612049313204073,-1.0431720371798971,1.542899044137185,-1.5853419260892097,0.646860350271577,0.20254859489346821,1.5490189771364726,1.6535953959945715,1
0.14016935466472558,-0.4877248978136411,0.45412550072059127,-0.6109342489177844,0.9672421691970894,-0.32810503383327955,1.3747416993257415,-1.1596238642178052,1
1.0867703041703685,-0.5293834332661094,-1.4621159356926139,-1.491044408943588,0.2398888505553853,0.8148412434243305,0.25936712133707,-0.7384111815328837,0
0.027979612501093844,0.11285232162612163,-1.0701574600626402,1.149286071133823,1.4694623177830282,-1.47105131109089,0.29422257689921527,1.383553175092326,0
-0.2419769545801434,-0.3627492914562338,-0.02493485838271036,-1.7425044546652462,1.0694179925300906,0.9100867665291318,1.5838744326986178,1.1365592767948935,0
-0.6311351227102404,0.4148767036565247,-0.3297914505393559,0.9921235425577866,1.2599152902695847,0.5427111774106141,-0.8908629122137484,-0.5274110568464705,0
1.6266834383328455,0.5884539347084795,-0.8088518096426576,1.3693136111402742,1.5595155858053347,-1.294166768181974,0.6776325880828225,1.5936782256810673,0
0.26287688515619817,1.5604864285994258,0.6718802094039102,-0.01371664032884597,1.498902809251859,0.8148412434243305,-0.542308356592288,-0.03308169907154693,0
0.25937095571358537,0.4634783283510722,1.4993481024005213,-0.6423667546329914,1.5006346028676725,-0.06958147112024875,-1.0302847344623325,-1.5984001308889053,0
-1.1570245391022638,-1.0084565909695056,-1.0266065183259765,0.04914837110156863,0.5706614311757794,0.5154981708092424,0.18965621021277795,1.2622396769582849,0
-1.5461827072323608,0.30378727578327347,-0.5039952174860111,-0.17087916890488247,1.7067180431494886,0.4882851642078707,1.7581517105093487,-0.4932408247422131,0
1.56007077892319,-1.6090338104092696,0.715431151140574,-0.7680967774938207,-0.44763321492260666,0.7876282368229588,-1.2394174678352088,0.7488986287065194,1
-1.59526571942895,-1.1959200005056165,-1.113708401799304,-0.3909067089113332,1.6287873304378777,-0.8315456559586557,1.4095971548878885,-1.6417106530843306,0
0.7887663015482215,0.1440962232154747,-0.6346480426960024,0.7092309911209213,1.739622121849947,0.8828737599277601,-1.4485502012080842,0.02587571255418806,0
-1.5567004955602017,-0.6370013165183221,0.8896349180872282,-1.6796394432348316,-0.07356579390687303,-0.9812171922661997,-1.5182611123323762,0.45211019143187886,1
-0.1438109301869653,-0.5779850579606569,0.8896349180872282,-0.6423667546329914,-0.6242761637355919,-0.954004185664828,0.991331688142136,-1.582149158049235,0
-1.3112854345772589,-1.1993915451266561,0.7589820928772378,0.14344588824719018,-0.2363543937933499,-0.6410546097490538,-1.5182611123323762,-0.03743448700254776,0
-0.10524570631821714,-1.5048874717780965,0.23637079203727235,-0.29660919176571166,-1.5213452567270271,1.5495924216613657,-0.29832016765726654,0.16554882982132177,1
1.0937821630555942,-1.3278386961051019,-1.2008102852726312,0.2063108996776048,1.4452172071616383,-0.382531047036023,0.7473434992071145,-1.498712254246043,0
1.0972880924982094,-1.140375286568991,-0.8088518096426576,0.7406634968361285,1.2166204498742454,0.46107215760649906,1.5838744326986178,0.8030233730573686,1
1.1218295985965039,-0.3627492914562338,-1.1572593435359673,1.337881105425067,-1.1749865335643108,0.44746565430581287,1.3747416993257415,-0.894456652885494,0
-0.7889019476278485,1.6021449640518965,-0.41689333401268347,0.3006084168232267,0.1100043293693667,-0.7635131394552261,-0.2634647120951205,-0.5194140087216162,1
-1.6478546610681517,-0.945968787790802,1.4557971606638573,0.2063108996776048,-0.3956794064481991,0.5699241840119859,-1.4136947456459381,-0.9971649465751601,1
1.6126597205623918,-1.3070094283788678,1.3251443354538661,-1.6796394432348316,-0.24847694910404441,-0.9267911790634563,-1.5182611123323762,0.764878610857878,0
0.18224050797608904,-0.08502572177310452,-0.41689333401268347,-0.35947420319612594,1.6807411389122853,-0.042368464518877054,0.991331688142136,0.3589881933412266,1
0.9956161386624185,-0.5779850579606569,-1.1572593435359673,1.117853565418616,-1.1697911527168698,-0.5458090866442531,1.65358534382291,-0.19287869776546718,0
0.4837504400408489,-1.1959200005056165,-0.2426895670660293,1.4636111282858955,-0.461487563849115,1.2910688589483348,1.65358534382291,-1.2040381089041652,0
0.5012800872539154,-0.27596067593025636,1.3686952771905299,0.7406634968361285,-0.9740984741299353,-0.8723651658607129,-1.0651401900244786,-1.1037179206552428,0
-0.04213897635117444,-1.126489108084835,-1.3750140522192862,1.5579086454315174,0.9845601053552252,0.09369656848798143,0.25936712133707,-1.2841723136935628,0
0.8448611726300386,-0.4703671747084466,-0.7653008679059937,1.6836386682923465,1.246060941343076,0.7468087269209016,1.6884407993850568,-0.4713188071856941,0
0.20678201407438357,1.376494563684353,1.2815933937172024,-1.7110719489500388,-0.2969671703468249,1.604018434864109,-1.6228274790188144,0.6485304525232087,1
1.40931581289081,1.4632831792103307,0.5412273841939189,0.23774340539281208,1.057295437219396,-0.40974405363739463,-1.274272923397354,0.41596963119802477,1
-1.3218032229050973,0.6335840147819862,0.32347267551059994,0.11201338253198288,0.8702617267115291,-0.7907261460565979,0.7473434992071145,0.5847177910652288,1
1.4163276717760358,0.10938077700508322,-1.0701574600626402,0.7720960025513358,-0.6069582275774559,-0.2736790206305362,-0.542308356592288,0.21201808722737614,0
0.7361773599090197,1.258462046569025,-1.636319702639269,1.3064485997098596,-0.3800932639058769,0.06648356188660974,0.25936712133707,0.7453785725781416,0
1.461904754530012,1.1091856278643442,-1.0266065183259765,0.8663935196969574,0.9984144542817338,-0.314498530532594,-1.4485502012080842,-1.1977149928435675,0
-0.4383090033664996,-1.6298630781355037,-0.5910971009593387,0.7720960025513358,-1.3828017674619404,0.08009006518729528,0.7473434992071145,-1.4466509910738976,0
0.14718121354995364,1.5778441517046227,-0.3297914505393559,0.7406634968361285,-0.6242761637355919,0.311400621298955,-1.3439838345216462,-1.289019095066798,0
-1.2201312690693065,-0.3453915683510368,0.23637079203727235,0.1748783939623975,-0.4874644680863191,0.7059892170188438,0.6079216769585304,0.12426791496856181,0
-1.433992965068729,-1.1577330096741867,-0.8088518096426576,-1.0195568232154788,-1.1715229463326837,-0.804332649357284,-0.40288653434370386,1.6319133181099945,1
-0.31910740231763973,-0.16139970343596674,0.105717966827281,1.620773656861932,0.4996578929274225,1.4679534018572507,-1.2394174678352088,0.9257341669280147,1
0.8658967492857179,0.824518968939138,-0.7653008679059937,-0.925259306069857,-1.1888408824908197,-1.117282225273058,0.36393348802350733,0.044766021785224056,0
0.01746182417325547,-0.779334645980924,-0.41689333401268347,-0.07658165175926057,1.1854481647896007,-0.13761398762367769,-0.19375380097082845,-0.12683036312891893,0
-1.2902498579215773,-0.6856029412128697,-1.3314631104826224,0.23774340539281208,-1.098787614468513,1.4407403952558788,-1.3439838345216462,0.08235186569007213,0
-0.8379849598244374,-0.9424972431697636,1.542899044137185,0.08058087681677559,1.5387340624155714,-1.457444807790204,-1.2045620122730627,1.4511455920883147,1
-1.0308110791681784,-0.3245623006248039,0.062167025090617216,0.7406634968361285,-1.5559811290432985,0.13451607839003868,-0.472597445467996,-0.2742464747506154,0
-0.3050836845471861,-0.4877248978136411,1.0638386850338832,-1.3024493746523442,-0.6883525275206945,0.6379567005154148,0.015378932402047775,-0.5836613844087618,1
0.18925236686131464,-0.862651716885863,1.1073896267705472,0.5206359568296774,1.4677305241672145,-1.6751488606011773,1.4444526104500337,-1.5286256742880764,1
-0.7398189354312594,1.1508441633168123,-1.1572593435359673,0.8349610139817505,-0.023343779048279,-1.5799033374963765,0.5730662213963835,0.021805206590178195,1
0.18574643741870184,-1.5257167395043305,1.3686952771905299,-1.271016868937137,1.739622121849947,0.8692672566270739,-0.7165856344030183,-0.2921854937528919,0
0.40311406286073725,-1.230635446716008,-0.72174992616933,0.7720960025513358,1.7534764707764556,1.2366428457455916,0.7124880436449678,-1.5480466736170555,0
-1.5251471305766815,1.43203927762098,0.19281985030060858,0.7720960025513358,1.6045422198164874,-1.2397407549792305,1.3747416993257415,1.0356434735956204,0
0.9745805620067368,-1.6576354351038172,1.0638386850338832,0.08058087681677559,0.5152440354697447,1.2774623556476494,1.0261871437042813,-0.2813910313351571,0
-0.9782221375289766,0.3315596327515856,-1.636319702639269,0.7406634968361285,-1.6183256992125874,0.5018916675085563,1.1656089659528655,-0.20743033316385193,0
0.7431892187942453,0.5155514976666582,-1.1572593435359673,-0.04514914604405327,0.6988141587459845,-0.5049895767421952,0.991331688142136,1.3929221135767564,1
0.431161498401647,1.7479498381355367,-0.41689333401268347,-1.271016868937137,-0.06144323859617791,0.4202526477044412,0.18965621021277795,0.9680284740422723,0
-0.12978721241651164,1.2341612342217514,-1.4621159356926139,1.0549885539882011,1.1785209903263465,-0.314498530532594,-1.5182611123323762,-0.08466026008013751,1
-0.7783841593000076,-0.8591801722648246,-1.3750140522192862,0.23774340539281208,-0.11512884068639902,-0.9131846757627707,-0.2634647120951205,1.060966988854381,1
-1.6373368727403133,0.9980961999910929,-0.3297914505393559,-0.35947420319612594,-0.17054623639243338,-1.0628562120703149,-0.08918743428439033,0.6535381346176286,0
-1.703949532149969,-1.546546007230566,-0.5039952174860111,-1.050989328930686,-0.4493650085384199,0.16172908499141037,-0.22860925653297448,0.341458483191087,0
0.7291655010237916,0.8731205936336855,0.23637079203727235,0.7720960025513358,-1.500563733337264,1.3182818655497066,-0.29832016765726654,-0.7126840030613264,0
1.0166517153180978,1.3313644836108465,-0.8524027513793213,1.2121510825642376,0.32128315049862377,-0.35531804043465126,0.11994529908848588,-0.4170698587693686,0
-0.1403050007443525,1.1404295294536946,0.49767644245725506,-1.271016868937137,0.040732584736823375,-0.45056356353945193,-0.542308356592288,-1.5787137865109548,0
-0.4453208622517251,-0.959854966274958,-1.0701574600626402,-0.45377172034174784,-1.4884411780265687,1.5768054282627375,-0.507452901030142,1.236337483667193,0
-1.093917809135221,-1.4285134901152368,-1.244361227009295,1.023556048272994,-0.5169049595551497,-1.4030187945874606,-0.577163812154434,-0.6649472996234826,0
0.25937095571358537,-0.6682452181076752,-1.5492178191659414,0.2063108996776048,0.3074288015721151,-0.20564650412710722,0.6776325880828225,-0.6869906984258078,1
-0.5610165338579721,-0.7133752981811818,-1.244361227009295,0.11201338253198288,-0.6208125765039648,0.6923827137181582,1.6884407993850568,0.2674752024624226,1
0.6380113355158415,-1.3313102407261415,0.933185859823892,0.4263384396840559,0.05631872727914559,-1.4982643176922616,-0.7862965455273103,1.0075874688963877,1
0.8869323259413996,0.43223442676171914,-0.2426895670660293,-0.6109342489177844,0.13944482083819756,-0.7363001328538544,-1.6925383901431064,1.042909411425968,1
0.6870943477124306,0.9529661199175837,-0.11203674185603793,1.2750160939946522,0.6537875247348314,1.522379415059994,1.2353198770771574,1.0572860320048185,0
0.715141783253338,-0.2724891313092179,-1.636319702639269,1.2750160939946522,0.2502796122502669,1.304675362249021,-1.2394174678352088,-0.33689331168492237,0
-1.213119410184081,-1.2653508929263984,-1.1572593435359673,0.7406634968361285,0.9724375500445304,-1.2805602648812882,-0.22860925653297448,-0.5785238526095261,1
-0.7222892882181929,-0.7307330212863788,1.4122462189271936,-1.271016868937137,-0.4684147383123698,-0.885971669161399,1.7581517105093487,0.8458201420728704,0
-1.1324830330039692,0.48083605145626673,0.6718802094039102,-0.6423667546329914,-0.4770737063914372,1.304675362249021,0.6079216769585304,1.6443958266903358,1
-0.7994197359556893,-0.5606273348554625,-1.1572593435359673,-1.7425044546652462,-1.1957680569540738,0.7332022236202154,-0.19375380097082845,1.4957941308072773,0
0.9325094086953758,-0.49119644243467947,1.7171028110838402,-1.5539094203740023,-1.0572245676889873,0.6787762104174726,0.6776325880828225,-0.3953651983274328,0
-1.0658703735943138,1.0015677446121314,-1.2879121687459587,0.332040922538434,0.7473043799887646,1.6584444480668525,-0.9257183677758944,0.10102764062619493,0
-1.4550285417244109,-1.2479931698212037,0.018616083353953428,-0.9881243175002716,-1.2355993101177865,-0.40974405363739463,0.43364439914779945,0.5636539106883627,1
-0.04213897635117444,1.3174783051266903,0.7589820928772378,1.6522061625771391,-0.2831128214203165,0.4066461444037556,0.6427771325206757,-1.1391753585289792,0
1.0762525158425278,-0.758505378254691,-0.3733423922760197,0.9606910368425793,-0.2657948852621805,1.563198924962052,-0.9954292789001865,0.3936213678713494,0
1.114817739711276,-0.8869525292331367,0.23637079203727235,1.023556048272994,1.5508566177262666,-1.4846578143915758,0.18965621021277795,-1.2199983313178349,1
1.1954541168913875,0.19616939253106067,0.7589820928772378,-0.35947420319612594,1.2200840371058725,-0.9403976823641425,0.5730662213963835,-0.8611586720592388,0
0.24184130850051647,0.8835352274968032,1.1073896267705472,-1.145286846076308,-0.06837041305943209,-0.8451521592593412,0.991331688142136,-1.3982311652759356,0
-1.7635503326743986,-0.3523346575931161,-0.5039952174860111,0.4263384396840559,-1.5594447162749256,1.3318883688503926,-1.6228274790188144,-1.4133981753623608,0
0.5188097344669843,-1.5153021056412141,-0.41689333401268347,1.4636111282858955,-1.103982995315954,0.27058111139689717,0.39878894358565414,-1.2554331866342117,1
-1.2376609162823755,-0.7064322089391051,1.5864499858738488,0.8035285082665432,1.2114250690268045,-0.4777765701408236,-0.22860925653297448,-0.5811829487385811,0
0.3855844156476708,-0.5953427810658539,-0.02493485838271036,-0.3280416974809186,-1.278894150513126,-0.5049895767421952,-0.6468747232787261,-0.3072198313148312,0
0.4942682283686897,0.5780393008453618,1.3251443354538661,-1.522476914658795,1.5629791730369618,-0.314498530532594,-1.4485502012080842,-1.4169492825071073,1
1.104299951383435,-1.431985034736275,1.3686952771905299,0.5520684625448847,1.5439294432630122,0.6787762104174726,-0.9605738233380404,-0.9582326176877649,1
-0.8204553126113685,1.0987709940012265,1.4993481024005213,0.7092309911209213,1.7430857090815741,1.2502493490462776,-1.5182611123323762,1.670989610800555,1
-0.4312971444812715,0.20658402639417833,0.49767644245725506,1.5579086454315174,-0.26406309164636727,1.0189387929346185,-1.274272923397354,-1.6030747202622757,0
0.431161498401647,1.7479498381355367,-0.41689333401268347,-1.271016868937137,-0.06144323859617791,0.4202526477044412,0.18965621021277795,0.9680284740422723,0
-0.28755403733411966,0.7724457996235521,0.018616083353953428,1.149286071133823,-1.0762742974629367,-1.3213797747833456,-0.2634647120951205,1.221088611810341,1
0.25937095571358537,0.4634783283510722,1.4993481024005213,-0.6423667546329914,1.5006346028676725,-0.06958147112024875,-1.0302847344623325,-1.5984001308889053,0
-0.29105996677673246,-0.7446191997705349,-0.72174992616933,0.8663935196969574,-0.7593560657690515,-0.954004185664828,-1.0999956455866247,0.7388889101570191,0
-1.0658703735943138,-0.2204159619936295,-0.5910971009593387,0.332040922538434,-1.6598887459921137,-0.9131846757627707,1.0261871437042813,-1.138579743578628,1
-1.2376609162823755,-0.7064322089391051,1.5864499858738488,0.8035285082665432,1.2114250690268045,-0.4777765701408236,-0.22860925653297448,-0.5811829487385811,0
0.1366634252221128,0.21352711563625762,1.0638386850338832,-1.4281793975131734,-1.365483831303805,-0.13761398762367769,1.7581517105093487,-0.004305875356486897,1
0.21379387295960914,-0.6543590396235166,0.5412273841939189,1.337881105425067,-1.6148621119809603,-1.5390838275943188,-0.12404288984653637,1.6546793587478164,1
1.7073198155129548,0.8141043350760203,1.5864499858738488,1.6522061625771391,-1.0485655996099192,-0.7907261460565979,0.18965621021277795,0.22656972262576064,0
-1.4234751767408906,1.0223970123383666,-0.15558768359270173,-0.7366642717786134,0.1446402016856382,0.8556607533263884,1.2353198770771574,-1.1893989660960134,0
1.5776004261362564,-1.230635446716008,0.19281985030060858,1.023556048272994,-0.5013188170128274,0.7059892170188438,0.015378932402047775,1.4697931388277383,1
0.8343433843021978,1.716705936546186,0.27992173377393614,0.7092309911209213,0.36630978450977686,0.35222013120101225,-1.0651401900244786,-0.4088159340545526,0
-0.35066076730116236,-0.9424972431697636,-1.636319702639269,1.52647613971631,1.66861858360159,0.4066461444037556,-0.054331978722244295,0.5013966228685031,0
0.715141783253338,-0.2724891313092179,-1.636319702639269,1.2750160939946522,0.2502796122502669,1.304675362249021,-1.2394174678352088,-0.33689331168492237,0
0.40661999230335255,1.4841124469365659,0.14926890856394479,0.7720960025513358,1.4105813348453664,-1.117282225273058,-0.054331978722244295,1.7080645243451498,0
-0.7222892882181929,-0.7307330212863788,1.4122462189271936,-1.271016868937137,-0.4684147383123698,-0.885971669161399,1.7581517105093487,0.8458201420728704,0
0.26287688515619817,0.7238441749290045,-1.6798706443759324,0.04914837110156863,-0.2328908065617222,-0.46417006684013806,0.2245116657749232,1.0791148965122304,0
1.419833601218651,1.0883563601381088,0.27992173377393614,-0.8938268003546497,0.18793504208097775,0.8284477467250166,-0.6817301788408722,-1.15290555340342,1
0.9079679025970813,0.45653523910899296,0.23637079203727235,1.1807185768490305,-0.03892992159060121,0.8012347401236449,-0.6120192677165801,1.3935995902975347,0
1.2129837641044539,-1.4354565793573146,-0.41689333401268347,0.017715865386361333,-1.3152618164452106,0.5563176807112997,1.0261871437042813,0.05453297784311186,0
-0.18938801294094157,1.0154539230962873,-1.0266065183259765,0.929258531127372,-0.019880191816651915,-0.5730220932456248,-0.054331978722244295,-0.47599621937873443,0
-0.1718583657278751,1.633388865641247,0.41057455898392753,-0.4852042260569551,-1.2546490398917356,-0.32810503383327955,-0.7165856344030183,-0.530679882024226,0
-1.2727202107085107,0.6821856394765338,-0.72174992616933,1.0549885539882011,-0.9896846166722575,-1.5390838275943188,-0.8211520010894563,-1.2474050874929885,0
0.6450231944010697,-0.23430214047778808,-0.6346480426960024,1.2121510825642376,0.002633125188924474,-0.6954806229517971,0.7473434992071145,1.6515206235371878,0
0.9956161386624185,-0.5779850579606569,-1.1572593435359673,1.117853565418616,-1.1697911527168698,-0.5458090866442531,1.65358534382291,-0.19287869776546718,0
-0.455838650579566,0.29684418654119415,-1.3750140522192862,-1.6796394432348316,-0.2935035831151978,-1.6207228473984339,0.9564762325799891,1.0915889366335618,0
0.9780864914493496,-1.3347817853471813,0.8460839763505644,0.7720960025513358,0.5775886056390336,1.1005778127387331,-0.8211520010894563,-0.6880351417036744,0
-0.28404810789150686,1.43203927762098,0.14926890856394479,-1.522476914658795,-0.18093699808731525,-0.9131846757627707,0.9564762325799891,-1.0501944368940843,0
0.1612049313204073,-1.0431720371798971,1.542899044137185,-1.5853419260892097,0.646860350271577,0.20254859489346821,1.5490189771364726,1.6535953959945715,1
-1.1254711741187438,1.7514213827565774,-1.5056668774292776,-1.5539094203740023,1.0832723414565995,-0.7363001328538544,1.1656089659528655,0.9227532693565901,0
-1.1500126802170383,0.18228321404690456,-0.72174992616933,-0.3909067089113332,1.2685742583486526,0.20254859489346821,0.5033553102720915,-0.5389874403127705,0
0.18925236686131464,-0.862651716885863,1.1073896267705472,0.5206359568296774,1.4677305241672145,-1.6751488606011773,1.4444526104500337,-1.5286256742880764,1
-0.21743544848184887,0.7759173442445905,0.6283292676672464,1.5893411511467246,-1.0035389655987665,-0.6682676163504255,-0.3680310787815586,-1.5075109831571516,0
-1.7600444032317835,-0.8904240738541751,0.41057455898392753,0.3006084168232267,-0.3541163596686734,1.454346898556565,-1.0999956455866247,-0.010705207548172297,1
-1.5812420016584963,-1.508359016399136,-0.8088518096426576,0.4263384396840559,1.019195977671497,-1.6751488606011773,-0.3680310787815586,-0.27992881074614373,1
-0.11576349464605801,-0.8140500921913154,-1.3314631104826224,-0.7052317660634061,-0.5740541488769981,1.5768054282627375,-0.577163812154434,-1.4702836373503818,0
-0.35416669674377516,0.3732181682040539,-0.6346480426960024,-1.2081518575067223,-1.12130093147409,1.0053322896339323,-1.1348511011487707,0.5093315689606195,0
1.4128217423334228,-0.2412452297198649,-1.636319702639269,1.023556048272994,-1.1645957718694295,0.46107215760649906,1.2701753326393044,1.5725155466157537,0
0.1927582963039299,-0.2377736850988265,1.4122462189271936,-0.13944666318967516,0.33340570580931855,-1.3213797747833456,1.6187298882607646,-0.24689335214919014,0
1.2725845646288838,1.6229742317781293,0.5412273841939189,0.3634734282536413,0.4009456568260483,-1.5935098407970623,1.3747416993257415,-0.07838230913425831,0
-1.6618783788386078,0.18922630328898385,-1.3314631104826224,0.1748783939623975,-0.6710345913625585,1.6720509513675386,1.1656089659528655,1.517411283839446,1
1.5179996256118267,-1.6715216135879731,-1.3750140522192862,0.017715865386361333,0.6659100800455262,-0.681874119651111,-0.19375380097082845,0.33309729132881466,1
-0.4348030739238868,-1.1924484558845783,1.7171028110838402,0.6149334739752994,-0.9204128720397144,1.644837944766167,-1.4485502012080842,-1.5878766591594817,1
0.5047860166965281,1.6750474010937153,0.45412550072059127,1.3064485997098596,-0.41992451706958933,-0.9267911790634563,1.5838744326986178,1.0811473266745657,1
0.02096775361586826,-1.6333346227565433,-1.2008102852726312,1.5579086454315174,0.03207361665775535,0.6787762104174726,0.6427771325206757,-0.4086804387103968,1
1.405809883448195,-0.057253364804792345,-0.5039952174860111,-0.45377172034174784,1.6772775516806582,-1.5799033374963765,1.0261871437042813,-1.5245946877994454,0
-0.7748782298573947,1.091827904759147,-0.6781989844326662,-0.6109342489177844,-0.10820166622314453,-0.9676106889655142,-1.5879720234566683,1.1251550853284584,0
0.45219707505732626,-1.3903264992838067,0.8025330346139006,0.583500968260092,-0.6121536084248967,0.9645127797318751,1.7581517105093487,-0.29083054031133515,0
-1.5882538605437242,-0.810578547570277,-0.72174992616933,1.4321786225706887,0.336869293040946,0.32500712459964054,-0.6817301788408722,0.611142205995254,0
1.065734727514687,-0.29331839903545087,1.542899044137185,0.14344588824719018,-0.9758302677457491,-0.12400748432299215,0.7821989547692598,-1.2961354234546403,0
-0.9326450547750003,0.5190230422876966,-1.2879121687459587,0.4577709453992632,1.1196400073886847,0.17533558829209653,-0.9954292789001865,-0.8234006361545261,0
1.5811063555788694,0.27601491881496126,-0.72174992616933,-0.7995292832090279,1.0953948967672944,0.4066461444037556,-1.1348511011487707,0.8084516552826049,0
0.8413552431874234,-0.3037330328985685,1.150940568507211,-0.7680967774938207,0.019951061347060536,-0.804332649357284,-0.507452901030142,1.0496615960763922,0
1.6547308738737527,-0.2412452297198649,1.2815933937172024,-1.6482069375196242,1.2720378455802799,0.025664051984551888,-1.4834056567702303,-1.3882101554477562,0
1.2655727057436559,-0.6161720487920868,0.9767368015605558,-0.7680967774938207,-1.1594003910219886,0.4882851642078707,0.8519098658935519,-0.9692105633840438,1
0.9009560437118532,-0.6960175750759874,0.27992173377393614,1.0864210597034085,0.7230592693673744,0.7332022236202154,1.3747416993257415,-1.410414454971266,0
-0.03162118802333357,1.2202750557375952,-1.113708401799304,0.14344588824719018,0.29876983349304703,-0.4233505569380802,-1.4485502012080842,0.20334073956207366,0
1.3391972240385392,-1.3243671514840636,-1.2008102852726312,0.04914837110156863,0.21737553354980862,-0.06958147112024875,0.9564762325799891,1.3322230222146871,0
-0.4979098038909295,-0.7203183874232612,0.49767644245725506,-1.2395843632219297,1.656496028290895,-1.5390838275943188,-0.577163812154434,-0.0761155849393206,0
1.640707156103299,-1.546546007230566,0.9767368015605558,1.117853565418616,-0.9082903167290194,1.3454948721510782,0.39878894358565414,0.5902392263395726,0
0.673070629941977,-0.6578305842445575,0.9767368015605558,-0.5166367317721624,-0.567126974413744,-1.2533472582799163,-1.6228274790188144,0.9863711562573462,0
1.6301893677754584,-0.9216679754435282,0.19281985030060858,1.52647613971631,1.4400218263141973,-0.015155457917505355,-1.4485502012080842,-0.37974653709382195,0
-1.3077795051346437,-0.05378182018375394,-0.41689333401268347,0.3949059339688486,-1.3256525781400925,0.8556607533263884,-0.542308356592288,1.3350514875239368,0
-1.3112854345772589,-1.1993915451266561,0.7589820928772378,0.14344588824719018,-0.2363543937933499,-0.6410546097490538,-1.5182611123323762,-0.03743448700254776,0
-1.4795700478227054,-1.5048874717780965,-0.8088518096426576,0.2691759111080194,0.7178638885199338,1.0869713094380475,-1.0302847344623325,-0.661184481003493,0
1.2655727057436559,1.2202750557375952,-0.5910971009593387,-0.8938268003546497,0.7057413332092386,-1.2397407549792305,0.6776325880828225,-0.0964060127266321,0
-0.5890639693988795,-1.4389281239783531,-0.2862405088026931,-0.7052317660634061,0.06670948897402716,0.5971371906133576,-0.7165856344030183,-0.3002559351891638,1
-1.3112854345772589,-1.1993915451266561,0.7589820928772378,0.14344588824719018,-0.2363543937933499,-0.6410546097490538,-1.5182611123323762,-0.03743448700254776,0
1.2129837641044539,-1.3104809729999074,0.14926890856394479,-0.9881243175002716,-0.006025842890143249,1.6176249381647954,0.921620777017844,0.3019757044680598,1
-1.0693763030369265,-0.43218018387701423,0.8460839763505644,-1.1767193517915153,0.6226152396501866,0.24336810479552545,1.2353198770771574,1.4593120093933638,1
0.7011180654828842,1.5709010624625435,0.062167025090617216,-1.050989328930686,0.5256347971646264,-0.3417115371339651,0.7473434992071145,0.54090480696856,1
-0.704759641005124,-0.2724891313092179,-1.4621159356926139,0.4263384396840559,0.33340570580931855,1.1686103292421626,1.0261871437042813,1.458648646770935,1
1.2305134113175205,-0.2586029528250594,1.2815933937172024,-0.04514914604405327,-0.5567362127188621,-0.681874119651111,1.4444526104500337,-0.4918491746449475,0
0.8764145376135587,0.1440962232154747,-1.2879121687459587,-0.3909067089113332,-0.07702938113850012,-1.2669537615806021,-0.8211520010894563,-0.6977428185484941,1
1.402303954005582,1.688933579577874,0.5412273841939189,-0.4852042260569551,-0.7905283508536959,-0.6954806229517971,-1.0302847344623325,1.035685815890669,0
0.5188097344669843,-0.6231151380341661,-1.0266065183259765,-0.2651766860505044,-0.6467894807411683,1.3318883688503926,1.6187298882607646,0.11558492166391938,1
0.5889283233192526,0.27601491881496126,1.0638386850338832,0.9921235425577866,-1.046833805994106,-1.6751488606011773,-0.2634647120951205,-1.5479845715843172,0
0.8764145376135587,0.1440962232154747,-1.2879121687459587,-0.3909067089113332,-0.07702938113850012,-1.2669537615806021,-0.8211520010894563,-0.6977428185484941,1
-0.613605475497174,1.5084132592838397,-1.0266065183259765,-0.4223392146265405,-0.39394761283238583,-0.8451521592593412,-1.2394174678352088,0.45013421766294204,0
-1.2271431279545346,0.5294376761508143,-1.5492178191659414,-0.7680967774938207,-0.08742014283338169,0.33861362790032673,-0.9954292789001865,-1.4138978144439347,0
0.17522864909086097,0.2412994726045698,-0.8959536931159852,1.5893411511467246,0.894506837332919,-1.0900692186716865,-0.9257183677758944,-1.6149616138922658,0
0.8062959487612904,0.5815108454664002,-1.3314631104826224,1.0549885539882011,-1.1143737570108352,0.4882851642078707,1.3398862437635963,-0.3155866688164435,0
-1.703949532149969,-1.546546007230566,-0.5039952174860111,-1.050989328930686,-0.4493650085384199,0.16172908499141037,-0.22860925653297448,0.341458483191087,0
-1.433992965068729,-1.1577330096741867,-0.8088518096426576,-1.0195568232154788,-1.1715229463326837,-0.804332649357284,-0.40288653434370386,1.6319133181099945,1
-0.7889019476278485,1.6403319548833264,1.3251443354538661,-0.7680967774938207,1.5335386815681304,-1.3213797747833456,-0.8560074566516024,0.32675441553052714,0
1.104299951383435,-1.431985034736275,1.3686952771905299,0.5520684625448847,1.5439294432630122,0.6787762104174726,-0.9605738233380404,-0.9582326176877649,1
-0.07719827077730983,0.1614539463206692,0.5412273841939189,-0.8309617889242351,-1.575030858817248,-1.375805787986089,-0.01947652316009826,1.599498879840421,1
-0.12628128297389887,-0.6786598519707904,-0.6346480426960024,0.1748783939623975,-1.0052707592145798,-0.6682676163504255,0.5033553102720915,0.8094001226916948,0
-1.0693763030369265,-0.43218018387701423,0.8460839763505644,-1.1767193517915153,0.6226152396501866,0.24336810479552545,1.2353198770771574,1.4593120093933638,1
-1.153518609659651,-0.7897492798440416,-0.06848580011937415,1.4321786225706887,1.1854481647896007,0.8284477467250166,-0.9257183677758944,0.8908977493816586,1
-0.16134057740003424,0.28990109729911734,1.4993481024005213,0.7720960025513358,1.1369579435468204,-1.3894122912867748,-0.7862965455273103,0.5921502752561012,0
0.5012800872539154,-0.27596067593025636,1.3686952771905299,0.7406634968361285,-0.9740984741299353,-0.8723651658607129,-1.0651401900244786,-1.1037179206552428,0
1.6862842388572754,1.3556652959581204,-1.5492178191659414,-0.4852042260569551,0.9828283117394117,1.032545296235304,-0.8560074566516024,0.4358140534774901,0
0.39960813341812446,0.9668522984017398,-0.5475461592226748,0.929258531127372,0.7299864438306289,0.9236932698298173,1.3747416993257415,1.2676736048228612,1
1.0867703041703685,0.6752425502344569,-0.8088518096426576,-0.6423667546329914,1.3759454625290948,0.06648356188660974,-1.5879720234566683,0.40348429979801415,0
-0.19289394238355437,0.6717710056134185,0.715431151140574,-0.9566918117850643,-1.4797822099475013,-0.12400748432299215,-1.3439838345216462,1.5685099655041521,0
0.9149797614823069,1.379966108305394,1.5864499858738488,0.8349610139817505,-1.098787614468513,-1.47105131109089,-0.4377419899058499,-0.264471050233718,1
-0.0842101296625379,1.1994457880113598,1.2380424519805384,0.2063108996776048,1.0988584839989215,0.7876282368229588,0.3290780324613621,-0.7159810564357808,1
-0.8940798309062521,-0.6508874950024782,-0.6346480426960024,-1.5539094203740023,0.7022777459776116,-1.3349862780840314,0.8519098658935519,-0.23118153786647255,0
0.27339467348403906,0.8175758796970587,1.0638386850338832,0.6149334739752994,-0.9844892358248165,1.454346898556565,-0.3680310787815586,-0.9569397662789463,0
1.3777624479072874,-0.7029606643180643,-0.9395046348526489,1.337881105425067,-0.41646092983796223,-0.6682676163504255,-0.054331978722244295,-0.510414859613944,0
0.8062959487612904,0.5815108454664002,-1.3314631104826224,1.0549885539882011,-1.1143737570108352,0.4882851642078707,1.3398862437635963,-0.3155866688164435,0
-0.5434868866449032,1.5778441517046227,-1.3314631104826224,0.08058087681677559,1.57683352196347,-0.5866285965463104,-1.5879720234566683,-1.139053977283173,0
-1.3814040234295273,-0.3453915683510368,-0.3733423922760197,1.5893411511467246,0.253743199481894,-1.6207228473984339,0.08508984352633907,1.6678393440489359,0
0.3575369801067635,0.7169010856869252,0.23637079203727235,1.2121510825642376,-1.4971001461056368,-0.042368464518877054,0.050234387964193813,-0.3626825921892176,0
0.1962642257465427,-0.32803384524584234,0.5412273841939189,1.2121510825642376,1.2270112115691267,0.7059892170188438,-0.3331756232194126,-1.3263734677587136,0
-1.598771648871565,-1.4840582040518622,-0.9395046348526489,-0.8623942946394424,-1.673743094918622,1.3999208853538216,1.3050307882014496,0.9493244709094508,0
1.360232800694221,0.7169010856869252,-1.6798706443759324,-0.4852042260569551,0.6693736672771536,-1.457444807790204,0.15480075465063114,-1.4351818747550542,1
-0.10173977687560434,-0.2724891313092179,-0.9830555765893128,-0.10801415747446787,0.6122244779553054,1.3863143820531356,-0.22860925653297448,-0.7481414409350625,1
-0.0842101296625379,1.4493970007261745,0.8025330346139006,1.337881105425067,0.8044535693106128,0.7468087269209016,0.8519098658935519,0.5046202829315399,0
-0.4312971444812715,0.20658402639417833,0.49767644245725506,1.5579086454315174,-0.26406309164636727,1.0189387929346185,-1.274272923397354,-1.6030747202622757,0
-0.7328070765460313,1.3174783051266903,0.7589820928772378,-0.29660919176571166,-1.4867093844107555,-1.6207228473984339,-1.6576829345809605,0.7228101293172134,0
-0.04564490579378972,-0.810578547570277,1.4122462189271936,0.6463659796905067,0.1359812336065705,0.9372997731305034,-0.6468747232787261,0.2886886922817947,1
-0.7748782298573947,-0.27596067593025636,-1.636319702639269,-1.3024493746523442,1.1282989754677524,1.032545296235304,1.4793080660121805,1.0954674908600177,0
0.38909034509028356,1.3174783051266903,1.4557971606638573,-0.04514914604405327,0.852943790553393,0.7876282368229588,0.6427771325206757,-0.6091091037329982,1
-0.9151154075619339,0.5433238546349703,-1.636319702639269,1.4950436340011026,1.1490804988575156,-0.7635131394552261,-0.29832016765726654,-1.4540721839860904,0
-0.8379849598244374,-0.9424972431697636,1.542899044137185,0.08058087681677559,1.5387340624155714,-1.457444807790204,-1.2045620122730627,1.4511455920883147,1
-1.6759020966090614,-0.13709889108869297,1.2815933937172024,1.149286071133823,-0.06837041305943209,-0.4233505569380802,1.4095971548878885,0.6206381713648302,0
1.219995622989682,-0.14057043570973138,1.1073896267705472,-1.2395843632219297,-1.443414544015416,1.6584444480668525,0.29422257689921527,-0.45440729454326484,0
0.4136318511885781,-1.6437492566196599,-1.6798706443759324,1.4636111282858955,-0.6381305126621003,1.1005778127387331,-0.6817301788408722,1.19610383491197,0
-0.571534322185813,-1.4076842223890014,0.27992173377393614,-0.45377172034174784,0.9187519479543093,0.5018916675085563,-0.8908629122137484,-0.4070770771378882,0
1.5881182144640973,-1.5430744626095263,-1.2879121687459587,-0.17087916890488247,-0.6294715445830328,-0.5049895767421952,0.15480075465063114,1.628088397457267,0
0.2874183912544927,0.5502669438770497,-1.5927687609026053,-1.522476914658795,0.539489146091135,-1.0628562120703149,0.9564762325799891,1.1182645825142088,1
0.027979612501093844,1.7479498381355367,1.2815933937172024,-1.7110719489500388,0.8356258543952573,-1.6207228473984339,-1.274272923397354,-0.5785040928718368,0
1.5740944966936437,-0.008651740110244789,-0.6346480426960024,0.3006084168232267,0.7299864438306289,-0.09679447772162045,1.2701753326393044,-0.7740690396031836,0
0.4486911456147135,-0.5050826209188356,-1.2879121687459587,0.9606910368425793,-1.2667715952024308,0.4066461444037556,0.6776325880828225,0.45514189975736236,0
0.4486911456147135,-0.012123284731285662,1.1073896267705472,-0.7366642717786134,1.5958832517374197,0.025664051984551888,0.43364439914779945,0.24811630516618166,0
-0.15783464795741897,-0.019066373973362475,1.7171028110838402,-1.050989328930686,0.9118247734910547,1.0461517995359897,-1.4136947456459381,1.417545569557379,0
-1.4269811061835036,0.3558604450988594,-0.15558768359270173,-0.6737992603481988,-0.7628196530006786,0.18894209159278208,-0.577163812154434,-1.3556037654406285,0
-0.8344790303818247,-1.5257167395043305,-1.1572593435359673,-1.3024493746523442,1.0174641840556835,-1.14449523187443,-1.6925383901431064,0.5655367314081925,0
-0.9852339964142046,0.7932750673497849,0.018616083353953428,-0.17087916890488247,0.7905992203841041,-1.1717082384758015,-0.19375380097082845,1.070522233437025,0
-1.433992965068729,-1.1577330096741867,-0.8088518096426576,-1.0195568232154788,-1.1715229463326837,-0.804332649357284,-0.40288653434370386,1.6319133181099945,1
1.0762525158425278,-0.758505378254691,-0.3733423922760197,0.9606910368425793,-0.2657948852621805,1.563198924962052,-0.9954292789001865,0.3936213678713494,0
0.24534723794313174,0.4981937745614637,0.14926890856394479,-0.3909067089113332,0.9897554862026661,1.6720509513675386,-0.2634647120951205,0.4976761465435619,1
0.08758041302552375,-1.5396029179884878,-1.113708401799304,-1.3024493746523442,-0.7403063359951022,-0.0015489546168192053,1.4444526104500337,0.39536022478801375,0
-1.1920838335283992,0.24824256184664661,0.6283292676672464,1.4950436340011026,0.8252350927003756,1.0461517995359897,-1.5531165678945222,-0.5811716574599014,0
-0.9641984197585228,-1.6611069797248554,1.2815933937172024,-1.3024493746523442,1.6668867899857764,-0.13761398762367769,0.991331688142136,1.555189079481848,0
-1.689925814379515,0.5329092207718527,-1.2879121687459587,-1.0824218346458934,1.147348705241702,0.43385915100512734,0.29422257689921527,-1.336270273521417,0
1.3462090829237674,0.6752425502344569,-1.5492178191659414,-1.1767193517915153,-0.8823134124918153,1.5904119315634235,-0.8560074566516024,-0.6981295448432717,0
0.5293275227948226,-1.2479931698212037,1.6735518693471763,0.08058087681677559,-1.6027395566702651,-0.5866285965463104,0.25936712133707,0.2295223920004865,1
1.5776004261362564,-1.230635446716008,0.19281985030060858,1.023556048272994,-0.5013188170128274,0.7059892170188438,0.015378932402047775,1.4697931388277383,1
0.031485541943709124,-0.4773102639505234,-0.15558768359270173,-0.35947420319612594,-1.4278284014730938,-1.185314741776487,-0.2634647120951205,0.14981725580091493,0
-0.41727342671081785,0.2378279279835314,-0.5039952174860111,-0.4223392146265405,0.6832280162036622,0.24336810479552545,-0.6120192677165801,-1.1177021692999756,0
0.21379387295960914,-1.6333346227565433,1.4993481024005213,0.9921235425577866,1.7569400580080827,-0.8451521592593412,-1.6576829345809605,-0.33117145621401517,0
0.21379387295960914,0.741201898034199,-0.6781989844326662,0.7720960025513358,-0.5809813233402523,1.032545296235304,0.921620777017844,1.510309069549953,0
1.461904754530012,1.1091856278643442,-1.0266065183259765,0.8663935196969574,0.9984144542817338,-0.314498530532594,-1.4485502012080842,-1.1977149928435675,0
-0.6100995460545612,1.2376327788427899,1.150940568507211,1.023556048272994,-1.12130093147409,-0.7226936295531688,-0.8211520010894563,-1.5774999740528937,0
0.7326714304664069,0.5016653191825021,-0.19913862532936552,0.929258531127372,1.0901995159198539,-0.8723651658607129,0.3290780324613621,-0.846700189709961,0
-0.41376749726820505,0.26560028495184357,-1.723421586112596,-1.6796394432348316,-1.2511854526601085,1.304675362249021,-0.8211520010894563,0.3098767767241371,1
-1.3393328701181664,0.2725433741939204,1.7171028110838402,-0.35947420319612594,0.1359812336065705,0.025664051984551888,-1.5531165678945222,-1.3016822641060128,1
0.18224050797608904,-0.08502572177310452,-0.41689333401268347,-0.35947420319612594,1.6807411389122853,-0.042368464518877054,0.991331688142136,0.3589881933412266,1
1.0797584452851405,-1.6472208012406995,1.7171028110838402,1.4321786225706887,1.1733256094789057,1.223036342444906,-1.6228274790188144,0.4061377502877292,0
0.6870943477124306,0.34544581123574175,1.1073896267705472,1.620773656861932,1.5802971091950975,0.311400621298955,1.5838744326986178,0.21042319411387722,0
-1.5146293422488408,0.6092832024347149,-0.9830555765893128,1.337881105425067,1.2599152902695847,1.3318883688503926,0.5730662213963835,1.0261616223243937,0
0.11913377800904634,-0.18222897116219963,-0.9395046348526489,-0.6109342489177844,-0.7489653040741696,0.6923827137181582,-0.08918743428439033,-0.8460227129891827,0
0.6590469121715233,-0.7133752981811818,-0.15558768359270173,1.0549885539882011,1.349968558291891,0.2977941179982689,0.6079216769585304,0.617115292416783,0
-0.6311351227102404,0.4148767036565247,-0.3297914505393559,0.9921235425577866,1.2599152902695847,0.5427111774106141,-0.8908629122137484,-0.5274110568464705,0
-0.6100995460545612,1.2376327788427899,1.150940568507211,1.023556048272994,-1.12130093147409,-0.7226936295531688,-0.8211520010894563,-1.5774999740528937,0
1.609153791119779,1.4598116345892922,0.6718802094039102,-0.17087916890488247,0.5204394163171854,0.8692672566270739,-0.15889834540868242,1.363999503238861,1
-0.3752022733994569,-0.8487655384017069,1.2815933937172024,0.3949059339688486,-1.2321357228861594,-0.7226936295531688,0.7473434992071145,-0.25258133378405817,0
-0.15082278907219338,-0.20652978350947343,0.105717966827281,-0.10801415747446787,0.42519076744743856,0.7332022236202154,0.991331688142136,1.1378549510233822,0
-0.6451588404806942,-1.6333346227565433,0.105717966827281,0.017715865386361333,-1.670279507686995,-0.1920400008264211,0.7821989547692598,1.1351281072222494,0
1.3882802362351283,-1.5430744626095263,0.062167025090617216,-0.6109342489177844,-0.4961234361653871,-0.6138416031476821,-0.3331756232194126,-1.5879246470938702,0
-0.5504987455301313,0.08160842003677105,0.45412550072059127,-1.4596119032283805,-1.6339118417549097,1.3863143820531356,-0.472597445467996,-0.50928573174598,0
-0.9571865608732948,-0.38010701456142826,1.150940568507211,1.52647613971631,-0.8078462870118314,1.5495924216613657,-0.12404288984653637,1.7238977198736734,0
-1.4585344711670236,0.17881166942586615,-1.2879121687459587,-1.2081518575067223,-1.0087343464462069,-1.4846578143915758,0.6427771325206757,0.8866296460407553,0
1.370750589022062,1.6924051241989122,0.933185859823892,-0.7995292832090279,-1.038174837915038,1.454346898556565,-0.8211520010894563,1.651543206094547,1
-0.2419769545801434,0.47042141759314904,0.19281985030060858,-1.6482069375196242,-0.4649511510807421,-1.1308887285737441,0.11994529908848588,-1.2737335265542364,1
-0.8940798309062521,-1.3521395084523757,0.6283292676672464,1.0549885539882011,-0.4043383745272671,0.46107215760649906,-1.0302847344623325,0.8696221575295492,1
0.5328334522374379,1.7687791058617721,0.715431151140574,1.1807185768490305,-0.1376421576919754,0.18894209159278208,1.4444526104500337,0.7777365544543172,0
1.3777624479072874,-1.1993915451266561,-0.5475461592226748,0.08058087681677559,-1.4538053057102973,-0.2464660140291645,-0.9954292789001865,-0.21510275702666667,0
-0.2419769545801434,0.47042141759314904,0.19281985030060858,-1.6482069375196242,-0.4649511510807421,-1.1308887285737441,0.11994529908848588,-1.2737335265542364,1
0.1997701551891555,1.192502698769283,0.45412550072059127,0.23774340539281208,0.4719491950744052,-0.4233505569380802,0.8867653214556986,0.7847371472356931,0
1.6126597205623918,-1.3070094283788678,1.3251443354538661,-1.6796394432348316,-0.24847694910404441,-0.9267911790634563,-1.5182611123323762,0.764878610857878,0
-0.655676628808535,-1.6645785243458953,1.760653752820504,1.6836386682923465,-0.7836011763904417,-0.1648269942250494,0.3290780324613621,-0.574862655497653,0
-1.3358269406755534,-0.5779850579606569,0.715431151140574,-1.5539094203740023,0.977632930891971,-1.5662968341956907,-1.274272923397354,1.3646289920252512,0
-1.4094514589704346,-1.0570582156640531,1.4557971606638573,-1.5853419260892097,1.3984587795346712,1.3318883688503926,0.5033553102720915,-1.1835557293793,1
1.71082574495557,-0.5397980671292271,1.3686952771905299,-1.3024493746523442,-1.4590006865577383,-1.1308887285737441,-0.8560074566516024,-1.5930904070898053,0
0.7361773599090197,0.6509417378871831,-1.723421586112596,-1.7425044546652462,-1.6321800481390965,-0.4777765701408236,1.3050307882014496,0.9315971633824173,0
1.0096398564328721,1.310535215884611,-1.244361227009295,-0.5795017432025771,1.313600892359806,1.644837944766167,0.11994529908848588,0.5525150642708986,1
-0.6030876871693331,0.5433238546349703,0.14926890856394479,0.08058087681677559,-0.8840452061076292,-0.7499066361545406,1.2353198770771574,-0.6395306313156154,0
1.451386966202171,-0.16139970343596674,-0.19913862532936552,1.52647613971631,-1.575030858817248,-0.8315456559586557,-0.6817301788408722,-0.16008600166012596,0
-0.2980718256619605,-0.9945704124853495,-0.72174992616933,-0.4223392146265405,-1.6425708098339777,-0.1648269942250494,0.991331688142136,-1.3845094388605046,1
-0.5014157333335423,1.47022626845241,0.19281985030060858,1.4321786225706887,-1.1697911527168698,1.563198924962052,-1.0302847344623325,-1.527414684649685,0
1.4478810367595583,0.022592161479105803,-0.72174992616933,-0.8623942946394424,-1.5906170013595702,-1.6751488606011773,-1.0999956455866247,-1.310562854787549,0
0.9921102092198033,-0.5432696117502654,-0.2862405088026931,0.8663935196969574,-1.1143737570108352,0.7332022236202154,0.921620777017844,1.1398083422349599,0
0.22080573184483723,-0.13015580184661368,-0.11203674185603793,-0.6737992603481988,-0.22250004486684094,0.9781192830325607,0.29422257689921527,0.9968579313310607,0
0.431161498401647,1.7479498381355367,-0.41689333401268347,-1.271016868937137,-0.06144323859617791,0.4202526477044412,0.18965621021277795,0.9680284740422723,0
-0.0842101296625379,1.1994457880113598,1.2380424519805384,0.2063108996776048,1.0988584839989215,0.7876282368229588,0.3290780324613621,-0.7159810564357808,1
-1.5567004955602017,-0.4530094516032496,-0.72174992616933,0.2063108996776048,-0.9619759188192402,-0.9948236955668859,0.7821989547692598,-1.3193390011412984,0
1.65122494443114,0.9390799414334277,1.3251443354538661,-1.3967468917979662,-1.187109088875006,1.1277908193401047,-0.01947652316009826,-0.8063846791843102,0
-0.8414908892670503,0.5016653191825021,1.542899044137185,0.48920345111447017,0.6416649694241363,1.6992639579689104,0.08508984352633907,1.5056090747995534,1
1.0762525158425278,-0.758505378254691,-0.3733423922760197,0.9606910368425793,-0.2657948852621805,1.563198924962052,-0.9954292789001865,0.3936213678713494,0
1.104299951383435,-1.431985034736275,1.3686952771905299,0.5520684625448847,1.5439294432630122,0.6787762104174726,-0.9605738233380404,-0.9582326176877649,1
0.031485541943709124,-0.4773102639505234,-0.15558768359270173,-0.35947420319612594,-1.4278284014730938,-1.185314741776487,-0.2634647120951205,0.14981725580091493,0
-1.5356649189045224,-1.3833834100417275,-1.3750140522192862,-0.45377172034174784,1.7136452176127432,1.032545296235304,0.8867653214556986,0.8440699938775261,0
0.052521118599388364,-0.11974116798349599,-0.02493485838271036,-0.29660919176571166,-0.4303152787644706,-1.198921245077173,0.3290780324613621,0.6491204218342195,1
-0.5995817577267204,-0.6022858703079307,1.2815933937172024,0.5520684625448847,-0.8182370487067132,0.6515632038161009,0.08508984352633907,1.3931366478716696,1
-0.0842101296625379,1.1994457880113598,1.2380424519805384,0.2063108996776048,1.0988584839989215,0.7876282368229588,0.3290780324613621,-0.7159810564357808,1
1.6862842388572754,-0.13015580184661368,0.5412273841939189,-0.3280416974809186,0.16368993145958782,0.09369656848798143,1.7581517105093487,0.7131222122100833,0
-0.010585611367654334,0.7134295410658869,-0.2426895670660293,1.4636111282858955,1.3187962732072465,0.311400621298955,-0.6120192677165801,0.6301905931278049,0
-0.13329314185912694,-0.026009463215441755,-1.4185649939559501,-1.5853419260892097,-0.8372867784806625,1.2366428457455916,0.7124880436449678,-1.0677015644868646,1
0.3435132623363098,0.7550880765183551,-0.41689333401268347,-1.6167744318044168,-0.4528285957700476,1.3182818655497066,-0.29832016765726654,0.07011211960134335,0
-1.2201312690693065,-0.3453915683510368,0.23637079203727235,0.1748783939623975,-0.4874644680863191,0.7059892170188438,0.6079216769585304,0.12426791496856181,0
-0.5154394511039959,-0.15792815881492586,-0.19913862532936552,-0.13944666318967516,-1.199231644185701,-0.21925300742779277,0.6079216769585304,1.213774686045605,0
1.160394822465252,-0.9355541539276843,-1.244361227009295,-1.1138543403611005,0.9966826606659203,-1.3349862780840314,0.25936712133707,-1.5692686318954367,0
1.5425411317101212,0.3662750789619771,0.49767644245725506,0.14344588824719018,0.3074288015721151,0.32500712459964054,-0.6817301788408722,0.5024580030643891,1
-0.911609478119321,-0.8487655384017069,-0.06848580011937415,-0.35947420319612594,1.4937074284044183,-1.4302318011888324,0.39878894358565414,-1.204227237822049,0
1.6652486622015936,1.4181530991368239,-0.9830555765893128,0.48920345111447017,-1.4936365588740097,1.1005778127387331,0.5382107658342383,1.4220677266685746,1
-1.304273575692031,0.8627059597705679,-0.41689333401268347,0.8035285082665432,0.5550752886334572,-0.32810503383327955,0.25936712133707,1.2575650875849145,0
-0.5294631688744496,0.5641531223612057,-0.5039952174860111,-1.5539094203740023,1.1456169116258885,0.610743693914043,0.7821989547692598,-0.3321340377214546,1
1.1393592458095705,0.8731205936336855,1.542899044137185,-1.271016868937137,-0.17747341085568816,1.563198924962052,0.050234387964193813,-1.0534604392521698,0
1.56007077892319,-1.6090338104092696,0.715431151140574,-0.7680967774938207,-0.44763321492260666,0.7876282368229588,-1.2394174678352088,0.7488986287065194,1
-0.12978721241651164,-1.4076842223890014,-0.06848580011937415,-1.7739369603804533,0.8494802033217659,1.0053322896339323,0.015378932402047775,1.314687666425208,1
1.605647861677164,1.5952018748098171,1.6300009276105125,-1.4596119032283805,1.2114250690268045,1.6312314414654807,0.25936712133707,-1.1669914235562697,0
-0.7783841593000076,-0.8591801722648246,-1.3750140522192862,0.23774340539281208,-0.11512884068639902,-0.9131846757627707,-0.2634647120951205,1.060966988854381,1
0.45570300449994156,0.4773645068352283,0.7589820928772378,0.48920345111447017,-1.7014517927716395,-1.3894122912867748,-0.3331756232194126,-0.24814386126295998,1
-0.8414908892670503,0.5016653191825021,1.542899044137185,0.48920345111447017,0.6416649694241363,1.6992639579689104,0.08508984352633907,1.5056090747995534,1
-0.19639987182616964,0.9043644952230362,-0.15558768359270173,0.677798485405714,1.6114693942797418,0.27058111139689717,0.08508984352633907,1.0810852246418272,0
0.21379387295960914,-0.6543590396235166,0.5412273841939189,1.337881105425067,-1.6148621119809603,-1.5390838275943188,-0.12404288984653637,1.6546793587478164,1
0.4837504400408489,-1.1959200005056165,-0.2426895670660293,1.4636111282858955,-0.461487563849115,1.2910688589483348,1.65358534382291,-1.2040381089041652,0
-0.6206173343823996,-1.1056598403586007,-0.8524027513793213,-0.2651766860505044,1.168130228631465,1.4271338919551935,-1.4136947456459381,1.4306039333503815,1
0.33650140345108176,0.9356083968123892,0.062167025090617216,-1.6796394432348316,0.41999538659999763,1.522379415059994,-0.9954292789001865,-1.62921403040564,0
1.1288414574817296,-0.27943222055129474,0.49767644245725506,0.332040922538434,1.6894001069913531,1.53598591836068,-1.378839290083792,-1.4838670456019876,0
-0.3787082028420697,1.3313644836108465,1.1944915102438747,0.8349610139817505,0.5290983843962535,-1.212527748377859,0.3290780324613621,1.0924329597148648,0
-0.5189453805466087,-1.237578535958086,-1.4621159356926139,-0.3280416974809186,1.7171088048443701,-1.3621992846854032,-0.9954292789001865,1.7012925799570362,0
-0.2419769545801434,0.2551856510887259,-0.72174992616933,-0.7366642717786134,-0.1757416172398743,-0.43695706023876635,0.18965621021277795,-0.9704469583994643,0
0.04550925971416278,-1.2618793483053599,-0.46044427574934726,-1.3338818803675516,-0.9844892358248165,-1.5118708209929475,0.7473434992071145,-0.992603269988586,1
0.40311406286073725,1.070998637032914,0.715431151140574,1.243583588279445,-0.2813810278045027,-0.5185960800428815,1.4793080660121805,-0.5158770156752192,0
-0.7994197359556893,0.27601491881496126,-1.4621159356926139,0.9921235425577866,1.2114250690268045,0.052877058585923585,1.7930071660714941,1.1390377124650746,0
-1.4374988945113443,0.019120616858067395,0.9767368015605558,0.6149334739752994,-0.32813945543146933,-1.3621992846854032,0.5382107658342383,-0.4899183659907292,1
-0.9291391253323875,1.6819904903357945,1.0638386850338832,-0.6737992603481988,0.0528551400475185,-0.2464660140291645,-0.12404288984653637,-1.3794368319136767,1
-1.6373368727403133,0.6613563717503008,-0.2426895670660293,-1.145286846076308,-0.5065141978602684,0.6651697071167865,1.061042599266428,-0.8487382655116359,0
1.065734727514687,-0.022537918594400883,0.018616083353953428,1.0549885539882011,-0.6398623062779141,-1.4846578143915758,-1.5879720234566683,-0.4235849265675203,0
-0.995751784742043,0.32808808813054724,0.5847783259305827,0.1748783939623975,1.4088495412295527,0.20254859489346821,0.36393348802350733,0.7893326976583064,0
0.9956161386624185,-0.5432696117502654,0.5412273841939189,1.149286071133823,-1.6945246183083853,-0.8587586625600273,-0.3680310787815586,0.05480961417076289,1
-0.41376749726820505,0.26560028495184357,-1.723421586112596,-1.6796394432348316,-1.2511854526601085,1.304675362249021,-0.8211520010894563,0.3098767767241371,1
0.46972672227039525,-1.5500175518516044,1.7171028110838402,0.08058087681677559,-0.7818693827746278,-0.5049895767421952,1.1307535103907203,-0.2543060766023732,0
1.5530589200379619,-1.6749931582090116,0.5412273841939189,0.8035285082665432,1.3655547008342133,0.4202526477044412,-0.8560074566516024,0.5650427379659583,0
1.360232800694221,-0.5502127009923448,1.1944915102438747,0.6149334739752994,1.2685742583486526,1.1958233358435342,-0.6817301788408722,1.4296695800396415,0
1.3847743067925156,0.09202305389988873,-1.113708401799304,0.5206359568296774,1.1750574030947194,1.0869713094380475,-0.9605738233380404,-1.6118423981570156,0
-0.9712102786437484,1.0814132708960318,0.7589820928772378,1.3064485997098596,1.1144446265412438,0.9372997731305034,1.3747416993257415,-0.4917221477598016,0
0.7046239949254971,-0.7203183874232612,1.1073896267705472,0.2691759111080194,1.5837606964267246,1.3454948721510782,1.2701753326393044,1.3799032692591324,0
-1.35335658788862,0.8800636828757624,-0.46044427574934726,0.5206359568296774,-0.9394626018136638,-1.3621992846854032,0.6427771325206757,0.7310330030156603,1
-0.13329314185912694,-0.026009463215441755,-1.4185649939559501,-1.5853419260892097,-0.8372867784806625,1.2366428457455916,0.7124880436449678,-1.0677015644868646,1
1.6161656500050046,1.7132343919251476,-0.8959536931159852,0.929258531127372,-0.20518210870870487,0.9236932698298173,0.18965621021277795,1.179296766597327,1
-1.0658703735943138,-0.2204159619936295,-0.5910971009593387,0.332040922538434,-1.6598887459921137,-0.9131846757627707,1.0261871437042813,-1.138579743578628,1
1.111311810268663,1.5639579732204665,-0.19913862532936552,-0.23374418033529706,0.0303418230419418,-0.9812171922661997,-1.274272923397354,0.778924961535349,0
0.6485291238436824,1.1230718063485001,0.36702361724726373,1.620773656861932,0.7040095395934252,-0.2872855239312223,-1.274272923397354,-1.1587770183168324,0
-0.6065936166119459,-0.9633265108959965,1.4993481024005213,0.3006084168232267,1.1456169116258885,-0.40974405363739463,1.0261871437042813,-1.0957067584320392,0
0.813307807646516,-0.3523346575931161,-0.8959536931159852,1.4950436340011026,1.66861858360159,1.2638558523469632,0.36393348802350733,0.16009514221905624,0
-1.1184593152335156,-1.1889769112635384,1.6735518693471763,1.0864210597034085,0.331673912193505,-0.26007251732985065,-1.4834056567702303,0.6829942578731363,0
-0.5960758282841051,1.2029173326323983,0.41057455898392753,1.5893411511467246,0.8338940607794437,-0.5049895767421952,-1.6228274790188144,1.1548934905509576,0
-0.704759641005124,-0.2724891313092179,-1.4621159356926139,0.4263384396840559,0.33340570580931855,1.1686103292421626,1.0261871437042813,1.458648646770935,1
0.6415172649584544,-0.8869525292331367,-1.4621159356926139,0.5206359568296774,0.8009899820789858,1.3999208853538216,-0.8560074566516024,-0.21539068463299735,0
1.7213435332834108,-0.6682452181076752,0.41057455898392753,-0.7366642717786134,-1.356824863224737,0.025664051984551888,0.5730662213963835,-0.592573026106667,0
1.2866082823993374,0.8522913259074502,0.6283292676672464,0.8663935196969574,-0.8753862380285611,-0.5730220932456248,-0.19375380097082845,0.28783620074148186,0
1.6582368033163681,1.3070636712635728,-0.5475461592226748,-0.07658165175926057,-1.1091783761633949,-0.3008920272319079,0.15480075465063114,0.5450515290636571,0
-1.3288150817903255,-0.17875742654116122,-0.5475461592226748,1.4636111282858955,-1.4988319397214507,-0.314498530532594,-0.40288653434370386,0.031933483565814116,0
-0.39974377949775136,-1.6402777119986214,0.933185859823892,-1.6482069375196242,-0.33506662989472347,1.4815599051579367,0.015378932402047775,0.9450450762898671,0
-1.2096134807414656,1.7514213827565774,-1.3314631104826224,0.929258531127372,-1.587153414127943,1.2502493490462776,0.2245116657749232,-0.3737113486395552,1
1.2235015524322947,1.5952018748098171,1.0638386850338832,-0.7680967774938207,-1.5369313992693492,1.2638558523469632,0.050234387964193813,0.11318834776416607,0
-0.455838650579566,0.133681589352357,-0.8959536931159852,0.6149334739752994,0.2797201037190978,1.5087729117593085,-0.15889834540868242,0.01636281026659203,0
-0.9326450547750003,0.5190230422876966,-1.2879121687459587,0.4577709453992632,1.1196400073886847,0.17533558829209653,-0.9954292789001865,-0.8234006361545261,0
1.065734727514687,-0.29331839903545087,1.542899044137185,0.14344588824719018,-0.9758302677457491,-0.12400748432299215,0.7821989547692598,-1.2961354234546403,0
-0.29105996677673246,-1.126489108084835,1.4993481024005213,1.023556048272994,0.9741693436603439,0.08009006518729528,0.991331688142136,0.6727107258156556,0
-1.6723961671664462,-1.2132777236108123,-1.2879121687459587,0.04914837110156863,0.7265228565990018,1.3318883688503926,-0.8560074566516024,1.297301920078234,0
-0.03162118802333357,1.2202750557375952,-1.113708401799304,0.14344588824719018,0.29876983349304703,-0.4233505569380802,-1.4485502012080842,0.20334073956207366,0
0.4381733572868726,-0.6821313965918313,-1.113708401799304,-0.6423667546329914,0.32128315049862377,1.1550038259414763,1.1307535103907203,0.22170035869516633,1
0.9500390559084423,-1.4771151148097843,0.062167025090617216,-1.5539094203740023,1.0365139138296326,-0.954004185664828,-1.6576829345809605,-1.2317186785873002,0
-0.3120955434324142,0.5016653191825021,-0.5475461592226748,-1.271016868937137,-0.5307593084816586,0.18894209159278208,1.6884407993850568,-0.4737069126264377,0
-1.735502897133489,0.5294376761508143,-1.5492178191659414,-1.7425044546652462,-0.7212566062211523,-0.9267911790634563,0.991331688142136,-1.414267603820693,0
0.7607188660073142,1.6021449640518965,-1.6798706443759324,0.1748783939623975,-1.604471350286079,-0.4913830734415098,-0.4377419899058499,0.13695931220447627,1
1.2305134113175205,-0.8001639137071593,0.49767644245725506,-1.050989328930686,-0.05797965136455082,1.37270787875245,0.991331688142136,0.7656520634474338,0
-0.995751784742043,0.32808808813054724,0.5847783259305827,0.1748783939623975,1.4088495412295527,0.20254859489346821,0.36393348802350733,0.7893326976583064,0
0.23482944961529087,-0.9390256985487228,-0.19913862532936552,1.149286071133823,0.21910732716562217,0.529104674109928,-0.8560074566516024,1.413475063593369,1
1.6792723799720473,0.6127547470557533,-1.6798706443759324,0.4577709453992632,-0.7784057955430007,-1.1581017351751157,1.061042599266428,-0.8833347433860498,0
0.5468571700078916,0.30031573116223503,-1.5492178191659414,-1.7739369603804533,1.4677305241672145,0.6787762104174726,1.4793080660121805,-0.4632116690937132,1
0.4486911456147135,1.2688766804321427,-1.0701574600626402,0.04914837110156863,0.5723932247915929,-0.028761961218190902,0.8519098658935519,1.6562121498285776,0
-0.9361509842176156,-1.4389281239783531,-0.5039952174860111,0.1748783939623975,0.5481481141702027,0.9781192830325607,1.5141635215743259,1.3157151727850551,0
-0.6416529110380813,1.1439010740747355,-0.8088518096426576,-1.7110719489500388,-0.6831571466732537,1.3182818655497066,-0.8211520010894563,1.2744737774076738,0
-0.7222892882181929,-0.7307330212863788,1.4122462189271936,-1.271016868937137,-0.4684147383123698,-0.885971669161399,1.7581517105093487,0.8458201420728704,0
0.5398453111226635,1.1126571724853824,0.49767644245725506,1.5579086454315174,0.016487474115433137,-0.17843349752573553,-0.3331756232194126,-1.291833446277698,0
-0.9361509842176156,-1.4389281239783531,-0.5039952174860111,0.1748783939623975,0.5481481141702027,0.9781192830325607,1.5141635215743259,1.3157151727850551,0
-1.1745541863153328,-0.959854966274958,-0.9395046348526489,-0.5480692374873697,1.3482367646760773,0.6923827137181582,0.15480075465063114,1.1222701636258108,0
-0.9151154075619339,1.095299449380188,0.9767368015605558,1.6522061625771391,0.2243027080130631,0.311400621298955,1.65358534382291,0.9722401209897776,1
0.3610429095493763,1.2098604218744775,1.0202877432972195,0.7406634968361285,-0.27618564695706177,-0.21925300742779277,-0.9605738233380404,-0.9863055593050172,0
1.700307956627729,-0.06419645404687163,0.45412550072059127,-1.1138543403611005,-1.3291161653717196,1.141397322640791,-0.22860925653297448,0.7276230368544094,1
1.2760904940714966,-0.591871236444813,0.7589820928772378,1.337881105425067,1.0451728819087007,1.1958233358435342,0.7473434992071145,0.3880942869576661,0
-1.255190563495442,-0.043367186320636256,0.8896349180872282,0.332040922538434,-0.8043826997802043,-1.6207228473984339,1.1307535103907203,-1.2026577500855793,0
-0.5785461810710386,0.7793888888656288,1.2815933937172024,-0.7052317660634061,0.44770408445301496,-1.6207228473984339,-1.3091283789595,-1.546242891847983,1
-1.6233131549698596,0.2412994726045698,0.36702361724726373,0.4263384396840559,-0.7784057955430007,-1.0900692186716865,1.65358534382291,0.7750068878335145,0
-0.02460932913810799,1.3973238314105885,1.2815933937172024,1.4636111282858955,0.6520557311190175,0.8012347401236449,1.3747416993257415,0.6468903942949908,1
-1.0413288674960193,-1.1299606527058745,-0.11203674185603793,0.2691759111080194,-0.8615318891020527,-1.0764627153710007,0.36393348802350733,0.5799613399214308,1
1.5250114844970546,-1.2584078036843203,0.8025330346139006,0.7720960025513358,-0.6121536084248967,-0.1648269942250494,1.061042599266428,0.4520085699237625,1
0.6345054060732288,0.487779140698346,-0.6781989844326662,0.23774340539281208,-0.34372559797379154,-1.607116344097748,0.36393348802350733,-0.8497911772485124,0
1.0236635742033258,0.10938077700508322,0.23637079203727235,-1.6796394432348316,-0.21037748955614582,-1.185314741776487,1.6884407993850568,-1.4702723460717024,0
0.5398453111226635,1.1126571724853824,0.49767644245725506,1.5579086454315174,0.016487474115433137,-0.17843349752573553,-0.3331756232194126,-1.291833446277698,0
1.300632000169791,0.2933726419201558,-0.2862405088026931,-0.3280416974809186,0.5862475737181017,-1.6207228473984339,-0.29832016765726654,0.7254297059708894,0
-0.9291391253323875,-0.876537895370019,-1.4185649939559501,0.9921235425577866,-0.5030506106286413,-0.681874119651111,1.6187298882607646,-1.5098313409258173,0
0.8834263964987868,1.6542181333674824,0.6718802094039102,0.9921235425577866,0.9620467883496487,-0.804332649357284,-0.8908629122137484,-1.018220358493017,1
-0.9712102786437484,1.0814132708960318,0.7589820928772378,1.3064485997098596,1.1144446265412438,0.9372997731305034,1.3747416993257415,-0.4917221477598016,0
-0.9151154075619339,0.5433238546349703,-1.636319702639269,1.4950436340011026,1.1490804988575156,-0.7635131394552261,-0.29832016765726654,-1.4540721839860904,0
-0.16134057740003424,0.1440962232154747,1.6735518693471763,1.117853565418616,0.24854781863445305,0.5699241840119859,-0.6120192677165801,0.575746870154256,1
0.3435132623363098,0.7550880765183551,-0.41689333401268347,-1.6167744318044168,-0.4528285957700476,1.3182818655497066,-0.29832016765726654,0.07011211960134335,0
-0.7713723004147796,-1.22369235747393,-1.0701574600626402,-0.7680967774938207,-1.5611765098907395,0.8828737599277601,-0.6468747232787261,-0.9506815750707563,0
1.59162414390671,1.3313644836108465,0.9767368015605558,-1.3653143860827588,-0.7091340509104571,-0.21925300742779277,-1.0999956455866247,1.0454358350305375,0
-0.7818900887426203,-0.14751352495181064,1.2815933937172024,-0.04514914604405327,1.2495245285747034,1.2094298391442198,0.8170544103314066,-1.6077888291110252,0
0.34000733289369456,1.2237466003586337,-1.0701574600626402,-0.5480692374873697,-0.19998672786126456,-0.12400748432299215,-0.08918743428439033,-1.5743073650062256,0
-1.7249851088056505,0.28990109729911734,-1.5056668774292776,0.7092309911209213,0.6953505715143571,-1.0628562120703149,1.7581517105093487,0.5826938293619035,0
-1.6723961671664462,-1.2132777236108123,-1.2879121687459587,0.04914837110156863,0.7265228565990018,1.3318883688503926,-0.8560074566516024,1.297301920078234,0
-0.7678663709721667,-1.6368061673775818,0.6718802094039102,0.6149334739752994,-0.8788498252601882,-0.7499066361545406,0.7821989547692598,-1.4940094366759735,0
-1.3288150817903255,-0.17875742654116122,-0.5475461592226748,1.4636111282858955,-1.4988319397214507,-0.314498530532594,-0.40288653434370386,0.031933483565814116,0
1.3462090829237674,0.6891287287186131,0.105717966827281,1.4321786225706887,0.7611587289152734,0.27058111139689717,0.8170544103314066,-1.0313577612367768,0
-1.6233131549698596,0.2412994726045698,0.36702361724726373,0.4263384396840559,-0.7784057955430007,-1.0900692186716865,1.65358534382291,0.7750068878335145,0
-0.9151154075619339,1.095299449380188,0.9767368015605558,1.6522061625771391,0.2243027080130631,0.311400621298955,1.65358534382291,0.9722401209897776,1
-1.1500126802170383,0.18228321404690456,-0.72174992616933,-0.3909067089113332,1.2685742583486526,0.20254859489346821,0.5033553102720915,-0.5389874403127705,0
-0.22444730736707694,-1.3313102407261415,0.8896349180872282,-0.9566918117850643,0.18793504208097775,-1.6343293506991199,-1.274272923397354,-1.1980960734990052,0
-1.2096134807414656,-1.1126029296006787,-0.9830555765893128,1.149286071133823,-1.0520291868415463,-0.7090871262524827,0.8867653214556986,0.6734418361101622,1
-1.1149533857909029,0.9494945752965454,-1.1572593435359673,-1.145286846076308,-0.5619315935663031,1.563198924962052,1.1656089659528655,0.9835031714727179,0
-0.6837240643494423,-0.88000943999106,1.1944915102438747,1.0864210597034085,-1.2494536590442946,-1.3621992846854032,0.7124880436449678,0.6582324837286883,1
0.4381733572868726,-0.6821313965918313,-1.113708401799304,-0.6423667546329914,0.32128315049862377,1.1550038259414763,1.1307535103907203,0.22170035869516633,1
-0.12628128297389887,-0.6786598519707904,-0.6346480426960024,0.1748783939623975,-1.0052707592145798,-0.6682676163504255,0.5033553102720915,0.8094001226916948,0
-0.4944038744483142,1.3834376529264325,1.2815933937172024,-0.04514914604405327,-0.972366680514122,-1.4302318011888324,1.7930071660714941,0.07337812195942935,0
-0.11576349464605801,0.30725882040431185,-1.4185649939559501,-1.271016868937137,-0.2969671703468249,0.7740217335222732,-1.1348511011487707,0.16956287939193376,0
-1.5917597899863372,-1.2271639020949685,-0.9830555765893128,-1.6167744318044168,0.2312298824763173,-1.185314741776487,-0.8908629122137484,-1.176247449253904,0
-0.504921662776155,0.40099052517236855,0.27992173377393614,-1.3653143860827588,-1.3169936100610244,-0.7499066361545406,0.11994529908848588,0.4450023315030466,0
-0.11225756520344521,-1.3278386961051019,-0.19913862532936552,1.5579086454315174,-0.05451606413292373,0.3658266345016978,0.43364439914779945,1.4407801982604058,1
0.5503630994505043,0.3107303650253503,-1.6798706443759324,0.3634734282536413,0.22949808886050374,-1.0492497087696289,-1.378839290083792,-1.1405020837738367,0
0.7887663015482215,-1.0258143140747014,-1.0701574600626402,0.3949059339688486,1.1663984350156513,1.0053322896339323,-0.3680310787815586,-1.4652082075838841,0
1.2129837641044539,-1.3104809729999074,0.14926890856394479,-0.9881243175002716,-0.006025842890143249,1.6176249381647954,0.921620777017844,0.3019757044680598,1
-1.644348731625539,-1.1646760989162648,-0.8088518096426576,0.23774340539281208,0.7802084586892226,-0.7907261460565979,1.0261871437042813,1.2013683935963515,1
0.6835884182698179,-0.9633265108959965,-0.72174992616933,0.6463659796905067,-0.4909280553179462,-1.525477324293633,-0.6468747232787261,-0.6684447731945009,1
-0.28404810789150686,0.637055559403027,1.0638386850338832,-1.7425044546652462,0.8217715054687486,1.0189387929346185,-1.5879720234566683,-1.0070956261739024,1
1.1218295985965039,-1.3035378837578293,0.105717966827281,-1.491044408943588,-0.9082903167290194,-0.1920400008264211,0.15480075465063114,0.6853033243631226,0
0.18925236686131464,1.5431287054942313,1.7171028110838402,1.620773656861932,-1.5923487949753838,-0.5594155899449387,0.43364439914779945,0.049705956207566106,0
-0.5294631688744496,0.5641531223612057,-0.5039952174860111,-1.5539094203740023,1.1456169116258885,0.610743693914043,0.7821989547692598,-0.3321340377214546,1
-0.455838650579566,0.8835352274968032,1.1944915102438747,-1.3967468917979662,-1.587153414127943,1.2910688589483348,1.723296254947202,-1.6107414984857507,0
-0.9151154075619339,-0.026009463215441755,-0.3297914505393559,0.7720960025513358,1.5924196645057922,1.2502493490462776,0.25936712133707,-0.9073202421212727,1
0.03849740082893471,1.043226280064602,-0.8088518096426576,-0.23374418033529706,-0.05451606413292373,-0.26007251732985065,1.5838744326986178,-0.2923012293593581,0
0.8483671020726514,-1.3521395084523757,1.542899044137185,0.4577709453992632,-0.43897424684353864,-0.532202583343567,-1.2045620122730627,0.2549701113247227,0
-1.2586964929380546,1.5639579732204665,-1.0266065183259765,0.2063108996776048,-1.5317360184219084,0.9100867665291318,-1.5879720234566683,-0.0569175883642644,0
1.1253355280391166,-0.29331839903545087,-1.4621159356926139,-0.7995292832090279,1.3568957327551454,1.1277908193401047,1.5141635215743259,0.4971793302816582,0
0.27339467348403906,0.8175758796970587,1.0638386850338832,0.6149334739752994,-0.9844892358248165,1.454346898556565,-0.3680310787815586,-0.9569397662789463,0
-0.9361509842176156,0.3697466235830155,1.150940568507211,-0.5795017432025771,-0.4874644680863191,1.604018434864109,0.29422257689921527,-0.34659816571007207,0
1.6582368033163681,1.0050392892331697,0.27992173377393614,-0.20231167462008978,0.7923310139999177,-1.2805602648812882,-0.7862965455273103,0.6746641170272332,0
-0.8800561131357985,1.6681043118516385,0.32347267551059994,1.3693136111402742,1.3482367646760773,-0.23285951072847894,0.8170544103314066,-1.320318519566757,0
-0.7363130059886466,-0.49119644243467947,-1.4185649939559501,-0.5795017432025771,0.456363052532083,0.20254859489346821,-0.3680310787815586,-0.7635625047917795,0
1.1884422580061593,1.116128717106421,0.49767644245725506,-0.9566918117850643,-1.5629083035065534,-0.2464660140291645,0.2245116657749232,-0.5150019415775473,0
-1.2657083518232828,0.8939498613599185,0.6718802094039102,-1.3653143860827588,-0.01122122373758419,-0.110400981022306,0.5730662213963835,-1.1883629912771565,1
0.14367528410734087,1.404266920652668,1.1073896267705472,-0.4223392146265405,-0.44243783407516574,-1.0220367021682573,-1.1697065567109166,-1.6205903163140658,0
-0.12277535353128607,-0.9112533415804105,-1.5492178191659414,-1.7425044546652462,-1.046833805994106,1.3318883688503926,-0.22860925653297448,-1.2466598631001322,1
-1.6373368727403133,0.6613563717503008,-0.2426895670660293,-1.145286846076308,-0.5065141978602684,0.6651697071167865,1.061042599266428,-0.8487382655116359,0
-0.8870679720210265,-1.3104809729999074,1.6300009276105125,0.4577709453992632,1.4227038901560616,0.24336810479552545,-0.507452901030142,1.228182357640824,0
0.07706262469768288,0.2829580080570381,-0.3733423922760197,-1.3338818803675516,-0.06490682582780499,-0.5594155899449387,-1.274272923397354,1.4154199863459374,0
1.3567268712516058,1.3244213943687673,-0.46044427574934726,-0.2651766860505044,-0.0839565556017546,1.4407403952558788,-1.6576829345809605,-0.8519054691812747,0
1.370750589022062,1.3591368405791586,-0.41689333401268347,-0.2651766860505044,0.5360255588595076,0.7059892170188438,0.6079216769585304,1.7163410316173249,0
-0.5504987455301313,-0.6856029412128697,-0.41689333401268347,-1.3338818803675516,0.7646223161469003,0.8964802632284455,-0.08918743428439033,-0.5749981508418088,0
1.609153791119779,0.7620311657604344,-1.4621159356926139,-1.4281793975131734,0.7611587289152734,-1.5662968341956907,-0.8560074566516024,-0.554882737874032,1
-0.5189453805466087,-1.237578535958086,-1.4621159356926139,-0.3280416974809186,1.7171088048443701,-1.3621992846854032,-0.9954292789001865,1.7012925799570362,0
-1.3358269406755534,-0.5779850579606569,0.715431151140574,-1.5539094203740023,0.977632930891971,-1.5662968341956907,-1.274272923397354,1.3646289920252512,0
1.0762525158425278,1.5639579732204665,0.6718802094039102,1.149286071133823,0.9897554862026661,1.141397322640791,1.3050307882014496,-1.4693944491543602,1
-0.47687422723524775,1.0571124585487581,-1.636319702639269,0.1748783939623975,1.7413539154657605,0.09369656848798143,-1.274272923397354,1.5091601819443,1
1.3462090829237674,0.6752425502344569,-1.5492178191659414,-1.1767193517915153,-0.8823134124918153,1.5904119315634235,-0.8560074566516024,-0.6981295448432717,0
-0.25600067235059704,-0.06419645404687163,1.1073896267705472,0.08058087681677559,0.5377573524753214,-0.0015489546168192053,-1.0651401900244786,0.2886689325441049,1
1.3321853651533138,0.04342142920534117,1.2815933937172024,-0.8309617889242351,1.400190573150485,-0.532202583343567,0.7473434992071145,0.9537111326764902,0
0.33299547400846896,0.40099052517236855,-0.9395046348526489,1.4636111282858955,-1.687597443845131,-0.9403976823641425,0.991331688142136,0.955322962708009,0
0.813307807646516,-0.3523346575931161,-0.8959536931159852,1.4950436340011026,1.66861858360159,1.2638558523469632,0.36393348802350733,0.16009514221905624,0
-0.9712102786437484,1.0814132708960318,0.7589820928772378,1.3064485997098596,1.1144446265412438,0.9372997731305034,1.3747416993257415,-0.4917221477598016,0
0.02096775361586826,-1.6333346227565433,-1.2008102852726312,1.5579086454315174,0.03207361665775535,0.6787762104174726,0.6427771325206757,-0.4086804387103968,1
-0.32261333176025503,0.17881166942586615,0.018616083353953428,-1.2081518575067223,-0.88924058695507,-1.5935098407970623,0.5382107658342383,-0.862093025369979,1
-1.7460206854613298,0.28990109729911734,-0.8088518096426576,-0.3280416974809186,-0.8355549848648487,1.712870461269596,1.3050307882014496,-0.5252431313399798,1
-0.7012537115625113,-0.17181433729908197,-1.723421586112596,0.9606910368425793,-1.6598887459921137,1.3591013754517645,-0.9954292789001865,1.2408624635980585,0
0.7046239949254971,0.6092832024347149,-0.02493485838271036,-1.145286846076308,0.6485921438873905,0.2841876146975833,-0.472597445467996,-0.41732673535933035,1
-1.4970996950357718,0.269071829572882,-0.8088518096426576,0.14344588824719018,-0.4961234361653871,0.21615509819415377,-1.3439838345216462,0.14408128623165842,0
1.6897901682998882,-1.282708616031594,0.32347267551059994,-0.04514914604405327,0.02514644219450117,1.6176249381647954,1.7581517105093487,-1.3310339430337346,1
-0.28755403733411966,0.3940474359302893,-0.3733423922760197,-0.7995292832090279,1.2374019732640082,-0.35531804043465126,-0.15889834540868242,-1.371456720706842,0
-0.7433248648738722,-0.9945704124853495,0.5412273841939189,0.8663935196969574,0.6052973034920509,0.7740217335222732,-0.8560074566516024,0.26273568823664445,0
1.2655727057436559,-0.6161720487920868,0.9767368015605558,-0.7680967774938207,-1.1594003910219886,0.4882851642078707,0.8519098658935519,-0.9692105633840438,1
-0.0842101296625379,1.4493970007261745,0.8025330346139006,1.337881105425067,0.8044535693106128,0.7468087269209016,0.8519098658935519,0.5046202829315399,0
-0.6311351227102404,0.4148767036565247,-0.3297914505393559,0.9921235425577866,1.2599152902695847,0.5427111774106141,-0.8908629122137484,-0.5274110568464705,0
-1.2832379990363492,-0.9702696001380757,-1.1572593435359673,-0.8623942946394424,-1.268503388818244,-0.5594155899449387,1.0261871437042813,1.46849464177958,1
-1.153518609659651,-0.7897492798440416,-0.06848580011937415,1.4321786225706887,1.1854481647896007,0.8284477467250166,-0.9257183677758944,0.8908977493816586,1
0.5784105349914117,-0.15098506957284905,-0.5910971009593387,0.2691759111080194,-0.6519848615886092,-0.06958147112024875,-1.2045620122730627,1.7244763979060047,0
0.18925236686131464,0.20658402639417833,0.5412273841939189,0.929258531127372,0.7715494906101549,0.8148412434243305,0.8519098658935519,0.21033004106477024,0
0.1612049313204073,-1.3451964192102976,-0.02493485838271036,0.8035285082665432,1.590687870889979,0.7740217335222732,0.6079216769585304,-0.682078992200165,1
0.5959401822044806,-0.6578305842445575,-0.8524027513793213,0.7720960025513358,1.6928636942229802,-1.2397407549792305,1.723296254947202,1.5374363665777857,1
-0.953680631430682,-0.30026148827753013,0.45412550072059127,0.677798485405714,1.3811408433765355,-1.14449523187443,-1.5879720234566683,0.4300893751869134,0
0.24184130850051647,0.8835352274968032,1.1073896267705472,-1.145286846076308,-0.06837041305943209,-0.8451521592593412,0.991331688142136,-1.3982311652759356,0
1.6196715794476175,-0.5154972547819533,1.0202877432972195,-1.3653143860827588,0.01821926773124699,1.6992639579689104,0.29422257689921527,-0.9726459349223239,0
-1.542676777789748,1.3209498497477288,0.715431151140574,0.5520684625448847,-1.2944802930554482,1.522379415059994,1.4444526104500337,-0.12215577375554856,1
1.1218295985965039,-0.3627492914562338,-1.1572593435359673,1.337881105425067,-1.1749865335643108,0.44746565430581287,1.3747416993257415,-0.894456652885494,0
1.2129837641044539,-1.4354565793573146,-0.41689333401268347,0.017715865386361333,-1.3152618164452106,0.5563176807112997,1.0261871437042813,0.05453297784311186,0
-1.4725581889374773,0.16492549094171005,1.5864499858738488,-0.45377172034174784,0.7559633480678327,0.8420542500257022,-0.7862965455273103,-1.3208379183860206,0
-1.6723961671664462,-1.2132777236108123,-1.2879121687459587,0.04914837110156863,0.7265228565990018,1.3318883688503926,-0.8560074566516024,1.297301920078234,0
1.2129837641044539,-1.3104809729999074,0.14926890856394479,-0.9881243175002716,-0.006025842890143249,1.6176249381647954,0.921620777017844,0.3019757044680598,1
1.2760904940714966,0.42876288214068076,-0.2862405088026931,0.5520684625448847,1.7223041856918109,0.5563176807112997,-0.15889834540868242,1.343610276763103,1
0.5608808877783452,0.7793888888656288,0.715431151140574,0.7092309911209213,0.2052529782391135,-0.5185960800428815,-1.5182611123323762,1.48350639678416,0
1.503975907841373,1.310535215884611,-0.02493485838271036,0.48920345111447017,-1.595812382207011,-1.6343293506991199,1.7581517105093487,-1.4103918724139068,0
0.4486911456147135,-0.012123284731285662,1.1073896267705472,-0.7366642717786134,1.5958832517374197,0.025664051984551888,0.43364439914779945,0.24811630516618166,0
0.5188097344669843,-0.6231151380341661,-1.0266065183259765,-0.2651766860505044,-0.6467894807411683,1.3318883688503926,1.6187298882607646,0.11558492166391938,1
-1.4374988945113443,-1.3937980439048452,0.27992173377393614,-0.7366642717786134,1.1542758797049562,-0.6954806229517971,-0.9257183677758944,0.8805775206684687,0
0.673070629941977,-0.6578305842445575,0.9767368015605558,-0.5166367317721624,-0.567126974413744,-1.2533472582799163,-1.6228274790188144,0.9863711562573462,0
-0.7924078770704612,0.9911531107490136,1.1944915102438747,1.4636111282858955,1.3343824157495687,0.03927055528523804,-0.507452901030142,0.3855650405334267,0
-0.19289394238355437,0.6717710056134185,0.715431151140574,-0.9566918117850643,-1.4797822099475013,-0.12400748432299215,-1.3439838345216462,1.5685099655041521,0
1.605647861677164,-0.12668425722557528,-0.2862405088026931,-1.3338818803675516,-1.368947418535432,-0.7635131394552261,-1.274272923397354,-1.6261343341457686,0
-1.553194566117589,0.005234438373911303,-1.244361227009295,1.6522061625771391,0.37843233982047164,-0.8995781724620846,0.6776325880828225,-0.2302810583917712,0
1.3672446595794467,1.515356348525919,0.45412550072059127,0.4263384396840559,-1.4780504163316874,0.4882851642078707,-0.3680310787815586,1.6492736590799395,0
-0.6942418526772831,-1.081359028011327,-0.9830555765893128,1.4950436340011026,0.9966826606659203,0.311400621298955,0.15480075465063114,0.7193380611232242,0
-1.549688636674976,0.404462069793407,-0.8959536931159852,0.9606910368425793,0.07883204428472228,0.4202526477044412,-0.542308356592288,1.3071281553491896,0
-0.13329314185912694,-0.026009463215441755,-1.4185649939559501,-1.5853419260892097,-0.8372867784806625,1.2366428457455916,0.7124880436449678,-1.0677015644868646,1
-1.6303250138550853,-0.4773102639505234,0.49767644245725506,0.8663935196969574,0.9655103755812758,0.6515632038161009,-0.3680310787815586,0.5328908219256859,0
0.3189717562380153,0.3732181682040539,-1.2008102852726312,0.5206359568296774,-1.5282724311902813,-0.8995781724620846,0.050234387964193813,-1.0354875464138544,0
-1.5882538605437242,-0.810578547570277,-0.72174992616933,1.4321786225706887,0.336869293040946,0.32500712459964054,-0.6817301788408722,0.611142205995254,0
-0.2419769545801434,0.47042141759314904,0.19281985030060858,-1.6482069375196242,-0.4649511510807421,-1.1308887285737441,0.11994529908848588,-1.2737335265542364,1
-1.7460206854613298,0.28990109729911734,-0.8088518096426576,-0.3280416974809186,-0.8355549848648487,1.712870461269596,1.3050307882014496,-0.5252431313399798,1
0.581916464434027,0.6787140948554954,-0.02493485838271036,-1.0824218346458934,0.78367204592085,-1.185314741776487,-0.7514410899651642,-0.20015028123515471,0
1.065734727514687,-0.29331839903545087,1.542899044137185,0.14344588824719018,-0.9758302677457491,-0.12400748432299215,0.7821989547692598,-1.2961354234546403,0
0.024473683058481053,0.8036897012129026,0.49767644245725506,1.3064485997098596,-1.4209012270098396,-1.3485927813847174,1.1656089659528655,0.12801944230987208,0
1.6161656500050046,0.33850272199366493,-0.6346480426960024,1.1807185768490305,-1.2944802930554482,-1.5118708209929475,1.061042599266428,-1.5773814156267574,1
-1.1500126802170383,-0.26554604206713867,1.542899044137185,0.8978260254121647,1.4278992710035021,0.24336810479552545,1.3050307882014496,-1.2730165303580794,0
-1.6373368727403133,1.3417791174739642,1.0638386850338832,0.583500968260092,-0.2813810278045027,0.32500712459964054,0.991331688142136,-0.06460694914509899,0
0.5503630994505043,0.3107303650253503,-1.6798706443759324,0.3634734282536413,0.22949808886050374,-1.0492497087696289,-1.378839290083792,-1.1405020837738367,0
0.7326714304664069,0.7689742550025112,1.2815933937172024,1.5579086454315174,-1.6598887459921137,-0.5185960800428815,-0.40288653434370386,1.7193614486641287,0
-0.3787082028420697,-0.591871236444813,0.7589820928772378,0.5520684625448847,1.052100056371955,-0.7771196427559123,1.2004644215150122,-1.214335755059996,0
-0.6311351227102404,0.7932750673497849,-0.3733423922760197,-1.6482069375196242,-0.07702938113850012,-1.4030187945874606,1.1307535103907203,0.4947545281852057,1
-0.7748782298573947,-0.27596067593025636,-1.636319702639269,-1.3024493746523442,1.1282989754677524,1.032545296235304,1.4793080660121805,1.0954674908600177,0
-0.5329690983170624,-1.2549362590632818,1.4993481024005213,-0.6423667546329914,-1.0018071719829527,-0.4777765701408236,0.7473434992071145,0.7063220396252707,1
-0.9571865608732948,-0.38010701456142826,1.150940568507211,1.52647613971631,-0.8078462870118314,1.5495924216613657,-0.12404288984653637,1.7238977198736734,0
0.8238255959743569,0.1475677678365131,1.760653752820504,-0.7680967774938207,1.3361142093653824,0.27058111139689717,-1.1348511011487707,-0.34688044767706305,0
1.402303954005582,1.688933579577874,0.5412273841939189,-0.4852042260569551,-0.7905283508536959,-0.6954806229517971,-1.0302847344623325,1.035685815890669,0
-1.2692142812658955,1.7896083735880073,-1.2008102852726312,-0.5480692374873697,-0.9377308081978499,-0.3008920272319079,-0.2634647120951205,-1.2614090958754107,1
-1.4515226122817981,-0.5745135133396185,-1.2008102852726312,0.9921235425577866,1.6443734729801998,0.32500712459964054,0.9564762325799891,1.1263660749668494,0
0.6345054060732288,0.487779140698346,-0.6781989844326662,0.23774340539281208,-0.34372559797379154,-1.607116344097748,0.36393348802350733,-0.8497911772485124,0
0.21379387295960914,-1.6333346227565433,1.4993481024005213,0.9921235425577866,1.7569400580080827,-0.8451521592593412,-1.6576829345809605,-0.33117145621401517,0
1.3181616473828577,1.379966108305394,0.8460839763505644,0.2691759111080194,-0.6831571466732537,-0.32810503383327955,-0.542308356592288,-0.5680540144538309,0
-0.9431628431028412,1.5327140716311136,1.1073896267705472,1.4007461168554816,-0.5030506106286413,-1.5526903308950046,-0.8211520010894563,-1.1890799874733136,0
-1.4164633178556627,0.21352711563625762,-0.3297914505393559,-1.7425044546652462,-1.3845335610777543,0.5563176807112997,-0.22860925653297448,-0.4691424132201936,0
1.6652486622015936,-1.3000663391367897,1.0202877432972195,1.243583588279445,1.0659544052984635,0.46107215760649906,1.4793080660121805,0.06934431265112807,0
-1.2411668457249883,-1.3382533299682196,0.6283292676672464,-0.5480692374873697,0.05112334643170496,1.644837944766167,-0.3331756232194126,-0.5953591491208678,1
-0.4348030739238868,1.7687791058617721,-0.11203674185603793,-0.04514914604405327,0.0338054102735692,0.8148412434243305,-1.1697065567109166,-1.0607546052792167,1
0.6590469121715233,0.6544132825082216,-0.41689333401268347,1.243583588279445,-1.519613463111214,1.3182818655497066,-1.1697065567109166,-0.362671300910538,0
-1.4550285417244109,-0.4530094516032496,1.0202877432972195,0.9921235425577866,0.03207361665775535,0.08009006518729528,-1.4485502012080842,-0.4766454679028137,0
-0.8064315948409149,1.730592115030342,-0.72174992616933,1.023556048272994,0.02514644219450117,0.9372997731305034,0.11994529908848588,-0.6544718158284477,1
0.22431166128745,1.1265433509695386,0.105717966827281,-0.13944666318967516,-1.2563808335075488,0.9645127797318751,0.5382107658342383,0.19920248592598602,1
-1.2902498579215773,-0.6856029412128697,-1.3314631104826224,0.23774340539281208,-1.098787614468513,1.4407403952558788,-1.3439838345216462,0.08235186569007213,0
1.5986360027919382,-0.26554604206713867,1.542899044137185,-1.0824218346458934,-0.1030062853757039,-1.2805602648812882,0.8170544103314066,-0.1081771707501554,0
0.6765765593845897,-0.6370013165183221,-0.2862405088026931,-1.522476914658795,1.0659544052984635,-0.3417115371339651,1.2701753326393044,-1.000888245719771,1
0.8413552431874234,-0.3037330328985685,1.150940568507211,-0.7680967774938207,0.019951061347060536,-0.804332649357284,-0.507452901030142,1.0496615960763922,0
0.17873457853347377,0.3593319897198978,-0.72174992616933,0.6149334739752994,-0.8736544444127479,0.311400621298955,-0.19375380097082845,-0.9967782202803824,0
-0.8940798309062521,-1.3521395084523757,0.6283292676672464,1.0549885539882011,-0.4043383745272671,0.46107215760649906,-1.0302847344623325,0.8696221575295492,1
-1.6373368727403133,-0.5397980671292271,-1.3314631104826224,-0.9566918117850643,1.022659564903124,0.08009006518729528,-0.7165856344030183,1.7110313078182249,1
1.0026279975476442,1.2619335911900635,-1.5056668774292776,-1.050989328930686,0.13944482083819756,0.24336810479552545,-1.0999956455866247,0.06048348170728157,1
0.3855844156476708,-0.5953427810658539,-0.02493485838271036,-0.3280416974809186,-1.278894150513126,-0.5049895767421952,-0.6468747232787261,-0.3072198313148312,0
1.0482050803016203,-0.4668956300874057,0.5847783259305827,-1.6167744318044168,-1.356824863224737,1.0189387929346185,-0.4377419899058499,0.44492046973261895,0
-1.5146293422488408,-0.3419200237299984,1.4122462189271936,0.8663935196969574,-0.6693027977467453,-0.13761398762367769,-1.3091283789595,1.3000372323383766,1
0.8413552431874234,-0.3037330328985685,1.150940568507211,-0.7680967774938207,0.019951061347060536,-0.804332649357284,-0.507452901030142,1.0496615960763922,0
-1.0308110791681784,-0.3245623006248039,0.062167025090617216,0.7406634968361285,-1.5559811290432985,0.13451607839003868,-0.472597445467996,-0.2742464747506154,0
1.065734727514687,-0.29331839903545087,1.542899044137185,0.14344588824719018,-0.9758302677457491,-0.12400748432299215,0.7821989547692598,-1.2961354234546403,0
1.4934581195135321,-0.057253364804792345,1.6735518693471763,-0.6423667546329914,-1.216549580343837,-1.212527748377859,-1.5879720234566683,0.6039129648206151,0
0.4486911456147135,-0.012123284731285662,1.1073896267705472,-0.7366642717786134,1.5958832517374197,0.025664051984551888,0.43364439914779945,0.24811630516618166,0
-0.35767262618638795,-1.1959200005056165,-0.46044427574934726,-0.04514914604405327,-0.9862210294406304,1.5904119315634235,1.061042599266428,0.06920881730697254,0
1.5390352022675082,-0.6265866826552045,-0.2862405088026931,0.4577709453992632,-1.2650398015866169,-1.6207228473984339,1.1307535103907203,-1.4410420483897868,0
0.7887663015482215,-1.0258143140747014,-1.0701574600626402,0.3949059339688486,1.1663984350156513,1.0053322896339323,-0.3680310787815586,-1.4652082075838841,0
0.1997701551891555,-0.5293834332661094,1.4993481024005213,-0.4223392146265405,-1.3706792121512452,-0.5594155899449387,-0.507452901030142,-0.8278268173969446,1
-0.9782221375289766,0.3315596327515856,-1.636319702639269,0.7406634968361285,-1.6183256992125874,0.5018916675085563,1.1656089659528655,-0.20743033316385193,0
1.65122494443114,0.6544132825082216,0.19281985030060858,-0.4223392146265405,0.7802084586892226,-0.4777765701408236,-0.2634647120951205,0.43340054265971745,1
0.06303890692722923,1.7201774811672246,-1.1572593435359673,1.2750160939946522,-0.4112655489905213,-0.8451521592593412,1.5490189771364726,-0.246927225985229,0
0.4486911456147135,-0.5050826209188356,-1.2879121687459587,0.9606910368425793,-1.2667715952024308,0.4066461444037556,0.6776325880828225,0.45514189975736236,0
0.0700507658124573,-0.9112533415804105,-0.2426895670660293,0.23774340539281208,-1.271966976049871,0.950906276431189,-0.9954292789001865,-0.36819555900455153,0
1.6582368033163681,1.3070636712635728,-0.5475461592226748,-0.07658165175926057,-1.1091783761633949,-0.3008920272319079,0.15480075465063114,0.5450515290636571,0
0.26638281459881097,0.06425069693157655,0.5412273841939189,0.3006084168232267,0.9603149947338352,1.4135273886545072,-1.0651401900244786,-0.5555291635784413,1
0.010449965288027396,0.65788482712926,-0.19913862532936552,-1.3024493746523442,0.1481037889172656,1.6312314414654807,-0.22860925653297448,-0.6263791144735058,1
-0.48038015667786055,-0.012123284731285662,-1.4621159356926139,1.620773656861932,-0.10127449175989035,1.223036342444906,-0.6120192677165801,0.8971474721308391,1
-0.5084275922187679,-1.0674728495271697,-0.06848580011937415,0.04914837110156863,0.18793504208097775,0.06648356188660974,-1.6576829345809605,-0.7504956725397673,0
0.7291655010237916,1.6160311425360525,1.3251443354538661,-1.1767193517915153,-0.6727663849783724,-1.294166768181974,-1.6925383901431064,-0.6935593997976879,0
-1.4480166828391852,1.7583644719986544,1.2380424519805384,0.7720960025513358,0.35938261004652233,-0.6274481064483682,0.3290780324613621,-0.5309480498928674,0
-0.504921662776155,0.40099052517236855,0.27992173377393614,-1.3653143860827588,-1.3169936100610244,-0.7499066361545406,0.11994529908848588,0.4450023315030466,0
-1.1254711741187438,1.7514213827565774,-1.5056668774292776,-1.5539094203740023,1.0832723414565995,-0.7363001328538544,1.1656089659528655,0.9227532693565901,0
0.7011180654828842,1.5709010624625435,0.062167025090617216,-1.050989328930686,0.5256347971646264,-0.3417115371339651,0.7473434992071145,0.54090480696856,1
1.1919481874487723,-0.3141476667616862,-1.5056668774292776,0.7406634968361285,-0.8927041741866971,0.8692672566270739,-1.378839290083792,0.7248284453811988,0
-1.5251471305766815,1.43203927762098,0.19281985030060858,0.7720960025513358,1.6045422198164874,-1.2397407549792305,1.3747416993257415,1.0356434735956204,0
-1.3428387995607791,0.22741329412041372,0.36702361724726373,0.3949059339688486,-0.004294049274329704,0.06648356188660974,0.08508984352633907,0.16231387847960546,0
1.6652486622015936,-0.10932653412037831,-0.3733423922760197,0.48920345111447017,-0.2588677107989263,0.5699241840119859,0.991331688142136,1.1631530609051135,0
1.5320233433822803,0.6821856394765338,0.45412550072059127,0.7406634968361285,-0.8442139529439167,-1.375805787986089,0.5033553102720915,0.03155804854971614,1
0.5398453111226635,1.1126571724853824,0.49767644245725506,1.5579086454315174,0.016487474115433137,-0.17843349752573553,-0.3331756232194126,-1.291833446277698,0
-0.9291391253323875,-0.876537895370019,-1.4185649939559501,0.9921235425577866,-0.5030506106286413,-0.681874119651111,1.6187298882607646,-1.5098313409258173,0
-0.04213897635117444,-1.126489108084835,-1.3750140522192862,1.5579086454315174,0.9845601053552252,0.09369656848798143,0.25936712133707,-1.2841723136935628,0
-0.1788702246131007,1.5743726070835817,-1.244361227009295,-0.10801415747446787,-1.0018071719829527,-0.6138416031476821,-0.08918743428439033,0.5068531332904386,0
1.0797584452851405,-1.6472208012406995,1.7171028110838402,1.4321786225706887,1.1733256094789057,1.223036342444906,-1.6228274790188144,0.4061377502877292,0
1.640707156103299,-1.546546007230566,0.9767368015605558,1.117853565418616,-0.9082903167290194,1.3454948721510782,0.39878894358565414,0.5902392263395726,0
-0.47687422723524775,1.0571124585487581,-1.636319702639269,0.1748783939623975,1.7413539154657605,0.09369656848798143,-1.274272923397354,1.5091601819443,1
-0.7293011471034185,-1.5118305610201745,-0.9395046348526489,0.6149334739752994,-1.5057591141847049,0.24336810479552545,0.8170544103314066,1.057830836201111,0
1.1779244696783187,1.3452506620950027,-0.5910971009593387,0.5206359568296774,0.9014340117961736,0.8964802632284455,0.6776325880828225,-0.9391305969814857,1
1.1393592458095705,-1.0848305726323653,-1.0701574600626402,1.3064485997098596,0.9620467883496487,1.0869713094380475,-1.5182611123323762,-1.5530204818754363,0
1.40931581289081,-1.3278386961051019,0.45412550072059127,1.0549885539882011,-0.3038943448100791,1.2774623556476494,-1.0651401900244786,1.4756956547575197,1
-1.2797320695937364,1.3209498497477288,1.150940568507211,-1.7425044546652462,1.2789650200435343,0.012057548683866342,-1.2045620122730627,0.2406781753359699,0
-1.3358269406755534,-0.5779850579606569,0.715431151140574,-1.5539094203740023,0.977632930891971,-1.5662968341956907,-1.274272923397354,1.3646289920252512,0
-0.3050836845471861,-0.4877248978136411,1.0638386850338832,-1.3024493746523442,-0.6883525275206945,0.6379567005154148,0.015378932402047775,-0.5836613844087618,1
-0.5014157333335423,1.47022626845241,0.19281985030060858,1.4321786225706887,-1.1697911527168698,1.563198924962052,-1.0302847344623325,-1.527414684649685,0
-1.6794080260516744,1.5604864285994258,-0.2862405088026931,1.4636111282858955,-0.9446579826611047,-0.5049895767421952,0.36393348802350733,0.45238682775953043,0
-0.19289394238355437,-0.8452939937806685,-0.8524027513793213,-0.7995292832090279,-0.3697025022109956,-1.3349862780840314,0.36393348802350733,0.6447563426245392,0
0.7326714304664069,-0.6022858703079307,1.5864499858738488,-0.8309617889242351,0.00956029965217896,0.8012347401236449,0.43364439914779945,-1.4716272995132589,0
1.0166517153180978,-0.7064322089391051,-0.2862405088026931,1.2750160939946522,0.28837907179816546,0.4066461444037556,0.25936712133707,-0.3813950637810493,1
-0.35767262618638795,-1.1959200005056165,-0.46044427574934726,-0.04514914604405327,-0.9862210294406304,1.5904119315634235,1.061042599266428,0.06920881730697254,0
0.18224050797608904,-0.08502572177310452,-0.41689333401268347,-0.35947420319612594,1.6807411389122853,-0.042368464518877054,0.991331688142136,0.3589881933412266,1
0.9745805620067368,0.9772669322648575,-1.5927687609026053,-1.3967468917979662,0.8338940607794437,-0.4233505569380802,-1.0302847344623325,0.7403172569099938,1
0.2313235201726781,0.31767345426742954,0.018616083353953428,1.149286071133823,-0.8165052550908993,1.604018434864109,-1.0999956455866247,-0.07824116815076282,1
-0.6030876871693331,0.8904783167388801,-0.5910971009593387,-1.5539094203740023,-0.4147291362221484,-0.5185960800428815,-1.1697065567109166,0.30719227521805287,1
1.2655727057436559,-0.6161720487920868,0.9767368015605558,-0.7680967774938207,-1.1594003910219886,0.4882851642078707,0.8519098658935519,-0.9692105633840438,1
0.45219707505732626,-0.3523346575931161,-1.1572593435359673,1.2121510825642376,-1.129959899553158,-1.6479358539998057,1.4793080660121805,-1.6151309830724605,0
-0.02811525858072078,0.31420190964639116,-0.5039952174860111,0.2691759111080194,-1.4416827503996021,0.8828737599277601,-1.5879720234566683,-0.6032150562622266,0
-1.5356649189045224,-1.3833834100417275,-1.3750140522192862,-0.45377172034174784,1.7136452176127432,1.032545296235304,0.8867653214556986,0.8440699938775261,0
-1.104435597463062,-0.8973671630962544,0.5412273841939189,-1.7110719489500388,1.2287430051849402,-1.14449523187443,1.5838744326986178,0.1652863075920206,1
-0.29105996677673246,-0.7446191997705349,-0.72174992616933,0.8663935196969574,-0.7593560657690515,-0.954004185664828,-1.0999956455866247,0.7388889101570191,0
-0.8940798309062521,-0.6508874950024782,-0.6346480426960024,-1.5539094203740023,0.7022777459776116,-1.3349862780840314,0.8519098658935519,-0.23118153786647255,0
-0.41376749726820505,-1.268822437547438,0.6718802094039102,0.7406634968361285,0.8564073777850204,-0.8451521592593412,-1.0651401900244786,1.4320379257426956,0
-0.8940798309062521,-1.546546007230566,-0.41689333401268347,-0.7680967774938207,0.1446402016856382,0.012057548683866342,-0.9954292789001865,0.046806920406568676,0
-1.1990956924136271,-1.5916760873040738,-0.9395046348526489,-1.0824218346458934,-1.2407946909652268,-1.3213797747833456,1.0261871437042813,1.2762549766193871,0
1.360232800694221,-0.5502127009923448,1.1944915102438747,0.6149334739752994,1.2685742583486526,1.1958233358435342,-0.6817301788408722,1.4296695800396415,0
0.06303890692722923,-0.1857005157832405,0.8896349180872282,-0.7366642717786134,0.8027217756947993,-0.6138416031476821,0.7821989547692598,-1.1704098581765303,1
1.1393592458095705,-1.0848305726323653,-1.0701574600626402,1.3064485997098596,0.9620467883496487,1.0869713094380475,-1.5182611123323762,-1.5530204818754363,0
-0.3085896139898014,-1.5118305610201745,-0.9395046348526489,0.48920345111447017,-0.5688587680295573,-1.3485927813847174,-0.054331978722244295,-0.8135292357688518,0
-1.5251471305766815,-1.3833834100417275,0.8025330346139006,1.117853565418616,-0.5809813233402523,-0.6954806229517971,1.4444526104500337,1.3135613613769141,1
0.4837504400408489,-1.1959200005056165,-0.2426895670660293,1.4636111282858955,-0.461487563849115,1.2910688589483348,1.65358534382291,-1.2040381089041652,0
1.605647861677164,-1.1230175634637953,1.1073896267705472,1.5893411511467246,0.11693150383262088,-1.457444807790204,0.43364439914779945,1.498424998739633,1
0.45219707505732626,-1.3903264992838067,0.8025330346139006,0.583500968260092,-0.6121536084248967,0.9645127797318751,1.7581517105093487,-0.29083054031133515,0
-0.9151154075619339,0.5433238546349703,-1.636319702639269,1.4950436340011026,1.1490804988575156,-0.7635131394552261,-0.29832016765726654,-1.4540721839860904,0
0.8448611726300386,-0.4703671747084466,-0.7653008679059937,1.6836386682923465,1.246060941343076,0.7468087269209016,1.6884407993850568,-0.4713188071856941,0
1.0797584452851405,-1.6472208012406995,1.7171028110838402,1.4321786225706887,1.1733256094789057,1.223036342444906,-1.6228274790188144,0.4061377502877292,0
-0.04564490579378972,1.3521937513370794,-0.7653008679059937,-0.45377172034174784,-1.1715229463326837,0.17533558829209653,1.6884407993850568,1.6100646938648933,1
-1.3743921645443016,0.6787140948554954,1.6735518693471763,0.11201338253198288,0.5013896865432361,-0.8315456559586557,-0.2634647120951205,-1.5403940094919302,0
0.14367528410734087,1.404266920652668,1.1073896267705472,-0.4223392146265405,-0.44243783407516574,-1.0220367021682573,-1.1697065567109166,-1.6205903163140658,0
-0.6030876871693331,0.8904783167388801,-0.5910971009593387,-1.5539094203740023,-0.4147291362221484,-0.5185960800428815,-1.1697065567109166,0.30719227521805287,1
-0.3857200617272977,1.5639579732204665,-0.11203674185603793,1.6836386682923465,-1.1680593591010566,0.13451607839003868,-0.8211520010894563,1.3078225689879877,0
-0.28404810789150686,0.637055559403027,1.0638386850338832,-1.7425044546652462,0.8217715054687486,1.0189387929346185,-1.5879720234566683,-1.0070956261739024,1
-1.1570245391022638,0.3732181682040539,-0.5039952174860111,1.5893411511467246,1.0295867393663785,-1.6887553639018633,-0.40288653434370386,0.7545922559807273,0
-0.7783841593000076,-1.1507899204321086,0.32347267551059994,1.337881105425067,-0.7749422083113736,-0.7635131394552261,-0.9257183677758944,-1.2977557219451685,1
-1.2271431279545346,1.2758197696742197,1.2380424519805384,1.2121510825642376,-0.028539159895719944,-1.2397407549792305,-1.3091283789595,1.2175798469606431,0
0.9745805620067368,0.9772669322648575,-1.5927687609026053,-1.3967468917979662,0.8338940607794437,-0.4233505569380802,-1.0302847344623325,0.7403172569099938,1
0.9570509147936703,0.24824256184664661,1.150940568507211,-1.6167744318044168,-0.5688587680295573,-0.7090871262524827,0.29422257689921527,0.2139404274225845,1
-0.7924078770704612,0.9911531107490136,1.1944915102438747,1.4636111282858955,1.3343824157495687,0.03927055528523804,-0.507452901030142,0.3855650405334267,0
1.44086917787433,0.3558604450988594,-0.3297914505393559,-1.6167744318044168,0.5671978439441523,0.9645127797318751,-0.8211520010894563,0.04057413457540799,0
0.46972672227039525,-1.5500175518516044,1.7171028110838402,0.08058087681677559,-0.7818693827746278,-0.5049895767421952,1.1307535103907203,-0.2543060766023732,0
-0.904597619234093,0.6196978362978302,0.715431151140574,0.3006084168232267,0.4096046249051164,1.604018434864109,0.39878894358565414,-1.1165194078582836,1
1.1989600463340002,1.4355108222420183,0.7589820928772378,-1.0824218346458934,0.5152440354697447,1.604018434864109,1.3398862437635963,0.9548007410690755,0
0.26988874404142627,0.2933726419201558,-0.7653008679059937,1.3693136111402742,-0.5601997999504892,-1.185314741776487,-0.08918743428439033,-0.14296560036212297,0
0.382078486205058,-1.6402777119986214,-0.11203674185603793,-0.35947420319612594,-0.22596363209846804,-1.14449523187443,-0.7862965455273103,-0.3097631918374199,0
0.9009560437118532,-0.6960175750759874,0.27992173377393614,1.0864210597034085,0.7230592693673744,0.7332022236202154,1.3747416993257415,-1.410414454971266,0
-1.3393328701181664,0.6092832024347149,-1.0266065183259765,-0.7366642717786134,-0.9377308081978499,-1.6207228473984339,0.6427771325206757,-0.6847973675422881,0
-1.2096134807414656,1.7514213827565774,-1.3314631104826224,0.929258531127372,-1.587153414127943,1.2502493490462776,0.2245116657749232,-0.3737113486395552,1
0.2944302501397208,-1.313952517620946,1.4557971606638573,0.6463659796905067,1.0122688032082425,1.6856574546682241,-1.5879720234566683,-1.4104116321515963,0
1.65122494443114,0.6544132825082216,0.19281985030060858,-0.4223392146265405,0.7802084586892226,-0.4777765701408236,-0.2634647120951205,0.43340054265971745,1
1.0937821630555942,-0.5953427810658539,-0.7653008679059937,-1.522476914658795,0.07190486982146779,-1.4030187945874606,-0.8560074566516024,1.6216297860525133,0
0.23482944961529087,0.28990109729911734,-1.3314631104826224,0.08058087681677559,-0.16535085554499304,-1.1717082384758015,1.2701753326393044,0.8337921074593848,1
-1.195589762971012,1.4563400899682537,0.105717966827281,0.23774340539281208,-1.1195691378582762,-1.4166252978881466,1.061042599266428,-1.4545492405103049,1
0.9815924208919649,1.400795376031627,-1.6798706443759324,-1.491044408943588,-0.11339704707058547,1.5087729117593085,-0.9605738233380404,1.4539063097254863,0
-0.16134057740003424,0.1440962232154747,1.6735518693471763,1.117853565418616,0.24854781863445305,0.5699241840119859,-0.6120192677165801,0.575746870154256,1
-0.6591825582511502,-0.3453915683510368,-0.3297914505393559,-1.522476914658795,-0.946389776276918,1.4679534018572507,-0.01947652316009826,-0.20934702771972064,0
0.18925236686131464,1.5431287054942313,1.7171028110838402,1.620773656861932,-1.5923487949753838,-0.5594155899449387,0.43364439914779945,0.049705956207566106,0
-1.1990956924136271,0.4912506853193844,0.6283292676672464,0.017715865386361333,1.5993468389690468,-0.15122049092436385,0.3290780324613621,0.8132448030821116,0
-0.4383090033664996,-0.15098506957284905,-0.41689333401268347,0.7406634968361285,-0.8043826997802043,0.5971371906133576,0.7821989547692598,0.9704899727944339,0
-1.5146293422488408,-0.3419200237299984,1.4122462189271936,0.8663935196969574,-0.6693027977467453,-0.13761398762367769,-1.3091283789595,1.3000372323383766,1
1.0937821630555942,0.2829580080570381,1.5864499858738488,-0.6423667546329914,1.0053416287449883,-1.47105131109089,-0.4377419899058499,0.4675933573213339,0
-0.7713723004147796,0.5884539347084795,0.36702361724726373,0.017715865386361333,-1.4035832908517036,0.24336810479552545,1.5490189771364726,1.629993800734456,0
1.5776004261362564,-1.230635446716008,0.19281985030060858,1.023556048272994,-0.5013188170128274,0.7059892170188438,0.015378932402047775,1.4697931388277383,1
-1.304273575692031,-1.237578535958086,1.4122462189271936,0.3949059339688486,-1.1022512017001407,1.6856574546682241,-0.2634647120951205,1.6759210767638872,0
1.5495529905953491,1.7583644719986544,0.45412550072059127,-0.7052317660634061,-1.0658835357680554,-1.6343293506991199,1.2353198770771574,1.7008550429081999,0
0.1997701551891555,-1.6368061673775818,0.8460839763505644,-0.7995292832090279,-0.8753862380285611,-1.4438383044895182,-0.507452901030142,-1.497145589329243,0
-0.5399809572022904,1.5257709823890342,1.1944915102438747,1.620773656861932,0.29703803987723354,-0.015155457917505355,1.061042599266428,-0.007272658829562095,0
-1.500605624478387,0.9772669322648575,1.0202877432972195,0.6463659796905067,-0.9671712996666811,-1.3621992846854032,0.991331688142136,0.2771715880285627,0
-0.7924078770704612,0.9911531107490136,1.1944915102438747,1.4636111282858955,1.3343824157495687,0.03927055528523804,-0.507452901030142,0.3855650405334267,0
-1.3428387995607791,1.3903807421685117,-1.5927687609026053,0.23774340539281208,-0.33506662989472347,0.2569746080962116,-0.7862965455273103,0.13017043089834301,1
-0.704759641005124,-1.6368061673775818,0.9767368015605558,0.677798485405714,-1.6373754289865374,1.3318883688503926,-0.3331756232194126,0.29477469149012,0
-1.2271431279545346,-0.05378182018375394,0.8460839763505644,-0.8309617889242351,-1.523077050342841,-0.015155457917505355,0.991331688142136,1.6276000496543728,1
1.451386966202171,0.05730760768949727,0.45412550072059127,0.3949059339688486,0.9672421691970894,1.3999208853538216,-0.29832016765726654,-0.4920947599562296,0
-0.2139295190392361,1.5466002501152696,0.8460839763505644,-0.7366642717786134,0.5031214801590497,1.4951664084586223,0.2245116657749232,1.2711005079021318,0
-1.4059455295278218,0.45653523910899296,-0.9830555765893128,0.9921235425577866,0.2745247228716568,-0.0015489546168192053,0.2245116657749232,-1.022310624194716,1
0.382078486205058,-1.6402777119986214,-0.11203674185603793,-0.35947420319612594,-0.22596363209846804,-1.14449523187443,-0.7862965455273103,-0.3097631918374199,0
-1.3112854345772589,-1.1993915451266561,0.7589820928772378,0.14344588824719018,-0.2363543937933499,-0.6410546097490538,-1.5182611123323762,-0.03743448700254776,0
-1.433992965068729,-1.1577330096741867,-0.8088518096426576,-1.0195568232154788,-1.1715229463326837,-0.804332649357284,-0.40288653434370386,1.6319133181099945,1
-0.7889019476278485,-1.508359016399136,0.19281985030060858,-0.01371664032884597,0.9481924394231401,0.8964802632284455,0.08508984352633907,-1.5122109779075512,0
-0.4383090033664996,-0.9320826093066459,0.6718802094039102,0.3949059339688486,-0.5879084978035065,-0.9948236955668859,1.4444526104500337,0.4686152180418414,0
1.0341813625311667,-1.5673752749568,1.6735518693471763,0.04914837110156863,-1.0225886953727157,-1.3485927813847174,-1.6925383901431064,1.3041896000728137,0
1.013145785875485,0.7307872641710813,-0.6346480426960024,1.4950436340011026,0.0303418230419418,1.454346898556565,0.050234387964193813,0.1947932416015868,1
1.5811063555788694,0.27601491881496126,-0.72174992616933,-0.7995292832090279,1.0953948967672944,0.4066461444037556,-1.1348511011487707,0.8084516552826049,0
0.06303890692722923,-0.1857005157832405,0.8896349180872282,-0.7366642717786134,0.8027217756947993,-0.6138416031476821,0.7821989547692598,-1.1704098581765303,1
0.2839124618118799,-0.8730663507489806,-0.2426895670660293,-0.8309617889242351,-1.3360433398349738,-0.028761961218190902,-0.9605738233380404,-1.1495435751765575,0
-1.504111553921,-1.0640013049061312,-1.0266065183259765,-1.3967468917979662,-1.4018514972358898,-0.0831879744209343,-0.9954292789001865,1.3751383496563252,0
-0.31910740231763973,-0.16139970343596674,0.105717966827281,1.620773656861932,0.4996578929274225,1.4679534018572507,-1.2394174678352088,0.9257341669280147,1
0.5889283233192526,0.27601491881496126,1.0638386850338832,0.9921235425577866,-1.046833805994106,-1.6751488606011773,-0.2634647120951205,-1.5479845715843172,0
1.360232800694221,0.7169010856869252,-1.6798706443759324,-0.4852042260569551,0.6693736672771536,-1.457444807790204,0.15480075465063114,-1.4351818747550542,1
-1.2762261401511237,-0.5502127009923448,0.23637079203727235,-0.6109342489177844,0.41999538659999763,0.9372997731305034,1.3050307882014496,-1.288352909624699,0
-0.31560147287502693,-0.7342045659074172,-1.3314631104826224,0.14344588824719018,0.1896668356967913,0.12090957508935313,-0.8908629122137484,1.0599394824945334,0
0.17522864909086097,0.2412994726045698,-0.8959536931159852,1.5893411511467246,0.894506837332919,-1.0900692186716865,-0.9257183677758944,-1.6149616138922658,0
-0.8905739014636394,0.34544581123574175,0.105717966827281,1.2750160939946522,-1.2061588186489551,-0.65466111304974,0.5730662213963835,-0.2956857901435798,1
-1.5461827072323608,0.30378727578327347,-0.5039952174860111,-0.17087916890488247,1.7067180431494886,0.4882851642078707,1.7581517105093487,-0.4932408247422131,0
-1.1465067507744229,-0.10238344487830149,-0.8088518096426576,-0.2651766860505044,-1.4936365588740097,-0.23285951072847894,-0.22860925653297448,1.6030584554441774,0
0.6590469121715233,-0.7133752981811818,-0.15558768359270173,1.0549885539882011,1.349968558291891,0.2977941179982689,0.6079216769585304,0.617115292416783,0
1.160394822465252,-0.9355541539276843,-1.244361227009295,-1.1138543403611005,0.9966826606659203,-1.3349862780840314,0.25936712133707,-1.5692686318954367,0
0.4837504400408489,-0.09544035563622222,-0.5910971009593387,-0.01371664032884597,-1.6616205396079269,-0.9676106889655142,0.8170544103314066,0.6828277115126121,0
-1.500605624478387,0.9772669322648575,1.0202877432972195,0.6463659796905067,-0.9671712996666811,-1.3621992846854032,0.991331688142136,0.2771715880285627,0
0.6380113355158415,1.5257709823890342,0.49767644245725506,1.2121510825642376,1.1196400073886847,0.7195957203195299,-0.6120192677165801,0.9978289812975099,0
1.50046997839876,-0.42870863925597585,1.150940568507211,-1.050989328930686,-1.6598887459921137,-0.9403976823641425,-0.29832016765726654,-0.00920911312312034,0
-0.7468307943164875,0.7134295410658869,-1.1572593435359673,1.4950436340011026,1.019195977671497,-0.65466111304974,1.3747416993257415,-0.5374348894943201,0
-0.23145916625230253,0.28990109729911734,1.542899044137185,0.6149334739752994,-1.0935922336210726,-0.17843349752573553,-0.19375380097082845,0.8750419712957755,1
0.2839124618118799,-0.8730663507489806,-0.2426895670660293,-0.8309617889242351,-1.3360433398349738,-0.028761961218190902,-0.9605738233380404,-1.1495435751765575,0
-1.4795700478227054,0.31420190964639116,1.150940568507211,-1.3338818803675516,-1.2546490398917356,1.1141843160394191,0.921620777017844,0.4317435475134802,0
0.26287688515619817,0.7238441749290045,-1.6798706443759324,0.04914837110156863,-0.2328908065617222,-0.46417006684013806,0.2245116657749232,1.0791148965122304,0
0.9570509147936703,0.24824256184664661,1.150940568507211,-1.6167744318044168,-0.5688587680295573,-0.7090871262524827,0.29422257689921527,0.2139404274225845,1
0.23482944961529087,0.28990109729911734,-1.3314631104826224,0.08058087681677559,-0.16535085554499304,-1.1717082384758015,1.2701753326393044,0.8337921074593848,1
1.304137929612404,1.5327140716311136,-0.3297914505393559,0.5206359568296774,0.7975263948473587,-0.32810503383327955,-0.8211520010894563,-0.512229932661696,0
1.402303954005582,1.688933579577874,0.5412273841939189,-0.4852042260569551,-0.7905283508536959,-0.6954806229517971,-1.0302847344623325,1.035685815890669,0
-0.613605475497174,1.685462034956833,1.4993481024005213,0.583500968260092,-0.4822690872388782,-0.2736790206305362,0.36393348802350733,0.7872635708402625,0
0.9290034792527606,1.47022626845241,0.9767368015605558,-0.5166367317721624,-0.6138854020407106,-1.5935098407970623,0.43364439914779945,1.5413459718206104,0
1.3391972240385392,-1.3243671514840636,-1.2008102852726312,0.04914837110156863,0.21737553354980862,-0.06958147112024875,0.9564762325799891,1.3322230222146871,0
0.32598361512324087,-1.074415938769249,-1.6798706443759324,1.0549885539882011,-0.7610878593848647,-0.3961375503367085,-0.8211520010894563,-1.0559134695453216,0
-0.9291391253323875,-0.876537895370019,-1.4185649939559501,0.9921235425577866,-0.5030506106286413,-0.681874119651111,1.6187298882607646,-1.5098313409258173,0
1.4724225428578528,1.0605840031697966,-0.8088518096426576,-1.5853419260892097,0.38362772066791256,-0.23285951072847894,-1.6228274790188144,-0.2003196504153494,0
-0.41376749726820505,-1.268822437547438,0.6718802094039102,0.7406634968361285,0.8564073777850204,-0.8451521592593412,-1.0651401900244786,1.4320379257426956,0
0.424149639516419,0.133681589352357,0.23637079203727235,-0.2651766860505044,0.0909545995954174,-0.3689245437353368,0.39878894358565414,-1.1223626445749968,0
0.21729980240222194,-0.47383871932948496,-1.723421586112596,0.08058087681677559,-1.5577129226591124,0.5835306873126713,-1.0302847344623325,-1.2765789287815057,0
-1.2867439284789643,-1.6437492566196599,-0.2426895670660293,-0.7995292832090279,-1.4711232418684335,-1.4982643176922616,0.6079216769585304,1.1483332576380874,0
-1.0483407263812472,-0.5640988794765008,-1.5492178191659414,0.929258531127372,-0.05624785774873727,-1.3894122912867748,0.43364439914779945,0.0443708270314368,0
-0.28755403733411966,0.3940474359302893,-0.3733423922760197,-0.7995292832090279,1.2374019732640082,-0.35531804043465126,-0.15889834540868242,-1.371456720706842,0
-1.2832379990363492,-0.9702696001380757,-1.1572593435359673,-0.8623942946394424,-1.268503388818244,-0.5594155899449387,1.0261871437042813,1.46849464177958,1
-1.4970996950357718,-0.6890744858339081,-1.2879121687459587,-1.491044408943588,1.2270112115691267,-0.9403976823641425,1.4793080660121805,-1.6106709279940028,0
0.024473683058481053,-1.3972695885258848,0.062167025090617216,-0.925259306069857,0.8183079182371215,-0.2464660140291645,-1.5531165678945222,1.3266112567109067,0
-1.4480166828391852,0.6613563717503008,0.19281985030060858,1.2121510825642376,-0.032002747127347034,-1.5662968341956907,1.6884407993850568,-1.1393560189878533,0
-0.25600067235059704,-0.06419645404687163,1.1073896267705472,0.08058087681677559,0.5377573524753214,-0.0015489546168192053,-1.0651401900244786,0.2886689325441049,1
-0.16134057740003424,0.1440962232154747,1.6735518693471763,1.117853565418616,0.24854781863445305,0.5699241840119859,-0.6120192677165801,0.575746870154256,1
-0.4453208622517251,1.6056165086729348,0.27992173377393614,0.017715865386361333,0.8789206947905968,1.0461517995359897,-0.3680310787815586,1.1857243269857116,1
1.4969640489561473,0.06425069693157655,-0.2426895670660293,1.4321786225706887,0.4373133227581337,0.7876282368229588,-0.542308356592288,1.4513234297275188,0
-0.364684485071616,-1.3521395084523757,0.8896349180872282,-1.5853419260892097,1.1975707201002959,0.6787762104174726,-1.4834056567702303,0.8119321919356036,1
-0.28755403733411966,-0.8487655384017069,1.2380424519805384,-0.4223392146265405,0.2312298824763173,-1.5799033374963765,-0.40288653434370386,-0.3810506797813205,0
-1.598771648871565,-1.0535866710430135,-0.7653008679059937,0.8349610139817505,1.0728815797617182,0.44746565430581287,1.7581517105093487,-1.2209383302679147,0
-0.11225756520344521,-1.3278386961051019,-0.19913862532936552,1.5579086454315174,-0.05451606413292373,0.3658266345016978,0.43364439914779945,1.4407801982604058,1
0.031485541943709124,-0.4773102639505234,-0.15558768359270173,-0.35947420319612594,-1.4278284014730938,-1.185314741776487,-0.2634647120951205,0.14981725580091493,0
-0.6416529110380813,1.1439010740747355,-0.8088518096426576,-1.7110719489500388,-0.6831571466732537,1.3182818655497066,-0.8211520010894563,1.2744737774076738,0
-1.59526571942895,0.1614539463206692,0.105717966827281,0.48920345111447017,1.3066737178965515,0.5835306873126713,0.43364439914779945,0.19949041353231695,0
-1.59526571942895,0.1614539463206692,0.105717966827281,0.48920345111447017,1.3066737178965515,0.5835306873126713,0.43364439914779945,0.19949041353231695,0
1.300632000169791,1.7062913026830684,1.4122462189271936,1.620773656861932,0.129054059143316,1.6992639579689104,-0.9954292789001865,-0.12989594529044107,1
1.3847743067925156,-1.0848305726323653,-0.72174992616933,-0.35947420319612594,-1.0191251081410886,-1.4846578143915758,0.11994529908848588,-0.819618057796847,0
0.3855844156476708,1.0466978246856404,1.2380424519805384,0.583500968260092,0.29184265902979256,0.6515632038161009,1.1656089659528655,-0.9107132713645043,0
0.6415172649584544,1.6819904903357945,0.8025330346139006,-0.4852042260569551,-0.2657948852621805,-0.40974405363739463,-0.9257183677758944,0.7607375344021209,0
0.6941062065976586,-0.22388750661467038,-0.2426895670660293,-1.522476914658795,-0.5809813233402523,-1.3213797747833456,-0.19375380097082845,-1.0255738037331315,1
-1.4620404006096388,-0.3141476667616862,-1.4185649939559501,0.2691759111080194,-1.5265406375744681,1.5904119315634235,-1.0999956455866247,0.020167971181630752,0
-0.9852339964142046,0.7932750673497849,0.018616083353953428,-0.17087916890488247,0.7905992203841041,-1.1717082384758015,-0.19375380097082845,1.070522233437025,0
-0.8555146070375039,0.18575475866794297,-0.02493485838271036,-1.1138543403611005,-0.0008304620427026151,-1.185314741776487,-1.6228274790188144,-1.4867152706489266,0
1.6547308738737527,-1.463228936325627,1.2815933937172024,-0.4852042260569551,-1.5577129226591124,1.644837944766167,-0.12404288984653637,1.45504108323279,0
0.46622079282777995,-0.9563834216539197,-0.2862405088026931,-1.050989328930686,-1.3931925291568223,-1.5390838275943188,0.7124880436449678,-1.2594782872211923,0
1.5881182144640973,-1.5430744626095263,-1.2879121687459587,-0.17087916890488247,-0.6294715445830328,-0.5049895767421952,0.15480075465063114,1.628088397457267,0
1.0797584452851405,0.39057589130925086,0.6283292676672464,0.3949059339688486,1.1941071328686688,-0.43695706023876635,-0.22860925653297448,0.08545696732697286,0
-0.3050836845471861,-0.4877248978136411,1.0638386850338832,-1.3024493746523442,-0.6883525275206945,0.6379567005154148,0.015378932402047775,-0.5836613844087618,1
-0.6065936166119459,-0.9633265108959965,1.4993481024005213,0.3006084168232267,1.1456169116258885,-0.40974405363739463,1.0261871437042813,-1.0957067584320392,0
0.1612049313204073,-1.0431720371798971,1.542899044137185,-1.5853419260892097,0.646860350271577,0.20254859489346821,1.5490189771364726,1.6535953959945715,1
1.5460470611527364,-0.8591801722648246,-0.5910971009593387,-0.6109342489177844,-1.6443026034497914,-0.7499066361545406,0.8170544103314066,-1.5991171270850624,0
1.160394822465252,-0.9355541539276843,-1.244361227009295,-1.1138543403611005,0.9966826606659203,-1.3349862780840314,0.25936712133707,-1.5692686318954367,0
-0.12277535353128607,-0.9112533415804105,-1.5492178191659414,-1.7425044546652462,-1.046833805994106,1.3318883688503926,-0.22860925653297448,-1.2466598631001322,1
-1.2411668457249883,-1.268822437547438,1.1073896267705472,1.5893411511467246,-1.4330237823205347,-0.804332649357284,-1.5879720234566683,-1.6147696621547118,1
0.872908608170946,1.5292425270100751,-1.636319702639269,0.4577709453992632,-0.31948048735240125,0.7195957203195299,-0.9257183677758944,1.1680619443110865,0
0.6485291238436824,1.1230718063485001,0.36702361724726373,1.620773656861932,0.7040095395934252,-0.2872855239312223,-1.274272923397354,-1.1587770183168324,0
-1.4795700478227054,1.6611612226095591,1.7171028110838402,-0.8309617889242351,-0.2779174405728756,-0.3008920272319079,0.921620777017844,-0.12631660994899546,0
-0.4593445800221813,0.21352711563625762,1.0202877432972195,0.48920345111447017,1.3915316050714168,1.644837944766167,1.3747416993257415,0.44905307772936665,0
-1.598771648871565,-1.0535866710430135,-0.7653008679059937,0.8349610139817505,1.0728815797617182,0.44746565430581287,1.7581517105093487,-1.2209383302679147,0
1.451386966202171,-0.16139970343596674,-0.19913862532936552,1.52647613971631,-1.575030858817248,-0.8315456559586557,-0.6817301788408722,-0.16008600166012596,0
-0.5960758282841051,1.2029173326323983,0.41057455898392753,1.5893411511467246,0.8338940607794437,-0.5049895767421952,-1.6228274790188144,1.1548934905509576,0
-1.553194566117589,0.005234438373911303,-1.244361227009295,1.6522061625771391,0.37843233982047164,-0.8995781724620846,0.6776325880828225,-0.2302810583917712,0
-1.2902498579215773,-0.6856029412128697,-1.3314631104826224,0.23774340539281208,-1.098787614468513,1.4407403952558788,-1.3439838345216462,0.08235186569007213,0
1.0026279975476442,1.2619335911900635,-1.5056668774292776,-1.050989328930686,0.13944482083819756,0.24336810479552545,-1.0999956455866247,0.06048348170728157,1
0.38909034509028356,1.3174783051266903,1.4557971606638573,-0.04514914604405327,0.852943790553393,0.7876282368229588,0.6427771325206757,-0.6091091037329982,1
1.114817739711276,-0.8869525292331367,0.23637079203727235,1.023556048272994,1.5508566177262666,-1.4846578143915758,0.18965621021277795,-1.2199983313178349,1
1.640707156103299,-1.546546007230566,0.9767368015605558,1.117853565418616,-0.9082903167290194,1.3454948721510782,0.39878894358565414,0.5902392263395726,0
-1.2096134807414656,0.07119378617365336,0.9767368015605558,0.8663935196969574,0.9897554862026661,-0.5458090866442531,-0.577163812154434,1.4884293942884825,0
0.1612049313204073,0.18575475866794297,0.7589820928772378,-0.10801415747446787,0.6901551906669164,0.3930396411030695,-1.3091283789595,1.4709222666957023,0
0.3575369801067635,0.7169010856869252,0.23637079203727235,1.2121510825642376,-1.4971001461056368,-0.042368464518877054,0.050234387964193813,-0.3626825921892176,0
-0.7748782298573947,1.091827904759147,-0.6781989844326662,-0.6109342489177844,-0.10820166622314453,-0.9676106889655142,-1.5879720234566683,1.1251550853284584,0
0.613469829417547,0.2517141064676875,1.4122462189271936,0.2691759111080194,-0.25367232995148536,1.3591013754517645,-0.6468747232787261,-0.14744541517826995,1
1.1428651752521832,1.445925456105136,-0.9830555765893128,-0.13944666318967516,-0.719524812605339,0.03927055528523804,-1.4834056567702303,1.088960891520876,0
-1.4269811061835036,0.3558604450988594,-0.15558768359270173,-0.6737992603481988,-0.7628196530006786,0.18894209159278208,-0.577163812154434,-1.3556037654406285,0
1.405809883448195,-0.057253364804792345,-0.5039952174860111,-0.45377172034174784,1.6772775516806582,-1.5799033374963765,1.0261871437042813,-1.5245946877994454,0
-0.1438109301869653,-0.14057043570973138,-0.3297914505393559,0.3949059339688486,1.313600892359806,-1.6479358539998057,1.7581517105093487,0.6737551690935218,1
-0.7783841593000076,0.9842100215069368,-1.4621159356926139,-1.5539094203740023,0.11693150383262088,-0.2464660140291645,0.39878894358565414,1.293795978048206,0
-1.1570245391022638,-1.088302117253405,0.5847783259305827,-0.04514914604405327,1.052100056371955,0.24336810479552545,-1.1348511011487707,-1.2791448718614535,0
-1.5321589894619072,1.7236490257882628,0.49767644245725506,-1.7110719489500388,1.0209277712873106,-1.4166252978881466,-0.8211520010894563,-0.6391269681028184,1
-0.12628128297389887,-0.6786598519707904,-0.6346480426960024,0.1748783939623975,-1.0052707592145798,-0.6682676163504255,0.5033553102720915,0.8094001226916948,0
0.46972672227039525,-1.5500175518516044,1.7171028110838402,0.08058087681677559,-0.7818693827746278,-0.5049895767421952,1.1307535103907203,-0.2543060766023732,0
0.11562784856643106,1.0883563601381088,-0.41689333401268347,0.23774340539281208,-0.11512884068639902,0.6651697071167865,0.050234387964193813,0.32852996910290067,1
-0.07719827077730983,0.1614539463206692,0.5412273841939189,-0.8309617889242351,-1.575030858817248,-1.375805787986089,-0.01947652316009826,1.599498879840421,1
0.9290034792527606,1.47022626845241,0.9767368015605558,-0.5166367317721624,-0.6138854020407106,-1.5935098407970623,0.43364439914779945,1.5413459718206104,0
-0.5329690983170624,-0.2516598635829826,-1.5927687609026053,1.0864210597034085,-0.45802397661748795,-0.45056356353945193,0.08508984352633907,0.15388211612558483,0
-0.02460932913810799,-0.9424972431697636,-0.5039952174860111,-0.04514914604405327,0.004364918804738326,1.1958233358435342,1.0261871437042813,-1.1500545055368114,1
-0.5785461810710386,0.7793888888656288,1.2815933937172024,-0.7052317660634061,0.44770408445301496,-1.6207228473984339,-1.3091283789595,-1.546242891847983,1
-1.4129573884130497,0.7203726303079636,1.0638386850338832,-0.5795017432025771,1.263378877501212,1.0053322896339323,-0.22860925653297448,-0.9242148178456826,0
0.8658967492857179,0.824518968939138,-0.7653008679059937,-0.925259306069857,-1.1888408824908197,-1.117282225273058,0.36393348802350733,0.044766021785224056,0
1.0762525158425278,1.5639579732204665,0.6718802094039102,1.149286071133823,0.9897554862026661,1.141397322640791,1.3050307882014496,-1.4693944491543602,1
1.1954541168913875,0.19616939253106067,0.7589820928772378,-0.35947420319612594,1.2200840371058725,-0.9403976823641425,0.5730662213963835,-0.8611586720592388,0
-1.1745541863153328,1.5952018748098171,-1.1572593435359673,-0.5166367317721624,0.42865435467906565,0.6243501972147292,-0.2634647120951205,1.1474553607207454,1
0.4381733572868726,-0.6821313965918313,-1.113708401799304,-0.6423667546329914,0.32128315049862377,1.1550038259414763,1.1307535103907203,0.22170035869516633,1
0.9570509147936703,0.24824256184664661,1.150940568507211,-1.6167744318044168,-0.5688587680295573,-0.7090871262524827,0.29422257689921527,0.2139404274225845,1
0.18224050797608904,-0.08502572177310452,-0.41689333401268347,-0.35947420319612594,1.6807411389122853,-0.042368464518877054,0.991331688142136,0.3589881933412266,1
0.08407448358291096,-0.796692369086121,1.3251443354538661,0.4577709453992632,-1.2892849122080072,0.21615509819415377,-0.6817301788408722,-1.2635657301032217,0
0.17873457853347377,0.3593319897198978,-0.72174992616933,0.6149334739752994,-0.8736544444127479,0.311400621298955,-0.19375380097082845,-0.9967782202803824,0
0.1366634252221128,0.21352711563625762,1.0638386850338832,-1.4281793975131734,-1.365483831303805,-0.13761398762367769,1.7581517105093487,-0.004305875356486897,1
-0.8099375242835302,-1.1091313849796391,1.3251443354538661,-1.6796394432348316,-0.06317503221199144,-0.7635131394552261,1.4444526104500337,-0.5559017757748693,0
0.5468571700078916,1.5084132592838397,-1.2879121687459587,0.6149334739752994,0.037268997505196286,-1.1717082384758015,0.25936712133707,0.46646705227304,1
0.5889283233192526,1.3140067605056496,1.150940568507211,-0.3280416974809186,0.8442848224743253,1.5768054282627375,-1.6576829345809605,0.9480626705170008,0
0.4837504400408489,-0.09544035563622222,-0.5910971009593387,-0.01371664032884597,-1.6616205396079269,-0.9676106889655142,0.8170544103314066,0.6828277115126121,0
1.640707156103299,-1.546546007230566,0.9767368015605558,1.117853565418616,-0.9082903167290194,1.3454948721510782,0.39878894358565414,0.5902392263395726,0
0.4977741578113025,-0.84182244915963,1.6735518693471763,-0.4852042260569551,1.7101816303811161,-0.6682676163504255,0.8519098658935519,0.9452765475028002,1
0.21729980240222194,-0.47383871932948496,-1.723421586112596,0.08058087681677559,-1.5577129226591124,0.5835306873126713,-1.0302847344623325,-1.2765789287815057,0
-1.244672775167601,1.0571124585487581,-1.0701574600626402,-1.050989328930686,-0.3852886447533178,-1.6479358539998057,-0.9605738233380404,0.42706613532043985,0
-1.735502897133489,0.5294376761508143,-1.5492178191659414,-1.7425044546652462,-0.7212566062211523,-0.9267911790634563,0.991331688142136,-1.414267603820693,0
-1.493593765593159,1.1022425386222647,-0.46044427574934726,1.3064485997098596,-1.348165895145669,1.5768054282627375,-0.7514410899651642,-0.5418610707367384,0
-0.28404810789150686,1.43203927762098,0.14926890856394479,-1.522476914658795,-0.18093699808731525,-0.9131846757627707,0.9564762325799891,-1.0501944368940843,0
-0.6591825582511502,-0.3453915683510368,-0.3297914505393559,-1.522476914658795,-0.946389776276918,1.4679534018572507,-0.01947652316009826,-0.20934702771972064,0
-0.5540046749727441,1.1126571724853824,1.3251443354538661,1.4950436340011026,0.2589385803293346,0.21615509819415377,0.6427771325206757,0.8705706249386385,1
0.7326714304664069,0.5016653191825021,-0.19913862532936552,0.929258531127372,1.0901995159198539,-0.8723651658607129,0.3290780324613621,-0.846700189709961,0
1.7073198155129548,-0.5502127009923448,-0.8959536931159852,1.1807185768490305,1.126567181851939,1.304675362249021,-0.8211520010894563,-0.04033352280354468,0
-0.4979098038909295,-0.7203183874232612,0.49767644245725506,-1.2395843632219297,1.656496028290895,-1.5390838275943188,-0.577163812154434,-0.0761155849393206,0
0.5959401822044806,1.619502687157091,-1.2008102852726312,-0.7995292832090279,-1.3291161653717196,-0.7090871262524827,-0.15889834540868242,0.2647003707269014,0
0.9149797614823069,0.46000678373003134,-0.7653008679059937,1.0864210597034085,0.6382013821925089,0.4202526477044412,0.3290780324613621,0.7322806893097604,0
1.3321853651533138,0.04342142920534117,1.2815933937172024,-0.8309617889242351,1.400190573150485,-0.532202583343567,0.7473434992071145,0.9537111326764902,0
-1.0658703735943138,-0.2204159619936295,-0.5910971009593387,0.332040922538434,-1.6598887459921137,-0.9131846757627707,1.0261871437042813,-1.138579743578628,1
0.9009560437118532,-0.6960175750759874,0.27992173377393614,1.0864210597034085,0.7230592693673744,0.7332022236202154,1.3747416993257415,-1.410414454971266,0
0.6835884182698179,-0.9633265108959965,-0.72174992616933,0.6463659796905067,-0.4909280553179462,-1.525477324293633,-0.6468747232787261,-0.6684447731945009,1
0.08407448358291096,-0.796692369086121,1.3251443354538661,0.4577709453992632,-1.2892849122080072,0.21615509819415377,-0.6817301788408722,-1.2635657301032217,0
1.700307956627729,-0.727261476665338,-0.41689333401268347,-1.0824218346458934,0.5429527333227621,1.3863143820531356,-1.3091283789595,-1.3911430650847925,0
0.21729980240222194,-0.47383871932948496,-1.723421586112596,0.08058087681677559,-1.5577129226591124,0.5835306873126713,-1.0302847344623325,-1.2765789287815057,0
0.08758041302552375,-1.5396029179884878,-1.113708401799304,-1.3024493746523442,-0.7403063359951022,-0.0015489546168192053,1.4444526104500337,0.39536022478801375,0
-1.5742301427732706,-0.6196435934131277,-1.1572593435359673,0.3634734282536413,0.2745247228716568,0.529104674109928,0.18965621021277795,-0.5452428087012904,1
1.370750589022062,1.3591368405791586,-0.41689333401268347,-0.2651766860505044,0.5360255588595076,0.7059892170188438,0.6079216769585304,1.7163410316173249,0
-0.6100995460545612,1.2376327788427899,1.150940568507211,1.023556048272994,-1.12130093147409,-0.7226936295531688,-0.8211520010894563,-1.5774999740528937,0
-0.40324970894036416,-1.1750907327793825,-0.6781989844326662,-1.3653143860827588,-1.0710789166154957,-0.43695706023876635,-1.378839290083792,-1.3666184077926165,0
0.031485541943709124,-1.29659479451575,0.45412550072059127,-0.9566918117850643,-1.4884411780265687,-0.1920400008264211,0.36393348802350733,-1.122509431197832,0
-0.11576349464605801,0.30725882040431185,-1.4185649939559501,-1.271016868937137,-0.2969671703468249,0.7740217335222732,-1.1348511011487707,0.16956287939193376,0
0.34000733289369456,1.2237466003586337,-1.0701574600626402,-0.5480692374873697,-0.19998672786126456,-0.12400748432299215,-0.08918743428439033,-1.5743073650062256,0
-0.41376749726820505,-1.268822437547438,0.6718802094039102,0.7406634968361285,0.8564073777850204,-0.8451521592593412,-1.0651401900244786,1.4320379257426956,0
1.1288414574817296,-0.27943222055129474,0.49767644245725506,0.332040922538434,1.6894001069913531,1.53598591836068,-1.378839290083792,-1.4838670456019876,0
-0.364684485071616,0.9008929506019977,-1.5927687609026053,0.04914837110156863,-1.6027395566702651,0.9917257863332468,-0.2634647120951205,0.8242989649094781,0
-0.18588208349832877,0.039949884584302764,-0.7653008679059937,1.337881105425067,1.2079614817951774,-1.47105131109089,0.6776325880828225,-0.9666107464680568,0
-1.6373368727403133,1.3417791174739642,1.0638386850338832,0.583500968260092,-0.2813810278045027,0.32500712459964054,0.991331688142136,-0.06460694914509899,0
-0.4348030739238868,1.7687791058617721,-0.11203674185603793,-0.04514914604405327,0.0338054102735692,0.8148412434243305,-1.1697065567109166,-1.0607546052792167,1
-0.3787082028420697,1.3313644836108465,1.1944915102438747,0.8349610139817505,0.5290983843962535,-1.212527748377859,0.3290780324613621,1.0924329597148648,0
0.03849740082893471,1.043226280064602,-0.8088518096426576,-0.23374418033529706,-0.05451606413292373,-0.26007251732985065,1.5838744326986178,-0.2923012293593581,0
-0.455838650579566,0.8835352274968032,1.1944915102438747,-1.3967468917979662,-1.587153414127943,1.2910688589483348,1.723296254947202,-1.6107414984857507,0
-0.11576349464605801,0.30725882040431185,-1.4185649939559501,-1.271016868937137,-0.2969671703468249,0.7740217335222732,-1.1348511011487707,0.16956287939193376,0
-1.7600444032317835,-0.8904240738541751,0.41057455898392753,0.3006084168232267,-0.3541163596686734,1.454346898556565,-1.0999956455866247,-0.010705207548172297,1
-0.29105996677673246,-0.7446191997705349,-0.72174992616933,0.8663935196969574,-0.7593560657690515,-0.954004185664828,-1.0999956455866247,0.7388889101570191,0
0.22431166128745,1.1265433509695386,0.105717966827281,-0.13944666318967516,-1.2563808335075488,0.9645127797318751,0.5382107658342383,0.19920248592598602,1
1.1253355280391166,-0.29331839903545087,-1.4621159356926139,-0.7995292832090279,1.3568957327551454,1.1277908193401047,1.5141635215743259,0.4971793302816582,0
-1.5812420016584963,1.1543157079378508,-0.5475461592226748,0.3634734282536413,-0.8684590635653069,-0.314498530532594,0.6776325880828225,1.1731881848316426,0
1.300632000169791,1.334836028231885,-0.06848580011937415,1.4950436340011026,0.2346934697079447,-1.607116344097748,-1.4136947456459381,-1.1802332706278162,1
0.6870943477124306,1.688933579577874,1.2380424519805384,1.2121510825642376,1.3863362242239765,0.6787762104174726,-0.507452901030142,-0.09573418164519329,0
-0.5399809572022904,-0.8244647260544331,1.3251443354538661,0.9606910368425793,1.457339762472333,0.9645127797318751,-0.054331978722244295,0.12644148611439252,0
0.9009560437118532,-0.6960175750759874,0.27992173377393614,1.0864210597034085,0.7230592693673744,0.7332022236202154,1.3747416993257415,-1.410414454971266,0
0.0735566952550701,0.012177527615988115,-0.46044427574934726,1.0549885539882011,-0.32294407458402896,-0.7907261460565979,0.3290780324613621,1.2964494285379211,0
0.2874183912544927,0.005234438373911303,0.105717966827281,0.14344588824719018,0.7438407927571375,1.4407403952558788,1.0261871437042813,-0.4754288326250825,0
-0.6977477821198984,-1.2861801606526337,-0.2426895670660293,1.4636111282858955,-0.2675266788779943,-0.46417006684013806,0.29422257689921527,1.474213674430817,0
1.3462090829237674,0.133681589352357,0.5847783259305827,-0.9881243175002716,-0.7905283508536959,1.0053322896339323,-0.8211520010894563,-1.407077882121433,0
0.9886042797771905,1.5118848039048782,0.19281985030060858,1.2750160939946522,-0.6537166552044231,-0.9812171922661997,-1.0999956455866247,1.2213624253183222,1
0.7607188660073142,1.6021449640518965,-1.6798706443759324,0.1748783939623975,-1.604471350286079,-0.4913830734415098,-0.4377419899058499,0.13695931220447627,1
-1.7565384737891707,0.8141043350760203,-0.41689333401268347,-0.04514914604405327,-0.044125302438042156,0.10730307178866698,1.1656089659528655,1.3467012643016545,0
0.3224776856806281,-1.6229199888934256,1.4993481024005213,1.4321786225706887,-1.3273843717559057,-0.6002350998469965,0.7473434992071145,0.8072209059065241,1
1.3777624479072874,-1.1993915451266561,-0.5475461592226748,0.08058087681677559,-1.4538053057102973,-0.2464660140291645,-0.9954292789001865,-0.21510275702666667,0
-0.7433248648738722,-0.3558062022141545,0.8460839763505644,1.149286071133823,-0.6554484488202363,-1.2533472582799163,1.723296254947202,1.1608185890380982,1
1.5495529905953491,1.7583644719986544,0.45412550072059127,-0.7052317660634061,-1.0658835357680554,-1.6343293506991199,1.2353198770771574,1.7008550429081999,0
1.0937821630555942,0.2829580080570381,1.5864499858738488,-0.6423667546329914,1.0053416287449883,-1.47105131109089,-0.4377419899058499,0.4675933573213339,0
-1.5321589894619072,-0.6890744858339081,1.3251443354538661,-1.3967468917979662,1.6097376006639283,-1.14449523187443,0.08508984352633907,0.14296062682270444,0
1.2866082823993374,-1.6159768996513477,-0.5475461592226748,1.5893411511467246,-0.627739750967219,-1.117282225273058,0.8170544103314066,-0.2209262340056905,0
0.7046239949254971,-0.7203183874232612,1.1073896267705472,0.2691759111080194,1.5837606964267246,1.3454948721510782,1.2701753326393044,1.3799032692591324,0
-0.19289394238355437,-0.4807818085715618,-1.6798706443759324,-1.6167744318044168,-1.6425708098339777,-0.5185960800428815,-0.9954292789001865,0.7270867011171267,0
0.5398453111226635,1.1126571724853824,0.49767644245725506,1.5579086454315174,0.016487474115433137,-0.17843349752573553,-0.3331756232194126,-1.291833446277698,0
-1.304273575692031,0.8627059597705679,-0.41689333401268347,0.8035285082665432,0.5550752886334572,-0.32810503383327955,0.25936712133707,1.2575650875849145,0
-0.5434868866449032,1.5778441517046227,-1.3314631104826224,0.08058087681677559,1.57683352196347,-0.5866285965463104,-1.5879720234566683,-1.139053977283173,0
-0.27002439012105073,0.4530636944879545,-1.6798706443759324,0.3006084168232267,-0.18440058531894235,0.06648356188660974,-1.5879720234566683,-1.2620216477437811,0
-1.0869059502499956,-0.9424972431697636,-0.06848580011937415,0.677798485405714,0.05805052089495913,0.7195957203195299,1.0261871437042813,-1.2639496335783293,1
-0.7713723004147796,0.4530636944879545,-0.5910971009593387,-1.522476914658795,0.1481037889172656,1.3591013754517645,-1.3439838345216462,-0.3031267427934621,1
0.01746182417325547,-0.779334645980924,-0.41689333401268347,-0.07658165175926057,1.1854481647896007,-0.13761398762367769,-0.19375380097082845,-0.12683036312891893,0
-0.7713723004147796,-1.22369235747393,-1.0701574600626402,-0.7680967774938207,-1.5611765098907395,0.8828737599277601,-0.6468747232787261,-0.9506815750707563,0
1.2866082823993374,-1.6159768996513477,-0.5475461592226748,1.5893411511467246,-0.627739750967219,-1.117282225273058,0.8170544103314066,-0.2209262340056905,0
-1.5146293422488408,0.6092832024347149,-0.9830555765893128,1.337881105425067,1.2599152902695847,1.3318883688503926,0.5730662213963835,1.0261616223243937,0
-0.8940798309062521,-0.6508874950024782,-0.6346480426960024,-1.5539094203740023,0.7022777459776116,-1.3349862780840314,0.8519098658935519,-0.23118153786647255,0
-1.0308110791681784,1.3834376529264325,-0.19913862532936552,1.4007461168554816,-1.6893292374609443,-0.042368464518877054,0.991331688142136,-0.9613885300787238,0
-0.9151154075619339,0.26560028495184357,1.3251443354538661,-0.925259306069857,1.7136452176127432,1.0597583028366757,0.3290780324613621,-1.08285728329461,0
-1.5251471305766815,1.43203927762098,0.19281985030060858,0.7720960025513358,1.6045422198164874,-1.2397407549792305,1.3747416993257415,1.0356434735956204,0
-0.7783841593000076,-0.8591801722648246,-1.3750140522192862,0.23774340539281208,-0.11512884068639902,-0.9131846757627707,-0.2634647120951205,1.060966988854381,1
1.7213435332834108,-0.6682452181076752,0.41057455898392753,-0.7366642717786134,-1.356824863224737,0.025664051984551888,0.5730662213963835,-0.592573026106667,0
1.5179996256118267,-1.0570582156640531,-1.4621159356926139,-1.4596119032283805,1.739622121849947,0.32500712459964054,-1.5182611123323762,-1.4068887532035488,0
-0.010585611367654334,0.7134295410658869,-0.2426895670660293,1.4636111282858955,1.3187962732072465,0.311400621298955,-0.6120192677165801,0.6301905931278049,0
0.9570509147936703,0.24824256184664661,1.150940568507211,-1.6167744318044168,-0.5688587680295573,-0.7090871262524827,0.29422257689921527,0.2139404274225845,1
0.9815924208919649,1.400795376031627,-1.6798706443759324,-1.491044408943588,-0.11339704707058547,1.5087729117593085,-0.9605738233380404,1.4539063097254863,0
1.3462090829237674,0.6752425502344569,-1.5492178191659414,-1.1767193517915153,-0.8823134124918153,1.5904119315634235,-0.8560074566516024,-0.6981295448432717,0
0.3540310506641482,1.6125595979150116,1.1944915102438747,-0.35947420319612594,0.9152883607226822,-0.45056356353945193,1.6884407993850568,-0.049064504042575584,0
1.2305134113175205,-0.2586029528250594,1.2815933937172024,-0.04514914604405327,-0.5567362127188621,-0.681874119651111,1.4444526104500337,-0.4918491746449475,0
1.7353672510538645,1.1959742433903215,1.2815933937172024,1.0864210597034085,1.1456169116258885,-1.6479358539998057,-1.5879720234566683,1.574178187401331,0
-1.4374988945113443,0.019120616858067395,0.9767368015605558,0.6149334739752994,-0.32813945543146933,-1.3621992846854032,0.5382107658342383,-0.4899183659907292,1
-0.7152774293329649,1.0987709940012265,0.32347267551059994,-0.6109342489177844,0.3403328802725731,-1.185314741776487,-0.4377419899058499,1.4689180647300664,0
0.5889283233192526,1.3140067605056496,1.150940568507211,-0.3280416974809186,0.8442848224743253,1.5768054282627375,-1.6576829345809605,0.9480626705170008,0
-1.693431743822128,-0.05378182018375394,1.3251443354538661,0.3006084168232267,0.9551196138863943,-0.20564650412710722,0.9564762325799891,0.8057022289241129,0
0.22431166128745,1.1265433509695386,0.105717966827281,-0.13944666318967516,-1.2563808335075488,0.9645127797318751,0.5382107658342383,0.19920248592598602,1
1.609153791119779,1.4598116345892922,0.6718802094039102,-0.17087916890488247,0.5204394163171854,0.8692672566270739,-0.15889834540868242,1.363999503238861,1
0.7361773599090197,1.258462046569025,-1.636319702639269,1.3064485997098596,-0.3800932639058769,0.06648356188660974,0.25936712133707,0.7453785725781416,0
-0.6030876871693331,0.5433238546349703,0.14926890856394479,0.08058087681677559,-0.8840452061076292,-0.7499066361545406,1.2353198770771574,-0.6395306313156154,0
-0.953680631430682,0.6926002733396515,1.4557971606638573,0.8978260254121647,1.057295437219396,0.08009006518729528,1.1656089659528655,-0.508755041648037,1
1.451386966202171,-0.16139970343596674,-0.19913862532936552,1.52647613971631,-1.575030858817248,-0.8315456559586557,-0.6817301788408722,-0.16008600166012596,0
-1.3393328701181664,0.6092832024347149,-1.0266065183259765,-0.7366642717786134,-0.9377308081978499,-1.6207228473984339,0.6427771325206757,-0.6847973675422881,0
1.3672446595794467,1.515356348525919,0.45412550072059127,0.4263384396840559,-1.4780504163316874,0.4882851642078707,-0.3680310787815586,1.6492736590799395,0
1.2129837641044539,0.4669498729721106,-0.5039952174860111,0.1748783939623975,1.3551639391393318,0.3658266345016978,0.18965621021277795,0.18610742547727438,1
1.700307956627729,0.07119378617365336,0.933185859823892,0.929258531127372,1.0105370095924289,-0.8723651658607129,0.29422257689921527,0.27123519826274284,1
-0.6171114049397868,-0.7828061906019648,0.45412550072059127,0.2063108996776048,-0.5203685467867768,1.454346898556565,0.6776325880828225,-0.4373631093763498,0
-1.3393328701181664,0.2725433741939204,1.7171028110838402,-0.35947420319612594,0.1359812336065705,0.025664051984551888,-1.5531165678945222,-1.3016822641060128,1
0.7607188660073142,1.6021449640518965,-1.6798706443759324,0.1748783939623975,-1.604471350286079,-0.4913830734415098,-0.4377419899058499,0.13695931220447627,1
-0.6626884876937631,-1.0987167511165215,0.19281985030060858,-1.6482069375196242,-0.9533169507401721,-0.382531047036023,-0.054331978722244295,-1.617767496644156,0
1.5740944966936437,-0.38357855918246914,1.2380424519805384,0.6463659796905067,0.18100786761772356,-0.2736790206305362,1.3747416993257415,1.015895027184932,0
0.921991620367535,0.9633807537807014,1.6300009276105125,0.11201338253198288,0.9637785819654623,0.06648356188660974,-0.8211520010894563,1.5218685160982333,0
-0.16835243628525984,0.24824256184664661,-0.7653008679059937,1.337881105425067,-0.4874644680863191,1.5495924216613657,-1.6576829345809605,0.5222826656061651,0
0.8343433843021978,1.716705936546186,0.27992173377393614,0.7092309911209213,0.36630978450977686,0.35222013120101225,-1.0651401900244786,-0.4088159340545526,0
0.4381733572868726,0.039949884584302764,0.5847783259305827,-1.7739369603804533,-1.0970558208526997,0.13451607839003868,0.9564762325799891,-1.5583866620679347,0
1.3391972240385392,-1.619448444272386,-0.3297914505393559,-0.35947420319612594,-0.4562921830016747,-1.4438383044895182,-0.6817301788408722,1.1883580177377373,0
1.405809883448195,-0.057253364804792345,-0.5039952174860111,-0.45377172034174784,1.6772775516806582,-1.5799033374963765,1.0261871437042813,-1.5245946877994454,0
-0.7889019476278485,1.6403319548833264,1.3251443354538661,-0.7680967774938207,1.5335386815681304,-1.3213797747833456,-0.8560074566516024,0.32675441553052714,0
1.0797584452851405,-1.6472208012406995,1.7171028110838402,1.4321786225706887,1.1733256094789057,1.223036342444906,-1.6228274790188144,0.4061377502877292,0
-0.8800561131357985,1.6681043118516385,0.32347267551059994,1.3693136111402742,1.3482367646760773,-0.23285951072847894,0.8170544103314066,-1.320318519566757,0
0.18224050797608904,-0.08502572177310452,-0.41689333401268347,-0.35947420319612594,1.6807411389122853,-0.042368464518877054,0.991331688142136,0.3589881933412266,1
-0.6486647699233093,-0.8209931814333947,-0.72174992616933,1.023556048272994,-0.3471891852054186,-0.015155457917505355,-0.40288653434370386,-1.5567183756430183,0
1.5530589200379619,1.5778441517046227,1.4557971606638573,0.6463659796905067,0.563734256712525,1.032545296235304,-1.5531165678945222,0.8856698873529861,0
0.1997701551891555,-1.6368061673775818,0.8460839763505644,-0.7995292832090279,-0.8753862380285611,-1.4438383044895182,-0.507452901030142,-1.497145589329243,0
-0.08771605910515069,-0.57104196871858,0.8025330346139006,0.5206359568296774,1.6253237432062506,1.0597583028366757,-1.6228274790188144,-0.1809692215781181,0
0.8343433843021978,1.716705936546186,0.27992173377393614,0.7092309911209213,0.36630978450977686,0.35222013120101225,-1.0651401900244786,-0.4088159340545526,0
0.4486911456147135,1.2688766804321427,-1.0701574600626402,0.04914837110156863,0.5723932247915929,-0.028761961218190902,0.8519098658935519,1.6562121498285776,0
1.6477190149885272,-0.9320826093066459,1.2380424519805384,-1.7425044546652462,0.10307715490611222,1.032545296235304,-0.15889834540868242,1.2526364444412523,0
-1.0658703735943138,1.0015677446121314,-1.2879121687459587,0.332040922538434,0.7473043799887646,1.6584444480668525,-0.9257183677758944,0.10102764062619493,0
0.9079679025970813,0.45653523910899296,0.23637079203727235,1.1807185768490305,-0.03892992159060121,0.8012347401236449,-0.6120192677165801,1.3935995902975347,0
-1.2762261401511237,-0.5502127009923448,0.23637079203727235,-0.6109342489177844,0.41999538659999763,0.9372997731305034,1.3050307882014496,-1.288352909624699,0
0.9325094086953758,-1.3903264992838067,1.150940568507211,1.52647613971631,-1.5854216205121296,1.712870461269596,-0.6120192677165801,0.7408479470079367,1
1.1428651752521832,-0.7619769228757295,-0.9830555765893128,0.8349610139817505,-1.3879971483093814,-0.5185960800428815,0.6776325880828225,-0.19136284360272565,0
-0.6591825582511502,-0.3453915683510368,-0.3297914505393559,-1.522476914658795,-0.946389776276918,1.4679534018572507,-0.01947652316009826,-0.20934702771972064,0
1.1393592458095705,-1.0848305726323653,-1.0701574600626402,1.3064485997098596,0.9620467883496487,1.0869713094380475,-1.5182611123323762,-1.5530204818754363,0
-0.9712102786437484,1.0814132708960318,0.7589820928772378,1.3064485997098596,1.1144446265412438,0.9372997731305034,1.3747416993257415,-0.4917221477598016,0
0.5959401822044806,-0.6578305842445575,-0.8524027513793213,0.7720960025513358,1.6928636942229802,-1.2397407549792305,1.723296254947202,1.5374363665777857,1
1.2129837641044539,0.4669498729721106,-0.5039952174860111,0.1748783939623975,1.3551639391393318,0.3658266345016978,0.18965621021277795,0.18610742547727438,1
0.8939441848266276,1.16125879717993,0.018616083353953428,-0.04514914604405327,1.1525440860891427,-0.2736790206305362,-0.9257183677758944,-0.11848893100433587,0
0.26988874404142627,0.4981937745614637,1.6300009276105125,-0.4852042260569551,1.1975707201002959,0.43385915100512734,-0.7514410899651642,-0.2915334224091426,0
-0.7889019476278485,1.6403319548833264,1.3251443354538661,-0.7680967774938207,1.5335386815681304,-1.3213797747833456,-0.8560074566516024,0.32675441553052714,0
-0.6171114049397868,-0.7828061906019648,0.45412550072059127,0.2063108996776048,-0.5203685467867768,1.454346898556565,0.6776325880828225,-0.4373631093763498,0
1.160394822465252,-0.9355541539276843,-1.244361227009295,-1.1138543403611005,0.9966826606659203,-1.3349862780840314,0.25936712133707,-1.5692686318954367,0
-0.5504987455301313,-0.6856029412128697,-0.41689333401268347,-1.3338818803675516,0.7646223161469003,0.8964802632284455,-0.08918743428439033,-0.5749981508418088,0
-0.8940798309062521,-0.9112533415804105,-0.6781989844326662,-0.8938268003546497,-1.6113985247493332,1.1958233358435342,-1.1697065567109166,0.21680841220721278,0
1.5215055550544418,0.8349336028022557,-1.4185649939559501,0.04914837110156863,-0.5827131169560662,0.43385915100512734,0.6776325880828225,0.3543700603612541,0
1.370750589022062,1.3591368405791586,-0.41689333401268347,-0.2651766860505044,0.5360255588595076,0.7059892170188438,0.6079216769585304,1.7163410316173249,0
0.9290034792527606,-0.9563834216539197,0.41057455898392753,-1.0195568232154788,-1.3810699738461272,0.610743693914043,0.5033553102720915,1.3801347404720656,0
-0.0842101296625379,0.5988685685715972,-0.02493485838271036,0.23774340539281208,0.8893114564854784,-1.5526903308950046,-1.378839290083792,-1.567004730520169,1
-1.2832379990363492,-1.2514647144422422,-0.3733423922760197,-0.7052317660634061,1.1334943563151934,-1.0084301988675715,1.723296254947202,1.34902726770966,0
0.01746182417325547,-0.8661232615069013,0.105717966827281,1.0549885539882011,-0.5203685467867768,-0.3961375503367085,1.0958980548285733,1.3224532433371299,0
-1.6829139554942871,-1.3451964192102976,-0.46044427574934726,0.14344588824719018,-1.0104661400620207,-1.0628562120703149,-0.8908629122137484,1.4840201499640835,1
0.32948954456585366,0.4773645068352283,-0.11203674185603793,-0.8938268003546497,1.085004135072413,-1.2805602648812882,-1.1697065567109166,0.38716557928626555,1
-1.735502897133489,-0.42176555001389904,1.542899044137185,-0.20231167462008978,-1.500563733337264,-0.13761398762367769,0.5033553102720915,1.5633046860328386,0
1.3847743067925156,0.09202305389988873,-1.113708401799304,0.5206359568296774,1.1750574030947194,1.0869713094380475,-0.9605738233380404,-1.6118423981570156,0
-1.549688636674976,0.404462069793407,-0.8959536931159852,0.9606910368425793,0.07883204428472228,0.4202526477044412,-0.542308356592288,1.3071281553491896,0
1.71082574495557,-0.5397980671292271,1.3686952771905299,-1.3024493746523442,-1.4590006865577383,-1.1308887285737441,-0.8560074566516024,-1.5930904070898053,0
-0.2419769545801434,-0.3627492914562338,-0.02493485838271036,-1.7425044546652462,1.0694179925300906,0.9100867665291318,1.5838744326986178,1.1365592767948935,0
1.1428651752521832,-0.7619769228757295,-0.9830555765893128,0.8349610139817505,-1.3879971483093814,-0.5185960800428815,0.6776325880828225,-0.19136284360272565,0
-1.500605624478387,0.9772669322648575,1.0202877432972195,0.6463659796905067,-0.9671712996666811,-1.3621992846854032,0.991331688142136,0.2771715880285627,0
-0.03162118802333357,-1.1959200005056165,1.2815933937172024,-1.4596119032283805,1.6582278219067086,1.0733648061373613,-1.4136947456459381,1.2571896525688164,1
1.609153791119779,1.192502698769283,-0.5039952174860111,-0.5480692374873697,0.7992581884631722,-0.0559749678195626,-1.3439838345216462,0.2588401970921692,0
0.9780864914493496,-1.3347817853471813,0.8460839763505644,0.7720960025513358,0.5775886056390336,1.1005778127387331,-0.8211520010894563,-0.6880351417036744,0
-0.29456589621934526,-1.508359016399136,0.6718802094039102,0.6463659796905067,1.0399775010612597,-0.5730220932456248,-0.6468747232787261,-1.2064629110006178,0
-0.21743544848184887,0.7759173442445905,0.6283292676672464,1.5893411511467246,-1.0035389655987665,-0.6682676163504255,-0.3680310787815586,-1.5075109831571516,0
-1.542676777789748,-0.2377736850988265,0.41057455898392753,-1.6482069375196242,-0.30908972565752,1.223036342444906,0.8867653214556986,0.9251187922399747,0
-1.3358269406755534,-0.38010701456142826,0.105717966827281,-0.45377172034174784,-0.8805816188760021,0.4066461444037556,-0.8908629122137484,1.084850866081487,0
0.9780864914493496,-1.3347817853471813,0.8460839763505644,0.7720960025513358,0.5775886056390336,1.1005778127387331,-0.8211520010894563,-0.6880351417036744,0
0.7326714304664069,-1.102188295737561,0.8460839763505644,-1.522476914658795,1.1057856584621761,-0.7907261460565979,-1.274272923397354,-0.5204019956060847,0
-1.3393328701181664,0.6092832024347149,-1.0266065183259765,-0.7366642717786134,-0.9377308081978499,-1.6207228473984339,0.6427771325206757,-0.6847973675422881,0
-0.1753642951704879,-1.4285134901152368,0.933185859823892,-1.2395843632219297,1.5664427602685889,1.6312314414654807,0.921620777017844,-0.708844968310249,0
0.031485541943709124,-1.29659479451575,0.45412550072059127,-0.9566918117850643,-1.4884411780265687,-0.1920400008264211,0.36393348802350733,-1.122509431197832,0
1.59162414390671,1.404266920652668,-1.1572593435359673,-1.4596119032283805,-0.8182370487067132,0.9645127797318751,-0.29832016765726654,1.6526271688477925,0
0.1962642257465427,1.3591368405791586,-0.5475461592226748,-0.9881243175002716,1.1975707201002959,1.563198924962052,-1.3439838345216462,-1.6345096401063908,1
-0.8905739014636394,0.34544581123574175,0.105717966827281,1.2750160939946522,-1.2061588186489551,-0.65466111304974,0.5730662213963835,-0.2956857901435798,1
-0.7187833587755776,-1.5430744626095263,1.1073896267705472,1.0549885539882011,0.8390894416268844,-1.525477324293633,-1.3439838345216462,-0.6079630389470148,0
-0.5364750277596777,0.12326695548923933,-0.72174992616933,0.1748783939623975,0.11866329744843443,0.012057548683866342,-0.40288653434370386,0.4178722116555439,0
-0.6942418526772831,-1.081359028011327,-0.9830555765893128,1.4950436340011026,0.9966826606659203,0.311400621298955,0.15480075465063114,0.7193380611232242,0
-0.5329690983170624,-0.2516598635829826,-1.5927687609026053,1.0864210597034085,-0.45802397661748795,-0.45056356353945193,0.08508984352633907,0.15388211612558483,0
1.1533829635800241,-0.13709889108869297,0.8025330346139006,0.08058087681677559,0.7854038395366636,-0.5730220932456248,0.08508984352633907,-1.1897348816367326,0
0.6590469121715233,0.6544132825082216,-0.41689333401268347,1.243583588279445,-1.519613463111214,1.3182818655497066,-1.1697065567109166,-0.362671300910538,0
-0.28054217844889157,-0.06766799866791003,-0.8524027513793213,-0.7995292832090279,0.3992138632102348,-1.0628562120703149,-0.577163812154434,-0.7967955607656267,0
1.0867703041703685,-0.5536842456133831,-0.5475461592226748,-0.5480692374873697,-0.21210928317195968,0.4202526477044412,1.3050307882014496,-0.2127880448973405,0
-0.8870679720210265,-1.3104809729999074,1.6300009276105125,0.4577709453992632,1.4227038901560616,0.24336810479552545,-0.507452901030142,1.228182357640824,0
-0.19289394238355437,-0.4807818085715618,-1.6798706443759324,-1.6167744318044168,-1.6425708098339777,-0.5185960800428815,-0.9954292789001865,0.7270867011171267,0
-0.7468307943164875,-0.2204159619936295,-1.5492178191659414,-1.491044408943588,-1.4538053057102973,0.5971371906133576,-1.2394174678352088,-1.5823269956884392,0
1.0236635742033258,1.6368604102622855,1.7171028110838402,0.11201338253198288,-1.533467812037722,1.4679534018572507,-0.9605738233380404,1.1109450111101327,1
0.45570300449994156,0.22394174949937284,-1.0266065183259765,-1.6167744318044168,1.5006346028676725,0.08009006518729528,1.3747416993257415,-0.21585927269820232,1
0.6485291238436824,1.1230718063485001,0.36702361724726373,1.620773656861932,0.7040095395934252,-0.2872855239312223,-1.274272923397354,-1.1587770183168324,0
1.605647861677164,-0.12668425722557528,-0.2862405088026931,-1.3338818803675516,-1.368947418535432,-0.7635131394552261,-1.274272923397354,-1.6261343341457686,0
-1.5882538605437242,-0.810578547570277,-0.72174992616933,1.4321786225706887,0.336869293040946,0.32500712459964054,-0.6817301788408722,0.611142205995254,0
-0.2419769545801434,-0.25513140820402097,1.0202877432972195,1.620773656861932,1.0867359286882268,1.0733648061373613,-1.4834056567702303,-0.3251334449400784,1
-1.7565384737891707,0.8141043350760203,-0.41689333401268347,-0.04514914604405327,-0.044125302438042156,0.10730307178866698,1.1656089659528655,1.3467012643016545,0
-0.613605475497174,1.5084132592838397,-1.0266065183259765,-0.4223392146265405,-0.39394761283238583,-0.8451521592593412,-1.2394174678352088,0.45013421766294204,0
0.01746182417325547,-0.779334645980924,-0.41689333401268347,-0.07658165175926057,1.1854481647896007,-0.13761398762367769,-0.19375380097082845,-0.12683036312891893,0
-1.0869059502499956,-0.9424972431697636,-0.06848580011937415,0.677798485405714,0.05805052089495913,0.7195957203195299,1.0261871437042813,-1.2639496335783293,1
0.6450231944010697,-0.23430214047778808,-0.6346480426960024,1.2121510825642376,0.002633125188924474,-0.6954806229517971,0.7473434992071145,1.6515206235371878,0
1.59162414390671,0.637055559403027,0.27992173377393614,0.3006084168232267,-1.3620202440721778,1.2910688589483348,-0.40288653434370386,1.3308003211010528,0
0.013955894730640187,-1.4805866594308226,-1.4185649939559501,-1.3024493746523442,0.3282103249618779,-1.6887553639018633,0.18965621021277795,-0.9049208454018494,0
-0.8169493831687558,-0.3523346575931161,-1.3314631104826224,1.243583588279445,-0.5134413723235226,1.3318883688503926,-1.6925383901431064,0.9032560538965236,0
-0.5294631688744496,-0.0884972663941454,0.49767644245725506,1.52647613971631,1.5144889517941813,-0.8587586625600273,0.11994529908848588,1.5879874212265295,0
-0.41376749726820505,0.26560028495184357,-1.723421586112596,-1.6796394432348316,-1.2511854526601085,1.304675362249021,-0.8211520010894563,0.3098767767241371,1
1.1393592458095705,-1.4875297486729007,-1.636319702639269,0.23774340539281208,0.16542172507540134,-0.7499066361545406,-1.0651401900244786,-0.7192781098102354,0
-1.104435597463062,-0.8973671630962544,0.5412273841939189,-1.7110719489500388,1.2287430051849402,-1.14449523187443,1.5838744326986178,0.1652863075920206,1
-1.6548665199533799,0.4634783283510722,0.45412550072059127,-0.5795017432025771,-0.378361470290063,0.3930396411030695,-1.3091283789595,0.2082242175910173,0
-0.16134057740003424,0.28990109729911734,1.4993481024005213,0.7720960025513358,1.1369579435468204,-1.3894122912867748,-0.7862965455273103,0.5921502752561012,0
0.26287688515619817,1.5604864285994258,0.6718802094039102,-0.01371664032884597,1.498902809251859,0.8148412434243305,-0.542308356592288,-0.03308169907154693,0
0.7677307248925398,-0.39052164842454595,-0.19913862532936552,-1.6167744318044168,0.7628905225310868,0.9100867665291318,-0.8908629122137484,-0.5631846505232365,0
-0.3716963439568441,1.4389823668630568,0.23637079203727235,1.5579086454315174,-0.7818693827746278,0.10730307178866698,1.4095971548878885,-0.0430744807030273,1
-0.010585611367654334,1.0119823784752489,-1.5056668774292776,0.1748783939623975,1.6287873304378777,-0.804332649357284,-0.4377419899058499,-0.08742097771730942,0
0.1612049313204073,1.4285677329999416,0.6718802094039102,0.7406634968361285,-0.9013631422657652,0.6515632038161009,-0.9954292789001865,-1.2058701188699366,0
0.24534723794313174,-0.591871236444813,-0.2426895670660293,0.583500968260092,1.6703503772174035,1.53598591836068,-0.8560074566516024,-1.5446113020787753,0
0.3470191917789226,-0.9876273232432715,-0.5475461592226748,0.48920345111447017,-0.1220560151496532,-0.382531047036023,-1.4136947456459381,-1.1889444921291576,0
-0.1823761540557135,0.34544581123574175,-0.5475461592226748,1.4636111282858955,0.4598266397637101,0.20254859489346821,-0.29832016765726654,0.5642721081960725,1
-1.2832379990363492,-0.9702696001380757,-1.1572593435359673,-0.8623942946394424,-1.268503388818244,-0.5594155899449387,1.0261871437042813,1.46849464177958,1
-0.5294631688744496,0.5641531223612057,-0.5039952174860111,-1.5539094203740023,1.1456169116258885,0.610743693914043,0.7821989547692598,-0.3321340377214546,1
1.5565648494805748,0.8835352274968032,0.32347267551059994,0.04914837110156863,-0.10820166622314453,0.5018916675085563,0.25936712133707,1.6954436976009835,0
-1.5917597899863372,-1.2271639020949685,-0.9830555765893128,-1.6167744318044168,0.2312298824763173,-1.185314741776487,-0.8908629122137484,-1.176247449253904,0
1.370750589022062,-1.320895606863024,1.4122462189271936,1.4321786225706887,0.658982905582272,1.2366428457455916,0.43364439914779945,1.4928104104161828,1
-0.2139295190392361,1.5466002501152696,0.8460839763505644,-0.7366642717786134,0.5031214801590497,1.4951664084586223,0.2245116657749232,1.2711005079021318,0
1.0166517153180978,-0.88000943999106,-0.5039952174860111,-0.07658165175926057,-0.5515408318714212,1.563198924962052,1.5141635215743259,-0.8547282888511845,1
1.0797584452851405,0.4947222299404228,1.2815933937172024,-0.6109342489177844,0.8702617267115291,1.5087729117593085,0.8519098658935519,1.734982932717409,0
0.5608808877783452,0.7793888888656288,0.715431151140574,0.7092309911209213,0.2052529782391135,-0.5185960800428815,-1.5182611123323762,1.48350639678416,0
0.1997701551891555,1.192502698769283,0.45412550072059127,0.23774340539281208,0.4719491950744052,-0.4233505569380802,0.8867653214556986,0.7847371472356931,0
-0.5014157333335423,1.47022626845241,0.19281985030060858,1.4321786225706887,-1.1697911527168698,1.563198924962052,-1.0302847344623325,-1.527414684649685,0
-1.5391708483471351,0.6301124701609477,-0.8088518096426576,-0.9566918117850643,0.4373133227581337,-1.1717082384758015,-1.1348511011487707,-1.0709506299269305,0
-1.7600444032317835,-0.8904240738541751,0.41057455898392753,0.3006084168232267,-0.3541163596686734,1.454346898556565,-1.0999956455866247,-0.010705207548172297,1
0.9886042797771905,1.5118848039048782,0.19281985030060858,1.2750160939946522,-0.6537166552044231,-0.9812171922661997,-1.0999956455866247,1.2213624253183222,1
0.10160413079597741,-1.237578535958086,-1.0266065183259765,-0.20231167462008978,-0.028539159895719944,-0.12400748432299215,0.7821989547692598,1.6705436052927094,0
0.6380113355158415,-0.48425335319260265,1.3686952771905299,0.7406634968361285,0.8841160756380377,0.7604152302215871,1.4095971548878885,1.021086192557896,0
1.0166517153180978,-0.88000943999106,-0.5039952174860111,-0.07658165175926057,-0.5515408318714212,1.563198924962052,1.5141635215743259,-0.8547282888511845,1
-1.0658703735943138,-0.30026148827753013,-0.06848580011937415,-0.7366642717786134,1.093663103151481,-0.15122049092436385,-0.15889834540868242,-0.041434422474809884,0
0.3189717562380153,0.3732181682040539,-1.2008102852726312,0.5206359568296774,-1.5282724311902813,-0.8995781724620846,0.050234387964193813,-1.0354875464138544,0
0.7677307248925398,-0.7064322089391051,0.14926890856394479,-1.3653143860827588,1.5872242836583517,1.1822168325428482,-1.4834056567702303,0.3660791163520401,1
1.6652486622015936,1.4181530991368239,-0.9830555765893128,0.48920345111447017,-1.4936365588740097,1.1005778127387331,0.5382107658342383,1.4220677266685746,1
-0.5014157333335423,1.47022626845241,0.19281985030060858,1.4321786225706887,-1.1697911527168698,1.563198924962052,-1.0302847344623325,-1.527414684649685,0
1.1919481874487723,-0.3141476667616862,-1.5056668774292776,0.7406634968361285,-0.8927041741866971,0.8692672566270739,-1.378839290083792,0.7248284453811988,0
0.855378960957877,-1.6749931582090116,-0.02493485838271036,1.52647613971631,0.43558152914231985,1.5904119315634235,-1.4485502012080842,-0.20198793684026603,1
-1.4129573884130497,-1.612505355030308,-1.0701574600626402,-0.5480692374873697,-0.7316473679160341,-0.028761961218190902,0.29422257689921527,-1.0691129743218195,0
0.431161498401647,1.7479498381355367,-0.41689333401268347,-1.271016868937137,-0.06144323859617791,0.4202526477044412,0.18965621021277795,0.9680284740422723,0
-1.2727202107085107,0.6821856394765338,-0.72174992616933,1.0549885539882011,-0.9896846166722575,-1.5390838275943188,-0.8211520010894563,-1.2474050874929885,0
-0.813443453726143,-0.3453915683510368,-0.5039952174860111,-1.1138543403611005,1.1490804988575156,0.7059892170188438,-0.40288653434370386,1.0684022958649229,0
1.6266834383328455,0.5884539347084795,-0.8088518096426576,1.3693136111402742,1.5595155858053347,-1.294166768181974,0.6776325880828225,1.5936782256810673,0
-1.3393328701181664,0.2725433741939204,1.7171028110838402,-0.35947420319612594,0.1359812336065705,0.025664051984551888,-1.5531165678945222,-1.3016822641060128,1
-0.6521706993659222,-0.4981395316767588,0.5847783259305827,-0.7680967774938207,1.1490804988575156,-1.5799033374963765,1.3398862437635963,0.6598810104159156,0
0.6380113355158415,-1.3313102407261415,0.933185859823892,0.4263384396840559,0.05631872727914559,-1.4982643176922616,-0.7862965455273103,1.0075874688963877,1
0.4381733572868726,-0.6821313965918313,-1.113708401799304,-0.6423667546329914,0.32128315049862377,1.1550038259414763,1.1307535103907203,0.22170035869516633,1
-1.7565384737891707,0.8141043350760203,-0.41689333401268347,-0.04514914604405327,-0.044125302438042156,0.10730307178866698,1.1656089659528655,1.3467012643016545,0
1.1779244696783187,1.3452506620950027,-0.5910971009593387,0.5206359568296774,0.9014340117961736,0.8964802632284455,0.6776325880828225,-0.9391305969814857,1
-0.6942418526772831,0.7516165318973167,-0.5475461592226748,0.2063108996776048,-0.9290718401187825,-0.3417115371339651,1.0958980548285733,-1.0070363469608343,0
-0.9151154075619339,-0.026009463215441755,-0.3297914505393559,0.7720960025513358,1.5924196645057922,1.2502493490462776,0.25936712133707,-0.9073202421212727,1
1.6126597205623918,-1.3070094283788678,1.3251443354538661,-1.6796394432348316,-0.24847694910404441,-0.9267911790634563,-1.5182611123323762,0.764878610857878,0
1.0271695036459387,-1.0223427694536618,-0.2862405088026931,-0.45377172034174784,-0.9204128720397144,-1.47105131109089,-0.472597445467996,0.17188888279993933,0
-0.7818900887426203,0.942551486054466,1.3686952771905299,1.117853565418616,1.661691409138336,-0.13761398762367769,-1.6925383901431064,1.1130480117642156,1
0.7887663015482215,0.1440962232154747,-0.6346480426960024,0.7092309911209213,1.739622121849947,0.8828737599277601,-1.4485502012080842,0.02587571255418806,0
-1.2586964929380546,1.5639579732204665,-1.0266065183259765,0.2063108996776048,-1.5317360184219084,0.9100867665291318,-1.5879720234566683,-0.0569175883642644,0
-1.4550285417244109,-1.2479931698212037,0.018616083353953428,-0.9881243175002716,-1.2355993101177865,-0.40974405363739463,0.43364439914779945,0.5636539106883627,1
-1.4725581889374773,0.16492549094171005,1.5864499858738488,-0.45377172034174784,0.7559633480678327,0.8420542500257022,-0.7862965455273103,-1.3208379183860206,0
-0.25600067235059704,1.7132343919251476,1.1944915102438747,-0.8623942946394424,0.5152440354697447,-1.0628562120703149,-0.542308356592288,-0.9666841397794745,0
-1.5917597899863372,0.5919254793295179,0.105717966827281,-1.271016868937137,1.275501432811907,-1.2397407549792305,-1.3091283789595,-1.493080729004573,1
0.013955894730640187,-1.4805866594308226,-1.4185649939559501,-1.3024493746523442,0.3282103249618779,-1.6887553639018633,0.18965621021277795,-0.9049208454018494,0
0.010449965288027396,0.65788482712926,-0.19913862532936552,-1.3024493746523442,0.1481037889172656,1.6312314414654807,-0.22860925653297448,-0.6263791144735058,1
0.9184856909249197,-0.28637530979337406,-0.02493485838271036,-1.271016868937137,-1.5490539545800444,1.3999208853538216,1.1656089659528655,-0.5965193280052007,1
1.7073198155129548,0.8141043350760203,1.5864499858738488,1.6522061625771391,-1.0485655996099192,-0.7907261460565979,0.18965621021277795,0.22656972262576064,0
-1.542676777789748,1.3209498497477288,0.715431151140574,0.5520684625448847,-1.2944802930554482,1.522379415059994,1.4444526104500337,-0.12215577375554856,1
0.6345054060732288,0.487779140698346,-0.6781989844326662,0.23774340539281208,-0.34372559797379154,-1.607116344097748,0.36393348802350733,-0.8497911772485124,0
-1.6022775783141778,-1.3799118654206892,1.760653752820504,-1.5539094203740023,-1.429560195088907,-0.8995781724620846,-0.6120192677165801,-1.4014548253389727,0
1.1639007519078648,-0.6335297718972838,-1.2879121687459587,0.14344588824719018,0.06151410812658653,0.2977941179982689,0.6079216769585304,0.13846952072787808,0
-1.1990956924136271,0.4912506853193844,0.6283292676672464,0.017715865386361333,1.5993468389690468,-0.15122049092436385,0.3290780324613621,0.8132448030821116,0
0.23482944961529087,-1.560432185714722,-0.19913862532936552,-1.6482069375196242,0.8442848224743253,-0.9948236955668859,-1.4136947456459381,0.40846657651540474,1
-0.9326450547750003,0.5190230422876966,-1.2879121687459587,0.4577709453992632,1.1196400073886847,0.17533558829209653,-0.9954292789001865,-0.8234006361545261,0
-0.6837240643494423,-0.7376761105284557,-1.4185649939559501,-0.5480692374873697,1.6166647751271825,0.12090957508935313,1.5141635215743259,-0.6549883918280411,1
1.5074818372839882,-0.09544035563622222,-1.3750140522192862,-0.9881243175002716,-0.3887522319849449,-1.4846578143915758,1.0958980548285733,-1.4484971151380186,1
0.34000733289369456,1.2237466003586337,-1.0701574600626402,-0.5480692374873697,-0.19998672786126456,-0.12400748432299215,-0.08918743428439033,-1.5743073650062256,0
0.3224776856806281,-0.8591801722648246,0.45412550072059127,-0.3909067089113332,-0.8684590635653069,0.3658266345016978,-0.15889834540868242,-0.1054079846539741,1
0.006944035845414604,1.1334864402116178,-1.4185649939559501,-0.7052317660634061,-0.8684590635653069,-1.0900692186716865,1.4095971548878885,-1.5670611869135673,0
-1.433992965068729,-1.1577330096741867,-0.8088518096426576,-1.0195568232154788,-1.1715229463326837,-0.804332649357284,-0.40288653434370386,1.6319133181099945,1
-1.4620404006096388,-0.3141476667616862,-1.4185649939559501,0.2691759111080194,-1.5265406375744681,1.5904119315634235,-1.0999956455866247,0.020167971181630752,0
1.4969640489561473,0.06425069693157655,-0.2426895670660293,1.4321786225706887,0.4373133227581337,0.7876282368229588,-0.542308356592288,1.4513234297275188,0
0.18925236686131464,0.20658402639417833,0.5412273841939189,0.929258531127372,0.7715494906101549,0.8148412434243305,0.8519098658935519,0.21033004106477024,0
0.20678201407438357,1.376494563684353,1.2815933937172024,-1.7110719489500388,-0.2969671703468249,1.604018434864109,-1.6228274790188144,0.6485304525232087,1
0.9325094086953758,-0.49119644243467947,1.7171028110838402,-1.5539094203740023,-1.0572245676889873,0.6787762104174726,0.6776325880828225,-0.3953651983274328,0
1.0166517153180978,1.3313644836108465,-0.8524027513793213,1.2121510825642376,0.32128315049862377,-0.35531804043465126,0.11994529908848588,-0.4170698587693686,0
0.6345054060732288,0.487779140698346,-0.6781989844326662,0.23774340539281208,-0.34372559797379154,-1.607116344097748,0.36393348802350733,-0.8497911772485124,0
-1.3743921645443016,0.6787140948554954,1.6735518693471763,0.11201338253198288,0.5013896865432361,-0.8315456559586557,-0.2634647120951205,-1.5403940094919302,0
0.630999476630616,-1.3590825976944538,-0.6346480426960024,1.5579086454315174,1.701522662302048,-0.6682676163504255,1.4095971548878885,-0.8817200905348613,1
-0.1438109301869653,-0.5779850579606569,0.8896349180872282,-0.6423667546329914,-0.6242761637355919,-0.954004185664828,0.991331688142136,-1.582149158049235,0
0.7922722309908343,0.7481449872762783,0.5412273841939189,-1.4281793975131734,-0.9030949358815784,-1.1036757219723723,0.46849985470994626,-0.9999934118844095,1
-0.3857200617272977,-0.6647736734866343,-1.3314631104826224,1.5579086454315174,1.6894001069913531,0.950906276431189,1.5838744326986178,1.5541248764662918,0
1.5074818372839882,1.5257709823890342,1.2815933937172024,-1.3653143860827588,0.5533434950176437,1.0597583028366757,-0.472597445467996,-1.2632382830215123,0
0.06303890692722923,-0.1857005157832405,0.8896349180872282,-0.7366642717786134,0.8027217756947993,-0.6138416031476821,0.7821989547692598,-1.1704098581765303,1
-1.5391708483471351,0.6301124701609477,-0.8088518096426576,-0.9566918117850643,0.4373133227581337,-1.1717082384758015,-1.1348511011487707,-1.0709506299269305,0
-0.7924078770704612,0.9911531107490136,1.1944915102438747,1.4636111282858955,1.3343824157495687,0.03927055528523804,-0.507452901030142,0.3855650405334267,0
0.2839124618118799,-0.8730663507489806,-0.2426895670660293,-0.8309617889242351,-1.3360433398349738,-0.028761961218190902,-0.9605738233380404,-1.1495435751765575,0
-1.6233131549698596,0.2412994726045698,0.36702361724726373,0.4263384396840559,-0.7784057955430007,-1.0900692186716865,1.65358534382291,0.7750068878335145,0
1.2725845646288838,1.6229742317781293,0.5412273841939189,0.3634734282536413,0.4009456568260483,-1.5935098407970623,1.3747416993257415,-0.07838230913425831,0
-1.4269811061835036,0.3558604450988594,-0.15558768359270173,-0.6737992603481988,-0.7628196530006786,0.18894209159278208,-0.577163812154434,-1.3556037654406285,0
1.5530589200379619,-1.6749931582090116,0.5412273841939189,0.8035285082665432,1.3655547008342133,0.4202526477044412,-0.8560074566516024,0.5650427379659583,0
-1.1570245391022638,1.6785189457147562,0.49767644245725506,-0.6109342489177844,-1.2996756739028885,0.09369656848798143,-0.22860925653297448,0.6764368477799361,0
1.0762525158425278,1.5639579732204665,0.6718802094039102,1.149286071133823,0.9897554862026661,1.141397322640791,1.3050307882014496,-1.4693944491543602,1
-1.3077795051346437,0.3940474359302893,-0.02493485838271036,-0.5795017432025771,1.2703060519644664,1.5768054282627375,1.0958980548285733,0.409513842612941,1
-1.6373368727403133,1.3417791174739642,1.0638386850338832,0.583500968260092,-0.2813810278045027,0.32500712459964054,0.991331688142136,-0.06460694914509899,0
-0.22094137792446417,-0.2724891313092179,0.6718802094039102,-1.0195568232154788,0.040732584736823375,-1.5118708209929475,0.29422257689921527,0.06347284773771603,1
0.21379387295960914,1.1091856278643442,-0.8959536931159852,-0.7052317660634061,-0.3766296766742498,-0.885971669161399,-1.4136947456459381,-1.3024670079742477,0
0.8904382553840123,1.0189254677173283,1.4993481024005213,-1.1138543403611005,0.24162064417119886,-0.65466111304974,0.991331688142136,-0.6514118793062655,0
1.6301893677754584,-0.9216679754435282,0.19281985030060858,1.52647613971631,1.4400218263141973,-0.015155457917505355,-1.4485502012080842,-0.37974653709382195,0
-1.023799220282953,-1.6541638904827776,-0.8959536931159852,1.117853565418616,-0.7022068764472029,0.6787762104174726,-0.054331978722244295,0.3949622072145565,0
-0.18938801294094157,1.0154539230962873,-1.0266065183259765,0.929258531127372,-0.019880191816651915,-0.5730220932456248,-0.054331978722244295,-0.47599621937873443,0
-0.28404810789150686,0.637055559403027,1.0638386850338832,-1.7425044546652462,0.8217715054687486,1.0189387929346185,-1.5879720234566683,-1.0070956261739024,1
-0.9852339964142046,0.7932750673497849,0.018616083353953428,-0.17087916890488247,0.7905992203841041,-1.1717082384758015,-0.19375380097082845,1.070522233437025,0
-1.104435597463062,-0.8973671630962544,0.5412273841939189,-1.7110719489500388,1.2287430051849402,-1.14449523187443,1.5838744326986178,0.1652863075920206,1
0.24534723794313174,0.4981937745614637,0.14926890856394479,-0.3909067089113332,0.9897554862026661,1.6720509513675386,-0.2634647120951205,0.4976761465435619,1
0.2979361795823336,-0.5397980671292271,-0.02493485838271036,1.243583588279445,-1.5022955269530778,1.53598591836068,0.015378932402047775,-0.8219892263195712,0
-0.41376749726820505,0.26560028495184357,-1.723421586112596,-1.6796394432348316,-1.2511854526601085,1.304675362249021,-0.8211520010894563,0.3098767767241371,1
-0.9361509842176156,0.3697466235830155,1.150940568507211,-0.5795017432025771,-0.4874644680863191,1.604018434864109,0.29422257689921527,-0.34659816571007207,0
0.715141783253338,-0.2724891313092179,-1.636319702639269,1.2750160939946522,0.2502796122502669,1.304675362249021,-1.2394174678352088,-0.33689331168492237,0
1.6301893677754584,-0.9216679754435282,0.19281985030060858,1.52647613971631,1.4400218263141973,-0.015155457917505355,-1.4485502012080842,-0.37974653709382195,0
-1.0904118796926083,1.6646327672306,-1.113708401799304,0.7406634968361285,0.037268997505196286,-0.6682676163504255,-1.4485502012080842,-0.3249979495959226,0
1.0727465863999148,0.12326695548923933,1.0202877432972195,-0.23374418033529706,0.9135565671068686,1.522379415059994,-1.0302847344623325,0.9973829757896641,0
-1.500605624478387,0.9772669322648575,1.0202877432972195,0.6463659796905067,-0.9671712996666811,-1.3621992846854032,0.991331688142136,0.2771715880285627,0
0.46622079282777995,-0.9563834216539197,-0.2862405088026931,-1.050989328930686,-1.3931925291568223,-1.5390838275943188,0.7124880436449678,-1.2594782872211923,0
1.6477190149885272,-0.9320826093066459,1.2380424519805384,-1.7425044546652462,0.10307715490611222,1.032545296235304,-0.15889834540868242,1.2526364444412523,0
-1.1184593152335156,-1.1889769112635384,1.6735518693471763,1.0864210597034085,0.331673912193505,-0.26007251732985065,-1.4834056567702303,0.6829942578731363,0
-0.6977477821198984,-1.2861801606526337,-0.2426895670660293,1.4636111282858955,-0.2675266788779943,-0.46417006684013806,0.29422257689921527,1.474213674430817,0
-0.09472791799037628,0.9043644952230362,0.8460839763505644,1.0864210597034085,1.29628295620167,1.5495924216613657,-1.6925383901431064,0.43692624442743466,0
0.11913377800904634,-0.18222897116219963,-0.9395046348526489,-0.6109342489177844,-0.7489653040741696,0.6923827137181582,-0.08918743428439033,-0.8460227129891827,0
0.6450231944010697,-0.23430214047778808,-0.6346480426960024,1.2121510825642376,0.002633125188924474,-0.6954806229517971,0.7473434992071145,1.6515206235371878,0
1.1218295985965039,-1.3035378837578293,0.105717966827281,-1.491044408943588,-0.9082903167290194,-0.1920400008264211,0.15480075465063114,0.6853033243631226,0
-1.2376609162823755,-1.6020907211671915,0.45412550072059127,-0.9881243175002716,0.5585388758650843,0.3658266345016978,-1.6228274790188144,-1.4996296706387637,1
-0.911609478119321,-0.8487655384017069,-0.06848580011937415,-0.35947420319612594,1.4937074284044183,-1.4302318011888324,0.39878894358565414,-1.204227237822049,0
1.419833601218651,1.0883563601381088,0.27992173377393614,-0.8938268003546497,0.18793504208097775,0.8284477467250166,-0.6817301788408722,-1.15290555340342,1
-1.742514756018717,1.5361856162521519,-0.46044427574934726,1.2121510825642376,-0.25713591718311246,-0.8995781724620846,-1.378839290083792,-1.6089659449133775,0
0.6870943477124306,0.18922630328898385,-1.723421586112596,-0.07658165175926057,-0.8217006359383403,0.08009006518729528,-0.9605738233380404,-0.9900006302529291,0
-0.6521706993659222,-0.4981395316767588,0.5847783259305827,-0.7680967774938207,1.1490804988575156,-1.5799033374963765,1.3398862437635963,0.6598810104159156,0
0.9290034792527606,1.47022626845241,0.9767368015605558,-0.5166367317721624,-0.6138854020407106,-1.5935098407970623,0.43364439914779945,1.5413459718206104,0
-0.613605475497174,1.685462034956833,1.4993481024005213,0.583500968260092,-0.4822690872388782,-0.2736790206305362,0.36393348802350733,0.7872635708402625,0
1.0937821630555942,-0.5953427810658539,-0.7653008679059937,-1.522476914658795,0.07190486982146779,-1.4030187945874606,-0.8560074566516024,1.6216297860525133,0
0.20678201407438357,1.376494563684353,1.2815933937172024,-1.7110719489500388,-0.2969671703468249,1.604018434864109,-1.6228274790188144,0.6485304525232087,1
-1.23415498683976,-0.5154972547819533,1.3686952771905299,-0.29660919176571166,-0.43897424684353864,1.2366428457455916,1.0261871437042813,-0.46275437230718786,0
0.5854223938766397,-0.16487124805700515,1.4122462189271936,1.023556048272994,-0.6034946403458288,-1.212527748377859,0.9564762325799891,1.0124314274499528,0
-0.8940798309062521,-0.9112533415804105,-0.6781989844326662,-0.8938268003546497,-1.6113985247493332,1.1958233358435342,-1.1697065567109166,0.21680841220721278,0
-0.33663704953070867,-0.36969238069831056,1.3251443354538661,0.4577709453992632,-0.788796557237882,0.37943313780238397,1.65358534382291,0.9624985703089196,0
-1.4550285417244109,0.15103931245755398,-1.5056668774292776,1.52647613971631,0.45809484614789653,-0.0559749678195626,-0.3331756232194126,1.2949081689981508,0
-1.1324830330039692,0.48083605145626673,0.6718802094039102,-0.6423667546329914,-0.4770737063914372,1.304675362249021,0.6079216769585304,1.6443958266903358,1
-1.4199692472982754,-1.088302117253405,0.6283292676672464,-0.10801415747446787,-0.0458570960538557,1.522379415059994,0.8170544103314066,-1.5144212457090906,0
0.17873457853347377,0.3593319897198978,-0.72174992616933,0.6149334739752994,-0.8736544444127479,0.311400621298955,-0.19375380097082845,-0.9967782202803824,0
-1.4620404006096388,-0.3141476667616862,-1.4185649939559501,0.2691759111080194,-1.5265406375744681,1.5904119315634235,-1.0999956455866247,0.020167971181630752,0
-0.2454828840227562,0.6405271040240654,1.4557971606638573,1.149286071133823,1.5110253645625542,-0.5185960800428815,0.7124880436449678,-0.6711462116186044,0
1.0411932214163924,0.026063706100144208,-1.4621159356926139,-1.6796394432348316,-1.6979882055400124,-0.0831879744209343,1.4793080660121805,-1.420023333127639,1
1.013145785875485,-1.6437492566196599,1.3686952771905299,-1.3967468917979662,-0.13937395130778896,1.304675362249021,1.1656089659528655,-0.02360549343966001,1
-1.3218032229050973,-0.022537918594400883,0.23637079203727235,1.243583588279445,0.13424943999075695,1.4679534018572507,-0.6468747232787261,-0.3434620130568022,0
0.1612049313204073,-1.0431720371798971,1.542899044137185,-1.5853419260892097,0.646860350271577,0.20254859489346821,1.5490189771364726,1.6535953959945715,1
-0.7889019476278485,1.6021449640518965,-0.41689333401268347,0.3006084168232267,0.1100043293693667,-0.7635131394552261,-0.2634647120951205,-0.5194140087216162,1
-1.1570245391022638,-1.088302117253405,0.5847783259305827,-0.04514914604405327,1.052100056371955,0.24336810479552545,-1.1348511011487707,-1.2791448718614535,0
1.2690786351862686,1.070998637032914,0.8460839763505644,-1.050989328930686,0.29357445264560644,1.522379415059994,-1.6925383901431064,-1.1660852984422287,1
0.6415172649584544,-0.8869525292331367,-1.4621159356926139,0.5206359568296774,0.8009899820789858,1.3999208853538216,-0.8560074566516024,-0.21539068463299735,0
0.11913377800904634,-0.18222897116219963,-0.9395046348526489,-0.6109342489177844,-0.7489653040741696,0.6923827137181582,-0.08918743428439033,-0.8460227129891827,0
-0.41727342671081785,1.1647303418009685,-0.5910971009593387,1.3693136111402742,0.28837907179816546,1.5087729117593085,0.39878894358565414,-0.9283812996784694,0
-1.5812420016584963,1.1543157079378508,-0.5475461592226748,0.3634734282536413,-0.8684590635653069,-0.314498530532594,0.6776325880828225,1.1731881848316426,0
0.382078486205058,-1.6402777119986214,-0.11203674185603793,-0.35947420319612594,-0.22596363209846804,-1.14449523187443,-0.7862965455273103,-0.3097631918374199,0
-0.3857200617272977,1.5639579732204665,-0.11203674185603793,1.6836386682923465,-1.1680593591010566,0.13451607839003868,-0.8211520010894563,1.3078225689879877,0
-0.7152774293329649,1.0987709940012265,0.32347267551059994,-0.6109342489177844,0.3403328802725731,-1.185314741776487,-0.4377419899058499,1.4689180647300664,0
-1.4164633178556627,-0.20652978350947343,0.5847783259305827,0.929258531127372,1.6305191240536911,-1.212527748377859,1.1656089659528655,-1.157472875629334,1
-1.0378229380534065,0.3593319897198978,-1.6798706443759324,0.9606910368425793,0.7819402523050362,-0.12400748432299215,-1.1697065567109166,-0.5225558070142258,0
-1.153518609659651,-1.5500175518516044,-0.8959536931159852,0.7092309911209213,-0.5411500701765399,0.03927055528523804,0.9564762325799891,1.2658839371521382,0
1.6897901682998882,-0.60922895955001,-1.636319702639269,-0.7680967774938207,-0.0008304620427026151,-1.294166768181974,-0.472597445467996,1.5576251728569799,0
0.17522864909086097,0.07466533079469176,-0.6781989844326662,0.3006084168232267,0.4373133227581337,0.4066461444037556,0.8170544103314066,-0.17773427023640126,0
0.7922722309908343,-1.3625541423154934,0.32347267551059994,1.3064485997098596,1.5577837921895208,-0.32810503383327955,-0.3331756232194126,-1.21702025656608,0
0.6415172649584544,-0.07113954328894843,-1.5927687609026053,-0.4223392146265405,-1.6962564119241992,-1.5526903308950046,1.5141635215743259,-0.2667208375106361,0
-0.6942418526772831,-1.081359028011327,-0.9830555765893128,1.4950436340011026,0.9966826606659203,0.311400621298955,0.15480075465063114,0.7193380611232242,0
-0.5259572394318368,1.4250961883789006,0.45412550072059127,0.1748783939623975,1.2027661009477366,0.4202526477044412,-0.01947652316009826,0.5174104788559014,0
-0.18938801294094157,-0.33844847910896,0.49767644245725506,-0.7995292832090279,0.44770408445301496,0.5699241840119859,-1.5182611123323762,0.9791644976400664,0
-1.5251471305766815,-1.3833834100417275,0.8025330346139006,1.117853565418616,-0.5809813233402523,-0.6954806229517971,1.4444526104500337,1.3135613613769141,1
-1.0658703735943138,-0.30026148827753013,-0.06848580011937415,-0.7366642717786134,1.093663103151481,-0.15122049092436385,-0.15889834540868242,-0.041434422474809884,0
-1.5321589894619072,-1.1438468311900307,0.9767368015605558,1.52647613971631,0.7403772055255105,-1.4302318011888324,-0.9954292789001865,0.9911388986798235,0
0.5889283233192526,0.27601491881496126,1.0638386850338832,0.9921235425577866,-1.046833805994106,-1.6751488606011773,-0.2634647120951205,-1.5479845715843172,0
0.9921102092198033,-0.5432696117502654,-0.2862405088026931,0.8663935196969574,-1.1143737570108352,0.7332022236202154,0.921620777017844,1.1398083422349599,0
-0.9712102786437484,1.0814132708960318,0.7589820928772378,1.3064485997098596,1.1144446265412438,0.9372997731305034,1.3747416993257415,-0.4917221477598016,0
-1.5321589894619072,-0.6890744858339081,1.3251443354538661,-1.3967468917979662,1.6097376006639283,-1.14449523187443,0.08508984352633907,0.14296062682270444,0
-0.4453208622517251,-0.959854966274958,-1.0701574600626402,-0.45377172034174784,-1.4884411780265687,1.5768054282627375,-0.507452901030142,1.236337483667193,0
-0.3261192612028678,0.8002181565918642,1.0638386850338832,-0.925259306069857,-1.041638425146665,0.8828737599277601,0.8519098658935519,0.4261346048293698,1
1.7213435332834108,-0.6682452181076752,0.41057455898392753,-0.7366642717786134,-1.356824863224737,0.025664051984551888,0.5730662213963835,-0.592573026106667,0
-0.02460932913810799,-0.9424972431697636,-0.5039952174860111,-0.04514914604405327,0.004364918804738326,1.1958233358435342,1.0261871437042813,-1.1500545055368114,1
0.8834263964987868,1.6542181333674824,0.6718802094039102,0.9921235425577866,0.9620467883496487,-0.804332649357284,-0.8908629122137484,-1.018220358493017,1
-0.5785461810710386,1.2029173326323983,1.6735518693471763,0.1748783939623975,-0.24674515548823117,0.529104674109928,-1.1697065567109166,1.6349817230911867,1
0.013955894730640187,-1.4805866594308226,-1.4185649939559501,-1.3024493746523442,0.3282103249618779,-1.6887553639018633,0.18965621021277795,-0.9049208454018494,0
0.3785725567624427,-0.9702696001380757,1.6735518693471763,1.52647613971631,-1.5178816694954,-1.4846578143915758,1.3398862437635963,0.02482280081731185,0
-0.41727342671081785,1.1647303418009685,-0.5910971009593387,1.3693136111402742,0.28837907179816546,1.5087729117593085,0.39878894358565414,-0.9283812996784694,0
1.2655727057436559,1.6924051241989122,0.5412273841939189,-0.8938268003546497,1.057295437219396,-0.6138416031476821,-0.577163812154434,-1.5067855185019847,1
-0.3120955434324142,0.5016653191825021,-0.5475461592226748,-1.271016868937137,-0.5307593084816586,0.18894209159278208,1.6884407993850568,-0.4737069126264377,0
1.6196715794476175,-0.5154972547819533,1.0202877432972195,-1.3653143860827588,0.01821926773124699,1.6992639579689104,0.29422257689921527,-0.9726459349223239,0
0.3470191917789226,-0.810578547570277,-1.3314631104826224,0.677798485405714,1.4123131284611798,0.610743693914043,0.015378932402047775,0.05559718085866796,0
-0.21743544848184887,0.7759173442445905,0.6283292676672464,1.5893411511467246,-1.0035389655987665,-0.6682676163504255,-0.3680310787815586,-1.5075109831571516,0
1.5881182144640973,-0.1857005157832405,-1.2879121687459587,1.3064485997098596,0.6624464928138991,-0.3417115371339651,0.921620777017844,1.083346303197425,1
0.8658967492857179,0.008705982994949709,0.49767644245725506,-0.925259306069857,-1.6616205396079269,1.3863143820531356,-0.7514410899651642,0.44908977438507575,0
0.431161498401647,1.7479498381355367,-0.41689333401268347,-1.271016868937137,-0.06144323859617791,0.4202526477044412,0.18965621021277795,0.9680284740422723,0
-0.6626884876937631,1.5257709823890342,-1.244361227009295,1.6836386682923465,-0.7610878593848647,-0.65466111304974,0.29422257689921527,-0.7546649771922239,1
1.6827783094146627,0.9772669322648575,-0.7653008679059937,-0.3909067089113332,-0.6467894807411683,-1.2397407549792305,0.6427771325206757,0.3658024800243886,1
-0.1823761540557135,0.34544581123574175,-0.5475461592226748,1.4636111282858955,0.4598266397637101,0.20254859489346821,-0.29832016765726654,0.5642721081960725,1
-0.29456589621934526,-1.508359016399136,0.6718802094039102,0.6463659796905067,1.0399775010612597,-0.5730220932456248,-0.6468747232787261,-1.2064629110006178,0
0.6274935471880008,1.5778441517046227,-0.8524027513793213,0.3949059339688486,1.4850484603253504,1.2638558523469632,1.4793080660121805,-1.3051035215459434,1
0.26988874404142627,1.2237466003586337,1.760653752820504,-1.7110719489500388,0.4113364185209299,0.2569746080962116,1.4095971548878885,-0.3925197961001635,1
-0.2454828840227562,0.6405271040240654,1.4557971606638573,1.149286071133823,1.5110253645625542,-0.5185960800428815,0.7124880436449678,-0.6711462116186044,0
-1.304273575692031,0.8627059597705679,-0.41689333401268347,0.8035285082665432,0.5550752886334572,-0.32810503383327955,0.25936712133707,1.2575650875849145,0
0.7046239949254971,0.6092832024347149,-0.02493485838271036,-1.145286846076308,0.6485921438873905,0.2841876146975833,-0.472597445467996,-0.41732673535933035,1
-0.455838650579566,0.8835352274968032,1.1944915102438747,-1.3967468917979662,-1.587153414127943,1.2910688589483348,1.723296254947202,-1.6107414984857507,0
-1.598771648871565,-1.4840582040518622,-0.9395046348526489,-0.8623942946394424,-1.673743094918622,1.3999208853538216,1.3050307882014496,0.9493244709094508,0
1.6862842388572754,1.3556652959581204,-1.5492178191659414,-0.4852042260569551,0.9828283117394117,1.032545296235304,-0.8560074566516024,0.4358140534774901,0
-0.41727342671081785,0.2378279279835314,-0.5039952174860111,-0.4223392146265405,0.6832280162036622,0.24336810479552545,-0.6120192677165801,-1.1177021692999756,0
-0.3752022733994569,-0.8487655384017069,1.2815933937172024,0.3949059339688486,-1.2321357228861594,-0.7226936295531688,0.7473434992071145,-0.25258133378405817,0
-1.2867439284789643,0.7620311657604344,1.7171028110838402,-0.20231167462008978,0.57585681202322,-0.4233505569380802,1.5838744326986178,1.605412687048882,0
0.45920893394255435,-0.2134728727515527,-0.6781989844326662,-1.6167744318044168,-0.5809813233402523,1.4407403952558788,1.5838744326986178,1.0658024789489362,1
0.4486911456147135,-0.012123284731285662,1.1073896267705472,-0.7366642717786134,1.5958832517374197,0.025664051984551888,0.43364439914779945,0.24811630516618166,0
1.2866082823993374,-1.6159768996513477,-0.5475461592226748,1.5893411511467246,-0.627739750967219,-1.117282225273058,0.8170544103314066,-0.2209262340056905,0
-0.995751784742043,-0.3453915683510368,0.062167025090617216,-0.8623942946394424,-1.3983879100042627,1.3454948721510782,-0.507452901030142,1.1397490630218914,0
1.59162414390671,1.404266920652668,-1.1572593435359673,-1.4596119032283805,-0.8182370487067132,0.9645127797318751,-0.29832016765726654,1.6526271688477925,0
-1.1149533857909029,0.9494945752965454,-1.1572593435359673,-1.145286846076308,-0.5619315935663031,1.563198924962052,1.1656089659528655,0.9835031714727179,0
1.605647861677164,-1.1230175634637953,1.1073896267705472,1.5893411511467246,0.11693150383262088,-1.457444807790204,0.43364439914779945,1.498424998739633,1
1.1183236691538887,-1.3243671514840636,1.4557971606638573,-0.35947420319612594,0.4494358780688285,0.7876282368229588,0.25936712133707,0.17272443742223234,0
-0.11576349464605801,0.30725882040431185,-1.4185649939559501,-1.271016868937137,-0.2969671703468249,0.7740217335222732,-1.1348511011487707,0.16956287939193376,0
-1.3708862351016864,-1.313952517620946,0.6283292676672464,1.4321786225706887,1.3551639391393318,-1.6479358539998057,-0.8560074566516024,-1.2742162287177912,1
-0.28404810789150686,0.637055559403027,1.0638386850338832,-1.7425044546652462,0.8217715054687486,1.0189387929346185,-1.5879720234566683,-1.0070956261739024,1
-1.7635503326743986,-0.3523346575931161,-0.5039952174860111,0.4263384396840559,-1.5594447162749256,1.3318883688503926,-1.6228274790188144,-1.4133981753623608,0
-0.3085896139898014,-1.5118305610201745,-0.9395046348526489,0.48920345111447017,-0.5688587680295573,-1.3485927813847174,-0.054331978722244295,-0.8135292357688518,0
0.46972672227039525,-1.5500175518516044,1.7171028110838402,0.08058087681677559,-0.7818693827746278,-0.5049895767421952,1.1307535103907203,-0.2543060766023732,0
0.581916464434027,0.6787140948554954,-0.02493485838271036,-1.0824218346458934,0.78367204592085,-1.185314741776487,-0.7514410899651642,-0.20015028123515471,0
0.5468571700078916,0.30031573116223503,-1.5492178191659414,-1.7739369603804533,1.4677305241672145,0.6787762104174726,1.4793080660121805,-0.4632116690937132,1
-1.5812420016584963,-1.508359016399136,-0.8088518096426576,0.4263384396840559,1.019195977671497,-1.6751488606011773,-0.3680310787815586,-0.27992881074614373,1
-0.12978721241651164,-1.4076842223890014,-0.06848580011937415,-1.7739369603804533,0.8494802033217659,1.0053322896339323,0.015378932402047775,1.314687666425208,1
0.1962642257465427,1.3591368405791586,-0.5475461592226748,-0.9881243175002716,1.1975707201002959,1.563198924962052,-1.3439838345216462,-1.6345096401063908,1
-0.7924078770704612,0.9911531107490136,1.1944915102438747,1.4636111282858955,1.3343824157495687,0.03927055528523804,-0.507452901030142,0.3855650405334267,0
-1.5567004955602017,-0.4530094516032496,-0.72174992616933,0.2063108996776048,-0.9619759188192402,-0.9948236955668859,0.7821989547692598,-1.3193390011412984,0
0.21379387295960914,-0.6543590396235166,0.5412273841939189,1.337881105425067,-1.6148621119809603,-1.5390838275943188,-0.12404288984653637,1.6546793587478164,1
-0.6100995460545612,0.3697466235830155,0.5412273841939189,0.2691759111080194,-0.7784057955430007,-1.3621992846854032,-0.8560074566516024,-0.34788819429922074,0
0.14367528410734087,1.404266920652668,1.1073896267705472,-0.4223392146265405,-0.44243783407516574,-1.0220367021682573,-1.1697065567109166,-1.6205903163140658,0
-1.153518609659651,-1.5500175518516044,-0.8959536931159852,0.7092309911209213,-0.5411500701765399,0.03927055528523804,0.9564762325799891,1.2658839371521382,0
0.7817544426629959,0.5363807653928936,-0.6781989844326662,-0.7366642717786134,0.9222155351859364,1.604018434864109,-1.6576829345809605,0.3868917657782845,0
1.5530589200379619,0.7273157195500429,0.018616083353953428,1.3693136111402742,0.8633345522482746,-0.4233505569380802,1.5838744326986178,-1.5240273010457934,1
-0.02811525858072078,-1.6437492566196599,-0.06848580011937415,-0.45377172034174784,-0.3506527724370463,0.9236932698298173,0.921620777017844,0.1785535600405964,0
1.2690786351862686,1.070998637032914,0.8460839763505644,-1.050989328930686,0.29357445264560644,1.522379415059994,-1.6925383901431064,-1.1660852984422287,1
-0.31910740231763973,-0.16139970343596674,0.105717966827281,1.620773656861932,0.4996578929274225,1.4679534018572507,-1.2394174678352088,0.9257341669280147,1
0.14718121354995364,-0.19264360502531733,-0.3297914505393559,0.04914837110156863,-0.1757416172398743,1.644837944766167,-0.3680310787815586,0.6380210948921344,0
0.1997701551891555,-0.5293834332661094,1.4993481024005213,-0.4223392146265405,-1.3706792121512452,-0.5594155899449387,-0.507452901030142,-0.8278268173969446,1
-0.10173977687560434,1.6090880532939733,1.0638386850338832,1.620773656861932,-0.5324911020974719,-0.4777765701408236,-0.2634647120951205,-0.9033965227800982,0
-0.32261333176025503,1.515356348525919,-1.636319702639269,0.1748783939623975,0.7299864438306289,-1.6207228473984339,0.39878894358565414,-0.29903929991143263,0
0.056027048042003647,1.1196002617274619,1.6735518693471763,0.2063108996776048,-0.9948799975196985,-0.6954806229517971,1.3398862437635963,-0.8722721130996733,0
-0.8940798309062521,-1.6090338104092696,0.45412550072059127,-0.29660919176571166,-0.7576242721532376,1.6856574546682241,0.25936712133707,0.171451345751103,1
-1.5882538605437242,-0.810578547570277,-0.72174992616933,1.4321786225706887,0.336869293040946,0.32500712459964054,-0.6817301788408722,0.611142205995254,0
0.9395212675806014,1.1057140832433057,0.41057455898392753,0.7092309911209213,-0.7541606849216105,0.12090957508935313,-1.274272923397354,-0.7677826201982945,0
0.630999476630616,-1.3590825976944538,-0.6346480426960024,1.5579086454315174,1.701522662302048,-0.6682676163504255,1.4095971548878885,-0.8817200905348613,1
0.9254975498101478,-0.5779850579606569,1.542899044137185,-1.4596119032283805,1.6391780921327592,1.4679534018572507,1.7581517105093487,-1.061844213671802,1
1.3882802362351283,-1.5430744626095263,0.062167025090617216,-0.6109342489177844,-0.4961234361653871,-0.6138416031476821,-0.3331756232194126,-1.5879246470938702,0
0.5468571700078916,0.30031573116223503,-1.5492178191659414,-1.7739369603804533,1.4677305241672145,0.6787762104174726,1.4793080660121805,-0.4632116690937132,1
1.5179996256118267,-1.6715216135879731,-1.3750140522192862,0.017715865386361333,0.6659100800455262,-0.681874119651111,-0.19375380097082845,0.33309729132881466,1
-0.7222892882181929,-0.7307330212863788,1.4122462189271936,-1.271016868937137,-0.4684147383123698,-0.885971669161399,1.7581517105093487,0.8458201420728704,0
-0.7713723004147796,-1.22369235747393,-1.0701574600626402,-0.7680967774938207,-1.5611765098907395,0.8828737599277601,-0.6468747232787261,-0.9506815750707563,0
1.0937821630555942,-0.5953427810658539,-0.7653008679059937,-1.522476914658795,0.07190486982146779,-1.4030187945874606,-0.8560074566516024,1.6216297860525133,0
1.304137929612404,1.5327140716311136,-0.3297914505393559,0.5206359568296774,0.7975263948473587,-0.32810503383327955,-0.8211520010894563,-0.512229932661696,0
0.7186477126959532,0.8314620581812149,1.7171028110838402,-0.01371664032884597,-0.34199380435797827,1.5087729117593085,1.0261871437042813,-0.4298713459724094,0
0.5608808877783452,-0.8071070029492386,0.27992173377393614,-1.6482069375196242,-1.2459900718126677,0.6379567005154148,0.5730662213963835,1.296607506439436,0
0.14718121354995364,1.5778441517046227,-0.3297914505393559,0.7406634968361285,-0.6242761637355919,0.311400621298955,-1.3439838345216462,-1.289019095066798,0
-1.0413288674960193,-0.9355541539276843,-1.2879121687459587,0.5520684625448847,0.9810965181235981,-0.7907261460565979,1.1307535103907203,0.41657936024672526,0
0.6380113355158415,-0.48425335319260265,1.3686952771905299,0.7406634968361285,0.8841160756380377,0.7604152302215871,1.4095971548878885,1.021086192557896,0
-1.2376609162823755,-0.9529118770328788,-1.2879121687459587,0.2691759111080194,-1.1559368037903615,0.311400621298955,-0.472597445467996,1.3056631119405064,0
0.9780864914493496,-1.3347817853471813,0.8460839763505644,0.7720960025513358,0.5775886056390336,1.1005778127387331,-0.8211520010894563,-0.6880351417036744,0
-0.9326450547750003,1.2341612342217514,-1.4185649939559501,-0.4852042260569551,0.06844128258984071,0.610743693914043,-1.5879720234566683,-1.0935924664992767,0
1.5530589200379619,0.7273157195500429,0.018616083353953428,1.3693136111402742,0.8633345522482746,-0.4233505569380802,1.5838744326986178,-1.5240273010457934,1
0.5012800872539154,-1.574318364198878,-1.1572593435359673,-1.6796394432348316,0.07536845705309489,-1.0900692186716865,1.723296254947202,0.9644632527991766,1
1.3076438590550192,-0.5085541655398764,0.36702361724726373,-1.6167744318044168,0.3005016271088606,0.18894209159278208,0.7473434992071145,-0.5975186061683487,0
-0.5785461810710386,1.2029173326323983,1.6735518693471763,0.1748783939623975,-0.24674515548823117,0.529104674109928,-1.1697065567109166,1.6349817230911867,1
-0.3261192612028678,0.8002181565918642,1.0638386850338832,-0.925259306069857,-1.041638425146665,0.8828737599277601,0.8519098658935519,0.4261346048293698,1
0.08407448358291096,-0.796692369086121,1.3251443354538661,0.4577709453992632,-1.2892849122080072,0.21615509819415377,-0.6817301788408722,-1.2635657301032217,0
-0.6626884876937631,-1.0987167511165215,0.19281985030060858,-1.6482069375196242,-0.9533169507401721,-0.382531047036023,-0.054331978722244295,-1.617767496644156,0
1.3847743067925156,0.09202305389988873,-1.113708401799304,0.5206359568296774,1.1750574030947194,1.0869713094380475,-0.9605738233380404,-1.6118423981570156,0
-1.002763643627271,0.23435638336249054,-1.5927687609026053,-1.3653143860827588,1.1127128329254303,0.17533558829209653,-0.577163812154434,-0.943717678945089,0
1.3462090829237674,0.6752425502344569,-1.5492178191659414,-1.1767193517915153,-0.8823134124918153,1.5904119315634235,-0.8560074566516024,-0.6981295448432717,0
-1.2411668457249883,0.8036897012129026,0.27992173377393614,-0.23374418033529706,-1.110910169779208,-0.7907261460565979,0.18965621021277795,-0.1834674169859883,0
-0.12277535353128607,1.1022425386222647,1.0638386850338832,-0.7366642717786134,0.3126241824195557,-1.525477324293633,0.11994529908848588,0.6447281144278401,1
0.8658967492857179,0.824518968939138,-0.7653008679059937,-0.925259306069857,-1.1888408824908197,-1.117282225273058,0.36393348802350733,0.044766021785224056,0
0.06303890692722923,1.7201774811672246,-1.1572593435359673,1.2750160939946522,-0.4112655489905213,-0.8451521592593412,1.5490189771364726,-0.246927225985229,0
-0.3752022733994569,-0.8487655384017069,1.2815933937172024,0.3949059339688486,-1.2321357228861594,-0.7226936295531688,0.7473434992071145,-0.25258133378405817,0
0.8764145376135587,0.1440962232154747,-1.2879121687459587,-0.3909067089113332,-0.07702938113850012,-1.2669537615806021,-0.8211520010894563,-0.6977428185484941,1
1.3462090829237674,0.6752425502344569,-1.5492178191659414,-1.1767193517915153,-0.8823134124918153,1.5904119315634235,-0.8560074566516024,-0.6981295448432717,0
-0.02460932913810799,1.3973238314105885,1.2815933937172024,1.4636111282858955,0.6520557311190175,0.8012347401236449,1.3747416993257415,0.6468903942949908,1
1.300632000169791,0.2933726419201558,-0.2862405088026931,-0.3280416974809186,0.5862475737181017,-1.6207228473984339,-0.29832016765726654,0.7254297059708894,0
-0.6100995460545612,1.2376327788427899,1.150940568507211,1.023556048272994,-1.12130093147409,-0.7226936295531688,-0.8211520010894563,-1.5774999740528937,0
-1.0693763030369265,-0.43218018387701423,0.8460839763505644,-1.1767193517915153,0.6226152396501866,0.24336810479552545,1.2353198770771574,1.4593120093933638,1
-0.8800561131357985,1.6681043118516385,0.32347267551059994,1.3693136111402742,1.3482367646760773,-0.23285951072847894,0.8170544103314066,-1.320318519566757,0
-0.41727342671081785,0.2378279279835314,-0.5039952174860111,-0.4223392146265405,0.6832280162036622,0.24336810479552545,-0.6120192677165801,-1.1177021692999756,0
-0.6591825582511502,0.5988685685715972,1.2380424519805384,-0.01371664032884597,-1.6269846672916555,-0.9131846757627707,0.18965621021277795,-0.8793658589301566,1
1.6897901682998882,-0.60922895955001,-1.636319702639269,-0.7680967774938207,-0.0008304620427026151,-1.294166768181974,-0.472597445467996,1.5576251728569799,0
-1.3884158823147554,-1.2549362590632818,-1.2008102852726312,0.332040922538434,-0.806114493396018,0.052877058585923585,-0.8560074566516024,-0.01558586275744597,0
-0.7713723004147796,0.5884539347084795,0.36702361724726373,0.017715865386361333,-1.4035832908517036,0.24336810479552545,1.5490189771364726,1.629993800734456,0
-0.40324970894036416,1.376494563684353,-1.5927687609026053,-1.3338818803675516,0.7542315544520192,-0.6002350998469965,-0.054331978722244295,1.159091023400113,1
-1.4269811061835036,-0.9876273232432715,-0.46044427574934726,1.6836386682923465,1.564710966652775,0.4066461444037556,0.11994529908848588,-1.3103934856073545,1
-0.9326450547750003,0.5190230422876966,-1.2879121687459587,0.4577709453992632,1.1196400073886847,0.17533558829209653,-0.9954292789001865,-0.8234006361545261,0
1.1393592458095705,0.8731205936336855,1.542899044137185,-1.271016868937137,-0.17747341085568816,1.563198924962052,0.050234387964193813,-1.0534604392521698,0
-1.3743921645443016,0.6787140948554954,1.6735518693471763,0.11201338253198288,0.5013896865432361,-0.8315456559586557,-0.2634647120951205,-1.5403940094919302,0
0.2944302501397208,1.070998637032914,0.14926890856394479,0.7406634968361285,-1.046833805994106,0.7876282368229588,-0.40288653434370386,1.683435422725187,0
1.0937821630555942,-0.5953427810658539,-0.7653008679059937,-1.522476914658795,0.07190486982146779,-1.4030187945874606,-0.8560074566516024,1.6216297860525133,0
0.7291655010237916,0.605811657813674,-0.5475461592226748,-0.2651766860505044,0.2243027080130631,0.7604152302215871,0.6776325880828225,0.3871994531223047,0
1.1779244696783187,1.3452506620950027,-0.5910971009593387,0.5206359568296774,0.9014340117961736,0.8964802632284455,0.6776325880828225,-0.9391305969814857,1
-0.16134057740003424,0.28990109729911734,1.4993481024005213,0.7720960025513358,1.1369579435468204,-1.3894122912867748,-0.7862965455273103,0.5921502752561012,0
0.9149797614823069,-1.0674728495271697,0.49767644245725506,-0.7680967774938207,-1.204427025033142,1.4815599051579367,0.29422257689921527,0.09953436902081295,0
0.5468571700078916,0.30031573116223503,-1.5492178191659414,-1.7739369603804533,1.4677305241672145,0.6787762104174726,1.4793080660121805,-0.4632116690937132,1
-0.7713723004147796,0.5884539347084795,0.36702361724726373,0.017715865386361333,-1.4035832908517036,0.24336810479552545,1.5490189771364726,1.629993800734456,0
-1.1500126802170383,-0.26554604206713867,1.542899044137185,0.8978260254121647,1.4278992710035021,0.24336810479552545,1.3050307882014496,-1.2730165303580794,0
-0.9291391253323875,1.6819904903357945,1.0638386850338832,-0.6737992603481988,0.0528551400475185,-0.2464660140291645,-0.12404288984653637,-1.3794368319136767,1
-1.2867439284789643,0.7620311657604344,1.7171028110838402,-0.20231167462008978,0.57585681202322,-0.4233505569380802,1.5838744326986178,1.605412687048882,0
-1.5321589894619072,1.7236490257882628,0.49767644245725506,-1.7110719489500388,1.0209277712873106,-1.4166252978881466,-0.8211520010894563,-0.6391269681028184,1
1.1218295985965039,-1.3035378837578293,0.105717966827281,-1.491044408943588,-0.9082903167290194,-0.1920400008264211,0.15480075465063114,0.6853033243631226,0
1.1989600463340002,1.4355108222420183,0.7589820928772378,-1.0824218346458934,0.5152440354697447,1.604018434864109,1.3398862437635963,0.9548007410690755,0
-0.9817280669715893,0.3940474359302893,-0.15558768359270173,1.117853565418616,-1.3758745929986862,1.5768054282627375,-0.6817301788408722,-1.176546668138914,0
1.6687545916442066,-1.5222451948832922,1.0202877432972195,-0.8309617889242351,0.35591902281489524,-0.40974405363739463,1.4793080660121805,1.2158212303062894,0
0.1612049313204073,0.18575475866794297,0.7589820928772378,-0.10801415747446787,0.6901551906669164,0.3930396411030695,-1.3091283789595,1.4709222666957023,0
1.503975907841373,1.477169357694489,-1.723421586112596,-1.4281793975131734,-1.1732547399484976,0.22976160149483993,1.4793080660121805,0.8847411796815856,1
1.7353672510538645,1.6368604102622855,1.542899044137185,-1.145286846076308,0.9984144542817338,-1.117282225273058,0.7473434992071145,0.6841177401017607,1
-1.4374988945113443,0.019120616858067395,0.9767368015605558,0.6149334739752994,-0.32813945543146933,-1.3621992846854032,0.5382107658342383,-0.4899183659907292,1
0.7326714304664069,-0.6022858703079307,1.5864499858738488,-0.8309617889242351,0.00956029965217896,0.8012347401236449,0.43364439914779945,-1.4716272995132589,0
-0.4944038744483142,1.3834376529264325,1.2815933937172024,-0.04514914604405327,-0.972366680514122,-1.4302318011888324,1.7930071660714941,0.07337812195942935,0
0.7326714304664069,-1.102188295737561,0.8460839763505644,-1.522476914658795,1.1057856584621761,-0.7907261460565979,-1.274272923397354,-0.5204019956060847,0
-0.8204553126113685,1.0987709940012265,1.4993481024005213,0.7092309911209213,1.7430857090815741,1.2502493490462776,-1.5182611123323762,1.670989610800555,1
0.25586502627097263,0.2829580080570381,0.6283292676672464,-1.7110719489500388,0.7871356331524771,1.1005778127387331,-0.3331756232194126,-0.6140998489093985,0
0.46622079282777995,-1.3833834100417275,-0.15558768359270173,-1.5853419260892097,-0.2917717894993839,-0.9676106889655142,-0.40288653434370386,1.5624578401318656,0
-0.6451588404806942,-1.6333346227565433,0.105717966827281,0.017715865386361333,-1.670279507686995,-0.1920400008264211,0.7821989547692598,1.1351281072222494,0
1.2725845646288838,1.6229742317781293,0.5412273841939189,0.3634734282536413,0.4009456568260483,-1.5935098407970623,1.3747416993257415,-0.07838230913425831,0
0.4136318511885781,1.2515189573269458,0.14926890856394479,-0.8309617889242351,-0.2917717894993839,-0.7090871262524827,-1.6576829345809605,0.9214293669314023,1
-0.20341173071139523,0.9321368521913508,0.8460839763505644,-1.3024493746523442,-0.3056261384258929,-0.3417115371339651,-0.01947652316009826,-0.39647738927737713,0
-1.0273051497255656,1.6646327672306,0.14926890856394479,1.4950436340011026,-0.8823134124918153,1.4951664084586223,1.3398862437635963,1.3457753794499239,0
0.23482944961529087,0.28990109729911734,-1.3314631104826224,0.08058087681677559,-0.16535085554499304,-1.1717082384758015,1.2701753326393044,0.8337921074593848,1
0.5994461116470934,-0.7758631013598856,-0.5910971009593387,0.7092309911209213,0.4182635929841841,0.311400621298955,0.39878894358565414,1.3371544881780197,0
-0.41727342671081785,1.1647303418009685,-0.5910971009593387,1.3693136111402742,0.28837907179816546,1.5087729117593085,0.39878894358565414,-0.9283812996784694,0
1.1884422580061593,1.116128717106421,0.49767644245725506,-0.9566918117850643,-1.5629083035065534,-0.2464660140291645,0.2245116657749232,-0.5150019415775473,0
-0.10173977687560434,-0.2724891313092179,-0.9830555765893128,-0.10801415747446787,0.6122244779553054,1.3863143820531356,-0.22860925653297448,-0.7481414409350625,1
1.3672446595794467,1.515356348525919,0.45412550072059127,0.4263384396840559,-1.4780504163316874,0.4882851642078707,-0.3680310787815586,1.6492736590799395,0
1.5460470611527364,-0.8591801722648246,-0.5910971009593387,-0.6109342489177844,-1.6443026034497914,-0.7499066361545406,0.8170544103314066,-1.5991171270850624,0
1.700307956627729,0.07119378617365336,0.933185859823892,0.929258531127372,1.0105370095924289,-0.8723651658607129,0.29422257689921527,0.27123519826274284,1
-1.7635503326743986,-0.3523346575931161,-0.5039952174860111,0.4263384396840559,-1.5594447162749256,1.3318883688503926,-1.6228274790188144,-1.4133981753623608,0
0.7887663015482215,0.1440962232154747,-0.6346480426960024,0.7092309911209213,1.739622121849947,0.8828737599277601,-1.4485502012080842,0.02587571255418806,0
1.59162414390671,1.3313644836108465,0.9767368015605558,-1.3653143860827588,-0.7091340509104571,-0.21925300742779277,-1.0999956455866247,1.0454358350305375,0
-0.12277535353128607,-0.9112533415804105,-1.5492178191659414,-1.7425044546652462,-1.046833805994106,1.3318883688503926,-0.22860925653297448,-1.2466598631001322,1
0.5047860166965281,-0.9529118770328788,-1.244361227009295,-1.491044408943588,0.820039711852935,-0.13761398762367769,0.6427771325206757,-0.6829512434781672,0
0.6204816883027752,0.3419742666147033,0.9767368015605558,-1.050989328930686,0.12732226552750245,-0.6138416031476821,-0.6817301788408722,0.6721828585373822,0
-0.9361509842176156,0.3697466235830155,1.150940568507211,-0.5795017432025771,-0.4874644680863191,1.604018434864109,0.29422257689921527,-0.34659816571007207,0
0.17522864909086097,0.07466533079469176,-0.6781989844326662,0.3006084168232267,0.4373133227581337,0.4066461444037556,0.8170544103314066,-0.17773427023640126,0
0.382078486205058,0.6023401131926356,-0.06848580011937415,1.243583588279445,1.4919756347886048,-0.20564650412710722,-1.378839290083792,0.9143582036582786,0
-1.153518609659651,-1.5500175518516044,-0.8959536931159852,0.7092309911209213,-0.5411500701765399,0.03927055528523804,0.9564762325799891,1.2658839371521382,0
0.2979361795823336,-0.5397980671292271,-0.02493485838271036,1.243583588279445,-1.5022955269530778,1.53598591836068,0.015378932402047775,-0.8219892263195712,0
0.45570300449994156,0.22394174949937284,-1.0266065183259765,-1.6167744318044168,1.5006346028676725,0.08009006518729528,1.3747416993257415,-0.21585927269820232,1
1.3777624479072874,-1.1993915451266561,-0.5475461592226748,0.08058087681677559,-1.4538053057102973,-0.2464660140291645,-0.9954292789001865,-0.21510275702666667,0
1.6477190149885272,-0.9320826093066459,1.2380424519805384,-1.7425044546652462,0.10307715490611222,1.032545296235304,-0.15889834540868242,1.2526364444412523,0
0.4381733572868726,1.4493970007261745,-1.3314631104826224,-0.5480692374873697,-0.1289831896129077,1.6312314414654807,1.2004644215150122,0.1313023815859769,1
0.17522864909086097,0.07466533079469176,-0.6781989844326662,0.3006084168232267,0.4373133227581337,0.4066461444037556,0.8170544103314066,-0.17773427023640126,0
0.11913377800904634,0.6405271040240654,0.5847783259305827,1.4007461168554816,-0.5879084978035065,0.2841876146975833,0.7473434992071145,0.13759444663020595,1
1.6196715794476175,-0.5154972547819533,1.0202877432972195,-1.3653143860827588,0.01821926773124699,1.6992639579689104,0.29422257689921527,-0.9726459349223239,0
0.056027048042003647,0.8835352274968032,-1.636319702639269,-1.7739369603804533,0.2398888505553853,0.9781192830325607,0.8867653214556986,1.0787309930371225,1
-1.0273051497255656,1.6646327672306,0.14926890856394479,1.4950436340011026,-0.8823134124918153,1.4951664084586223,1.3398862437635963,1.3457753794499239,0
-1.542676777789748,-0.2377736850988265,0.41057455898392753,-1.6482069375196242,-0.30908972565752,1.223036342444906,0.8867653214556986,0.9251187922399747,0
-0.40324970894036416,-1.1750907327793825,-0.6781989844326662,-1.3653143860827588,-1.0710789166154957,-0.43695706023876635,-1.378839290083792,-1.3666184077926165,0
0.7817544426629959,0.9043644952230362,-1.0701574600626402,1.5893411511467246,-0.02161198543246546,1.223036342444906,-1.2394174678352088,0.5477303849304018,0
-1.093917809135221,-1.1438468311900307,-0.5475461592226748,-0.4852042260569551,-1.4018514972358898,1.604018434864109,0.15480075465063114,-0.26873915357462147,0
0.08758041302552375,-1.5396029179884878,-1.113708401799304,-1.3024493746523442,-0.7403063359951022,-0.0015489546168192053,1.4444526104500337,0.39536022478801375,0
1.013145785875485,-0.6474159503814398,-0.7653008679059937,0.2063108996776048,0.861602758632461,-1.2805602648812882,0.29422257689921527,-0.3996643526847052,0
0.1612049313204073,0.18575475866794297,0.7589820928772378,-0.10801415747446787,0.6901551906669164,0.3930396411030695,-1.3091283789595,1.4709222666957023,0
0.9956161386624185,-0.5779850579606569,-1.1572593435359673,1.117853565418616,-1.1697911527168698,-0.5458090866442531,1.65358534382291,-0.19287869776546718,0
-1.4199692472982754,-0.43218018387701423,1.1944915102438747,1.4636111282858955,0.27625651648747035,-0.1648269942250494,-1.5879720234566683,-0.5283877524522593,0
1.0411932214163924,0.026063706100144208,-1.4621159356926139,-1.6796394432348316,-1.6979882055400124,-0.0831879744209343,1.4793080660121805,-1.420023333127639,1
-0.3752022733994569,-1.1716191881583429,-0.9395046348526489,-1.5539094203740023,1.0313185329821921,-1.294166768181974,-0.9954292789001865,1.0257833644886256,0
-0.8555146070375039,0.18575475866794297,-0.02493485838271036,-1.1138543403611005,-0.0008304620427026151,-1.185314741776487,-1.6228274790188144,-1.4867152706489266,0
0.7887663015482215,-1.0258143140747014,-1.0701574600626402,0.3949059339688486,1.1663984350156513,1.0053322896339323,-0.3680310787815586,-1.4652082075838841,0
1.2340193407601356,1.1439010740747355,-1.2879121687459587,1.52647613971631,-1.1143737570108352,1.6312314414654807,1.6884407993850568,-0.035060495660153713,1
-0.18588208349832877,0.039949884584302764,-0.7653008679059937,1.337881105425067,1.2079614817951774,-1.47105131109089,0.6776325880828225,-0.9666107464680568,0
-0.704759641005124,-0.2724891313092179,-1.4621159356926139,0.4263384396840559,0.33340570580931855,1.1686103292421626,1.0261871437042813,1.458648646770935,1
0.4907622989260745,-1.4493427578414708,-1.5056668774292776,0.3949059339688486,1.6461052665960136,-1.2533472582799163,1.4095971548878885,-0.5732536482858046,0
-1.0308110791681784,-0.3245623006248039,0.062167025090617216,0.7406634968361285,-1.5559811290432985,0.13451607839003868,-0.472597445467996,-0.2742464747506154,0
-0.455838650579566,0.29684418654119415,-1.3750140522192862,-1.6796394432348316,-0.2935035831151978,-1.6207228473984339,0.9564762325799891,1.0915889366335618,0
-0.31560147287502693,-0.7342045659074172,-1.3314631104826224,0.14344588824719018,0.1896668356967913,0.12090957508935313,-0.8908629122137484,1.0599394824945334,0
1.3321853651533138,0.04342142920534117,1.2815933937172024,-0.8309617889242351,1.400190573150485,-0.532202583343567,0.7473434992071145,0.9537111326764902,0
1.6617427327589809,-1.3382533299682196,1.3686952771905299,-0.17087916890488247,0.1359812336065705,-1.1308887285737441,-1.6925383901431064,0.9178302718522674,0
-1.395427741199981,0.9633807537807014,1.3686952771905299,-0.8309617889242351,0.3611144036623359,-0.65466111304974,1.0261871437042813,-0.9717511010869625,1
1.605647861677164,-1.1230175634637953,1.1073896267705472,1.5893411511467246,0.11693150383262088,-1.457444807790204,0.43364439914779945,1.498424998739633,1
1.114817739711276,-0.8869525292331367,0.23637079203727235,1.023556048272994,1.5508566177262666,-1.4846578143915758,0.18965621021277795,-1.2199983313178349,1
-1.0834000208073802,-0.49466798705572035,-0.8959536931159852,-0.45377172034174784,0.14637199530145176,-1.3621992846854032,1.2004644215150122,-1.0150559776430481,1
1.461904754530012,1.1091856278643442,-1.0266065183259765,0.8663935196969574,0.9984144542817338,-0.314498530532594,-1.4485502012080842,-1.1977149928435675,0
0.2839124618118799,-0.8730663507489806,-0.2426895670660293,-0.8309617889242351,-1.3360433398349738,-0.028761961218190902,-0.9605738233380404,-1.1495435751765575,0
-0.9431628431028412,1.5327140716311136,1.1073896267705472,1.4007461168554816,-0.5030506106286413,-1.5526903308950046,-0.8211520010894563,-1.1890799874733136,0
0.024473683058481053,-0.8695948061279423,0.7589820928772378,0.2691759111080194,0.26067037394514814,1.4815599051579367,-0.054331978722244295,0.19968518808954033,0
-1.0834000208073802,-0.38357855918246914,0.41057455898392753,1.620773656861932,1.7188405984601838,1.454346898556565,0.15480075465063114,-1.2607005681382635,1
-0.504921662776155,0.40099052517236855,0.27992173377393614,-1.3653143860827588,-1.3169936100610244,-0.7499066361545406,0.11994529908848588,0.4450023315030466,0
1.4128217423334228,-0.2412452297198649,-1.636319702639269,1.023556048272994,-1.1645957718694295,0.46107215760649906,1.2701753326393044,1.5725155466157537,0
-1.6829139554942871,-1.3451964192102976,-0.46044427574934726,0.14344588824719018,-1.0104661400620207,-1.0628562120703149,-0.8908629122137484,1.4840201499640835,1
-1.2411668457249883,-1.3382533299682196,0.6283292676672464,-0.5480692374873697,0.05112334643170496,1.644837944766167,-0.3331756232194126,-0.5953591491208678,1
0.14367528410734087,1.404266920652668,1.1073896267705472,-0.4223392146265405,-0.44243783407516574,-1.0220367021682573,-1.1697065567109166,-1.6205903163140658,0
-1.1570245391022638,0.3732181682040539,-0.5039952174860111,1.5893411511467246,1.0295867393663785,-1.6887553639018633,-0.40288653434370386,0.7545922559807273,0
1.3356912945959265,-0.8487655384017069,-0.5910971009593387,0.23774340539281208,0.7074731268250521,1.1005778127387331,0.7473434992071145,-0.3985832127511298,0
-0.7748782298573947,1.091827904759147,-0.6781989844326662,-0.6109342489177844,-0.10820166622314453,-0.9676106889655142,-1.5879720234566683,1.1251550853284584,0
1.0762525158425278,-0.758505378254691,-0.3733423922760197,0.9606910368425793,-0.2657948852621805,1.563198924962052,-0.9954292789001865,0.3936213678713494,0
1.451386966202171,-0.16139970343596674,-0.19913862532936552,1.52647613971631,-1.575030858817248,-0.8315456559586557,-0.6817301788408722,-0.16008600166012596,0
0.031485541943709124,-0.4773102639505234,-0.15558768359270173,-0.35947420319612594,-1.4278284014730938,-1.185314741776487,-0.2634647120951205,0.14981725580091493,0
1.0341813625311667,0.43917751600379845,1.4557971606638573,1.4321786225706887,0.78367204592085,-0.46417006684013806,0.7821989547692598,0.7078124884109828,0
-1.59526571942895,-1.1959200005056165,-1.113708401799304,-0.3909067089113332,1.6287873304378777,-0.8315456559586557,1.4095971548878885,-1.6417106530843306,0
-0.5154394511039959,-0.15792815881492586,-0.19913862532936552,-0.13944666318967516,-1.199231644185701,-0.21925300742779277,0.6079216769585304,1.213774686045605,0
1.065734727514687,1.688933579577874,0.5412273841939189,-1.7425044546652462,-0.32294407458402896,0.16172908499141037,-1.5531165678945222,0.5628945721971568,0
-0.9151154075619339,0.5433238546349703,-1.636319702639269,1.4950436340011026,1.1490804988575156,-0.7635131394552261,-0.29832016765726654,-1.4540721839860904,0
-1.6303250138550853,-0.4773102639505234,0.49767644245725506,0.8663935196969574,0.9655103755812758,0.6515632038161009,-0.3680310787815586,0.5328908219256859,0
-1.002763643627271,0.23435638336249054,-1.5927687609026053,-1.3653143860827588,1.1127128329254303,0.17533558829209653,-0.577163812154434,-0.943717678945089,0
-1.6618783788386078,0.18922630328898385,-1.3314631104826224,0.1748783939623975,-0.6710345913625585,1.6720509513675386,1.1656089659528655,1.517411283839446,1
-0.31910740231763973,-0.16139970343596674,0.105717966827281,1.620773656861932,0.4996578929274225,1.4679534018572507,-1.2394174678352088,0.9257341669280147,1
-0.0842101296625379,1.4493970007261745,0.8025330346139006,1.337881105425067,0.8044535693106128,0.7468087269209016,0.8519098658935519,0.5046202829315399,0
-1.2411668457249883,-1.268822437547438,1.1073896267705472,1.5893411511467246,-1.4330237823205347,-0.804332649357284,-1.5879720234566683,-1.6147696621547118,1
-1.5882538605437242,-0.810578547570277,-0.72174992616933,1.4321786225706887,0.336869293040946,0.32500712459964054,-0.6817301788408722,0.611142205995254,0
1.700307956627729,-0.06419645404687163,0.45412550072059127,-1.1138543403611005,-1.3291161653717196,1.141397322640791,-0.22860925653297448,0.7276230368544094,1
0.6380113355158415,-1.3313102407261415,0.933185859823892,0.4263384396840559,0.05631872727914559,-1.4982643176922616,-0.7862965455273103,1.0075874688963877,1
-0.9151154075619339,-0.9494403324118403,-1.5492178191659414,-1.5539094203740023,-0.1601554746975521,-1.457444807790204,1.2701753326393044,0.0799496461509789,0
-1.1079415269056747,-0.9772126893801526,0.6283292676672464,1.2121510825642376,-0.8251642231699674,0.5427111774106141,0.8867653214556986,-0.5942864776463022,0
1.219995622989682,-0.14057043570973138,1.1073896267705472,-1.2395843632219297,-1.443414544015416,1.6584444480668525,0.29422257689921527,-0.45440729454326484,0
-0.4453208622517251,-0.959854966274958,-1.0701574600626402,-0.45377172034174784,-1.4884411780265687,1.5768054282627375,-0.507452901030142,1.236337483667193,0
-1.4585344711670236,0.17881166942586615,-1.2879121687459587,-1.2081518575067223,-1.0087343464462069,-1.4846578143915758,0.6427771325206757,0.8866296460407553,0
0.26988874404142627,0.2933726419201558,-0.7653008679059937,1.3693136111402742,-0.5601997999504892,-1.185314741776487,-0.08918743428439033,-0.14296560036212297,0
1.700307956627729,0.07119378617365336,0.933185859823892,0.929258531127372,1.0105370095924289,-0.8723651658607129,0.29422257689921527,0.27123519826274284,1
1.6687545916442066,-1.612505355030308,-0.7653008679059937,-0.29660919176571166,1.6357145049011317,1.2094298391442198,0.08508984352633907,0.43894173767175004,1
0.8413552431874234,-0.3037330328985685,1.150940568507211,-0.7680967774938207,0.019951061347060536,-0.804332649357284,-0.507452901030142,1.0496615960763922,0
-0.9291391253323875,-0.876537895370019,-1.4185649939559501,0.9921235425577866,-0.5030506106286413,-0.681874119651111,1.6187298882607646,-1.5098313409258173,0
-0.0842101296625379,0.5988685685715972,-0.02493485838271036,0.23774340539281208,0.8893114564854784,-1.5526903308950046,-1.378839290083792,-1.567004730520169,1
1.0762525158425278,-0.758505378254691,-0.3733423922760197,0.9606910368425793,-0.2657948852621805,1.563198924962052,-0.9954292789001865,0.3936213678713494,0
-0.04564490579378972,1.3521937513370794,-0.7653008679059937,-0.45377172034174784,-1.1715229463326837,0.17533558829209653,1.6884407993850568,1.6100646938648933,1
-0.613605475497174,1.5084132592838397,-1.0266065183259765,-0.4223392146265405,-0.39394761283238583,-0.8451521592593412,-1.2394174678352088,0.45013421766294204,0
-1.7390088265761041,-1.3070094283788678,-0.3733423922760197,-0.13944666318967516,0.07883204428472228,-0.7907261460565979,-0.7862965455273103,-0.009745448860403088,0
1.1393592458095705,-1.4875297486729007,-1.636319702639269,0.23774340539281208,0.16542172507540134,-0.7499066361545406,-1.0651401900244786,-0.7192781098102354,0
-1.4480166828391852,1.7583644719986544,1.2380424519805384,0.7720960025513358,0.35938261004652233,-0.6274481064483682,0.3290780324613621,-0.5309480498928674,0
-0.953680631430682,-0.5883996918237746,-1.113708401799304,-1.1138543403611005,-1.3793381802303133,-1.3349862780840314,-1.5531165678945222,-1.4744303594454793,0
-1.5391708483471351,0.6301124701609477,-0.8088518096426576,-0.9566918117850643,0.4373133227581337,-1.1717082384758015,-1.1348511011487707,-1.0709506299269305,0
0.25937095571358537,0.4634783283510722,1.4993481024005213,-0.6423667546329914,1.5006346028676725,-0.06958147112024875,-1.0302847344623325,-1.5984001308889053,0
0.4381733572868726,-0.6821313965918313,-1.113708401799304,-0.6423667546329914,0.32128315049862377,1.1550038259414763,1.1307535103907203,0.22170035869516633,1
0.1962642257465427,1.1959742433903215,1.1944915102438747,-1.1138543403611005,-0.5030506106286413,0.09369656848798143,-0.542308356592288,0.36400434389465636,1
-1.5321589894619072,-0.591871236444813,-0.41689333401268347,-0.7680967774938207,-1.35336127599311,-1.457444807790204,-0.054331978722244295,0.42396667932287907,0
-0.29105996677673246,-1.126489108084835,1.4993481024005213,1.023556048272994,0.9741693436603439,0.08009006518729528,0.991331688142136,0.6727107258156556,0
-0.6030876871693331,0.8904783167388801,-0.5910971009593387,-1.5539094203740023,-0.4147291362221484,-0.5185960800428815,-1.1697065567109166,0.30719227521805287,1
-0.29456589621934526,-1.508359016399136,0.6718802094039102,0.6463659796905067,1.0399775010612597,-0.5730220932456248,-0.6468747232787261,-1.2064629110006178,0
-1.4129573884130497,-1.612505355030308,-1.0701574600626402,-0.5480692374873697,-0.7316473679160341,-0.028761961218190902,0.29422257689921527,-1.0691129743218195,0
-1.4164633178556627,0.21352711563625762,-0.3297914505393559,-1.7425044546652462,-1.3845335610777543,0.5563176807112997,-0.22860925653297448,-0.4691424132201936,0
1.0411932214163924,0.026063706100144208,-1.4621159356926139,-1.6796394432348316,-1.6979882055400124,-0.0831879744209343,1.4793080660121805,-1.420023333127639,1
0.5433512405652788,-1.3625541423154934,0.062167025090617216,-0.20231167462008978,-1.5109544950321459,-1.3485927813847174,1.0958980548285733,1.7278891868869257,0
0.7782485132203807,0.7238441749290045,0.105717966827281,0.8978260254121647,0.646860350271577,-0.7226936295531688,-0.6468747232787261,0.7102937469008337,1
-1.255190563495442,-0.043367186320636256,0.8896349180872282,0.332040922538434,-0.8043826997802043,-1.6207228473984339,1.1307535103907203,-1.2026577500855793,0
1.3672446595794467,1.515356348525919,0.45412550072059127,0.4263384396840559,-1.4780504163316874,0.4882851642078707,-0.3680310787815586,1.6492736590799395,0
1.1428651752521832,-0.7619769228757295,-0.9830555765893128,0.8349610139817505,-1.3879971483093814,-0.5185960800428815,0.6776325880828225,-0.19136284360272565,0
-1.5567004955602017,-0.6370013165183221,0.8896349180872282,-1.6796394432348316,-0.07356579390687303,-0.9812171922661997,-1.5182611123323762,0.45211019143187886,1
1.1358533163669575,-0.5883996918237746,-0.3733423922760197,-0.9566918117850643,1.6894001069913531,0.24336810479552545,-0.6468747232787261,-0.13155858607601775,0
1.1884422580061593,1.116128717106421,0.49767644245725506,-0.9566918117850643,-1.5629083035065534,-0.2464660140291645,0.2245116657749232,-0.5150019415775473,0
0.006944035845414604,1.1334864402116178,-1.4185649939559501,-0.7052317660634061,-0.8684590635653069,-1.0900692186716865,1.4095971548878885,-1.5670611869135673,0
1.6582368033163681,1.0050392892331697,0.27992173377393614,-0.20231167462008978,0.7923310139999177,-1.2805602648812882,-0.7862965455273103,0.6746641170272332,0
0.26287688515619817,1.5604864285994258,0.6718802094039102,-0.01371664032884597,1.498902809251859,0.8148412434243305,-0.542308356592288,-0.03308169907154693,0
-0.4383090033664996,-1.6298630781355037,-0.5910971009593387,0.7720960025513358,-1.3828017674619404,0.08009006518729528,0.7473434992071145,-1.4466509910738976,0
0.45570300449994156,0.22394174949937284,-1.0266065183259765,-1.6167744318044168,1.5006346028676725,0.08009006518729528,1.3747416993257415,-0.21585927269820232,1
-1.553194566117589,0.005234438373911303,-1.244361227009295,1.6522061625771391,0.37843233982047164,-0.8995781724620846,0.6776325880828225,-0.2302810583917712,0
-1.5461827072323608,0.30378727578327347,-0.5039952174860111,-0.17087916890488247,1.7067180431494886,0.4882851642078707,1.7581517105093487,-0.4932408247422131,0
1.1498770341374112,-0.9772126893801526,0.27992173377393614,-0.3909067089113332,0.1671535186912149,-1.6615423573004915,-0.9605738233380404,-1.6391051905290037,1
-1.213119410184081,-1.2653508929263984,-1.1572593435359673,0.7406634968361285,0.9724375500445304,-1.2805602648812882,-0.22860925653297448,-0.5785238526095261,1
-0.31560147287502693,-0.7342045659074172,-1.3314631104826224,0.14344588824719018,0.1896668356967913,0.12090957508935313,-0.8908629122137484,1.0599394824945334,0
0.23833537905790367,0.30725882040431185,1.4557971606638573,-1.050989328930686,-0.383556851137504,1.1822168325428482,-1.3439838345216462,-0.1845852535752723,0
-0.904597619234093,-1.60556226578823,0.14926890856394479,0.7092309911209213,-0.20864569594033258,-0.9267911790634563,1.0261871437042813,-1.2052519213622264,1
0.7291655010237916,0.8731205936336855,0.23637079203727235,0.7720960025513358,-1.500563733337264,1.3182818655497066,-0.29832016765726654,-0.7126840030613264,0
-0.904597619234093,-0.04683873094167466,0.36702361724726373,0.583500968260092,-0.2813810278045027,0.7195957203195299,-0.6817301788408722,0.8580288371452299,1
-1.6233131549698596,0.2412994726045698,0.36702361724726373,0.4263384396840559,-0.7784057955430007,-1.0900692186716865,1.65358534382291,0.7750068878335145,0
-0.2419769545801434,0.47042141759314904,0.19281985030060858,-1.6482069375196242,-0.4649511510807421,-1.1308887285737441,0.11994529908848588,-1.2737335265542364,1
1.5881182144640973,-0.1857005157832405,-1.2879121687459587,1.3064485997098596,0.6624464928138991,-0.3417115371339651,0.921620777017844,1.083346303197425,1
0.8098018782039033,1.5917303301887789,1.6735518693471763,-1.5853419260892097,0.9326062968808179,-0.32810503383327955,-1.378839290083792,-0.7852417598566863,1
-0.3050836845471861,-0.4877248978136411,1.0638386850338832,-1.3024493746523442,-0.6883525275206945,0.6379567005154148,0.015378932402047775,-0.5836613844087618,1
1.5495529905953491,-1.140375286568991,-1.244361227009295,-1.7110719489500388,-0.7091340509104571,0.6379567005154148,0.2245116657749232,-0.2717539249820851,0
-0.6276291932676277,-1.6229199888934256,0.062167025090617216,-1.4281793975131734,-0.8649954763336798,0.5971371906133576,-1.6925383901431064,-0.43350713770725313,1
1.065734727514687,1.6611612226095591,-1.636319702639269,-0.45377172034174784,-0.25020874271985827,-1.0764627153710007,-1.2045620122730627,0.892303513577274,0
-0.704759641005124,-0.2724891313092179,-1.4621159356926139,0.4263384396840559,0.33340570580931855,1.1686103292421626,1.0261871437042813,1.458648646770935,1
-0.5189453805466087,-1.237578535958086,-1.4621159356926139,-0.3280416974809186,1.7171088048443701,-1.3621992846854032,-0.9954292789001865,1.7012925799570362,0
-0.04213897635117444,-1.126489108084835,-1.3750140522192862,1.5579086454315174,0.9845601053552252,0.09369656848798143,0.25936712133707,-1.2841723136935628,0
-1.213119410184081,-1.2653508929263984,-1.1572593435359673,0.7406634968361285,0.9724375500445304,-1.2805602648812882,-0.22860925653297448,-0.5785238526095261,1
0.26638281459881097,0.06425069693157655,0.5412273841939189,0.3006084168232267,0.9603149947338352,1.4135273886545072,-1.0651401900244786,-0.5555291635784413,1
-1.1570245391022638,1.4424539114840977,-0.6781989844326662,-1.2395843632219297,-0.5030506106286413,-0.7635131394552261,-0.7862965455273103,-1.6457472852123014,0
-1.4059455295278218,0.45653523910899296,-0.9830555765893128,0.9921235425577866,0.2745247228716568,-0.0015489546168192053,0.2245116657749232,-1.022310624194716,1
0.6835884182698179,-1.5708468195778398,1.1944915102438747,1.243583588279445,0.5827839864864746,1.2638558523469632,0.5382107658342383,-0.7397379067777411,0
1.605647861677164,-0.12668425722557528,-0.2862405088026931,-1.3338818803675516,-1.368947418535432,-0.7635131394552261,-1.274272923397354,-1.6261343341457686,0
-1.1920838335283992,1.2897059481583757,0.5847783259305827,-0.2651766860505044,-1.0710789166154957,1.2910688589483348,-1.274272923397354,1.5215692972132229,1
-1.0273051497255656,1.6646327672306,0.14926890856394479,1.4950436340011026,-0.8823134124918153,1.4951664084586223,1.3398862437635963,1.3457753794499239,0
-1.3428387995607791,0.22741329412041372,0.36702361724726373,0.3949059339688486,-0.004294049274329704,0.06648356188660974,0.08508984352633907,0.16231387847960546,0
1.6968020271851163,0.6474701932661447,-1.113708401799304,0.8035285082665432,-0.3160169001207742,-0.0831879744209343,-0.472597445467996,-1.5084368680088818,0
-1.255190563495442,-1.0605297602850916,-0.02493485838271036,-0.5480692374873697,-0.06317503221199144,-0.4777765701408236,-0.507452901030142,0.40301006609346923,0
-1.5321589894619072,-0.6890744858339081,1.3251443354538661,-1.3967468917979662,1.6097376006639283,-1.14449523187443,0.08508984352633907,0.14296062682270444,0
1.4829403311856937,-1.3278386961051019,-0.8524027513793213,0.583500968260092,0.3351374994251321,0.6243501972147292,-1.5531165678945222,1.2640180533503282,1
0.20678201407438357,1.4181530991368239,0.32347267551059994,-0.04514914604405327,-0.43204707238028445,-1.212527748377859,-1.4136947456459381,-0.26174985207192514,1
0.5047860166965281,1.6750474010937153,0.45412550072059127,1.3064485997098596,-0.41992451706958933,-0.9267911790634563,1.5838744326986178,1.0811473266745657,1
1.419833601218651,1.0883563601381088,0.27992173377393614,-0.8938268003546497,0.18793504208097775,0.8284477467250166,-0.6817301788408722,-1.15290555340342,1
-1.4480166828391852,-0.30026148827753013,0.062167025090617216,1.4321786225706887,-1.448609924862857,-1.3213797747833456,-0.01947652316009826,0.28174737871348665,1
-1.0904118796926083,1.567429517841505,0.8896349180872282,0.4577709453992632,-0.383556851137504,-0.9676106889655142,0.7821989547692598,-1.1607868659218081,1
-1.093917809135221,-1.1438468311900307,-0.5475461592226748,-0.4852042260569551,-1.4018514972358898,1.604018434864109,0.15480075465063114,-0.26873915357462147,0
0.0700507658124573,1.213331966495516,-0.7653008679059937,-0.35947420319612594,0.7195956821357473,-0.2872855239312223,-1.6228274790188144,-1.5539124928911279,0
0.4837504400408489,-0.09544035563622222,-0.5910971009593387,-0.01371664032884597,-1.6616205396079269,-0.9676106889655142,0.8170544103314066,0.6828277115126121,0
-1.6408428021829262,-0.4703671747084466,1.3686952771905299,1.6836386682923465,1.2287430051849402,-1.3485927813847174,-0.3331756232194126,1.7000561849416156,0
1.3847743067925156,-1.0848305726323653,-0.72174992616933,-0.35947420319612594,-1.0191251081410886,-1.4846578143915758,0.11994529908848588,-0.819618057796847,0
-1.1920838335283992,0.24824256184664661,0.6283292676672464,1.4950436340011026,0.8252350927003756,1.0461517995359897,-1.5531165678945222,-0.5811716574599014,0
0.8939441848266276,1.16125879717993,0.018616083353953428,-0.04514914604405327,1.1525440860891427,-0.2736790206305362,-0.9257183677758944,-0.11848893100433587,0
-1.1009296680204492,-0.7480907443915733,-1.1572593435359673,1.6522061625771391,-0.09261552368082232,1.2366428457455916,1.061042599266428,-1.4090877297264088,0
-1.4480166828391852,-0.30026148827753013,0.062167025090617216,1.4321786225706887,-1.448609924862857,-1.3213797747833456,-0.01947652316009826,0.28174737871348665,1
0.5538690288931172,0.9703238430227806,-0.02493485838271036,0.3949059339688486,-0.04239350882222861,-1.4030187945874606,-1.5879720234566683,-0.5297229461561265,1
-0.3120955434324142,0.05036451844741799,1.6300009276105125,0.04914837110156863,-1.0883968527736316,-0.15122049092436385,-0.12404288984653637,0.17466371453546056,0
-0.27703624900627877,-0.27943222055129474,-0.3297914505393559,1.0864210597034085,-1.2840895313605662,-1.4982643176922616,-0.6120192677165801,-1.0850703739158192,1
-0.5084275922187679,-1.0674728495271697,-0.06848580011937415,0.04914837110156863,0.18793504208097775,0.06648356188660974,-1.6576829345809605,-0.7504956725397673,0
1.700307956627729,0.07119378617365336,0.933185859823892,0.929258531127372,1.0105370095924289,-0.8723651658607129,0.29422257689921527,0.27123519826274284,1
1.1393592458095705,-1.4875297486729007,-1.636319702639269,0.23774340539281208,0.16542172507540134,-0.7499066361545406,-1.0651401900244786,-0.7192781098102354,0
1.3742565184646747,-1.3104809729999074,-0.41689333401268347,0.5206359568296774,0.742108999141324,1.5768054282627375,-1.378839290083792,-0.08065750178820541,1
1.6617427327589809,-0.8522370830227453,0.8025330346139006,-1.271016868937137,-1.363752037687991,-1.457444807790204,-0.542308356592288,-0.7329236200945792,1
-0.8940798309062521,-1.546546007230566,-0.41689333401268347,-0.7680967774938207,0.1446402016856382,0.012057548683866342,-0.9954292789001865,0.046806920406568676,0
0.17522864909086097,0.07466533079469176,-0.6781989844326662,0.3006084168232267,0.4373133227581337,0.4066461444037556,0.8170544103314066,-0.17773427023640126,0
0.7291655010237916,0.605811657813674,-0.5475461592226748,-0.2651766860505044,0.2243027080130631,0.7604152302215871,0.6776325880828225,0.3871994531223047,0
-0.571534322185813,-0.20652978350947343,-0.02493485838271036,0.9921235425577866,-1.2927484994396343,-0.4233505569380802,-0.577163812154434,0.6156079067130512,0
-0.41727342671081785,0.2378279279835314,-0.5039952174860111,-0.4223392146265405,0.6832280162036622,0.24336810479552545,-0.6120192677165801,-1.1177021692999756,0
-0.5960758282841051,1.2029173326323983,0.41057455898392753,1.5893411511467246,0.8338940607794437,-0.5049895767421952,-1.6228274790188144,1.1548934905509576,0
1.3286794357106986,1.4146815545157831,0.9767368015605558,-0.4852042260569551,1.3724818752974677,0.6787762104174726,-0.9954292789001865,0.5879358054889259,0
1.065734727514687,1.688933579577874,0.5412273841939189,-1.7425044546652462,-0.32294407458402896,0.16172908499141037,-1.5531165678945222,0.5628945721971568,0
-0.32261333176025503,1.515356348525919,-1.636319702639269,0.1748783939623975,0.7299864438306289,-1.6207228473984339,0.39878894358565414,-0.29903929991143263,0
-0.5189453805466087,-1.237578535958086,-1.4621159356926139,-0.3280416974809186,1.7171088048443701,-1.3621992846854032,-0.9954292789001865,1.7012925799570362,0
1.1358533163669575,-0.5883996918237746,-0.3733423922760197,-0.9566918117850643,1.6894001069913531,0.24336810479552545,-0.6468747232787261,-0.13155858607601775,0
1.6652486622015936,-1.3000663391367897,1.0202877432972195,1.243583588279445,1.0659544052984635,0.46107215760649906,1.4793080660121805,0.06934431265112807,0
-1.4515226122817981,-0.6300582272762428,1.3251443354538661,-0.10801415747446787,1.085004135072413,-1.0628562120703149,-0.7862965455273103,-0.2967358790607863,0
0.11913377800904634,-0.18222897116219963,-0.9395046348526489,-0.6109342489177844,-0.7489653040741696,0.6923827137181582,-0.08918743428439033,-0.8460227129891827,0
-0.11576349464605801,1.619502687157091,1.0638386850338832,0.6149334739752994,1.0486364691403278,-1.2533472582799163,-0.7165856344030183,0.23883769691118864,0
0.3855844156476708,-0.5953427810658539,-0.02493485838271036,-0.3280416974809186,-1.278894150513126,-0.5049895767421952,-0.6468747232787261,-0.3072198313148312,0
-1.5391708483471351,0.6301124701609477,-0.8088518096426576,-0.9566918117850643,0.4373133227581337,-1.1717082384758015,-1.1348511011487707,-1.0709506299269305,0
-0.206917660154008,0.807161245833941,0.14926890856394479,-1.491044408943588,1.2356701796481946,1.5087729117593085,0.5730662213963835,1.2469597540850637,0
1.6547308738737527,-0.2412452297198649,1.2815933937172024,-1.6482069375196242,1.2720378455802799,0.025664051984551888,-1.4834056567702303,-1.3882101554477562,0
0.7011180654828842,1.5709010624625435,0.062167025090617216,-1.050989328930686,0.5256347971646264,-0.3417115371339651,0.7473434992071145,0.54090480696856,1
0.18574643741870184,-0.5883996918237746,0.5412273841939189,-0.8309617889242351,1.0624908180668364,1.6584444480668525,0.39878894358565414,0.21777099371465194,0
0.7572129365647015,-0.29331839903545087,1.150940568507211,-0.07658165175926057,1.2980147498174834,0.16172908499141037,0.6427771325206757,-1.648067642980967,1
-0.911609478119321,-0.8661232615069013,-1.0701574600626402,1.0864210597034085,0.3108923888037422,-0.7771196427559123,-1.378839290083792,-1.0754389132020872,1
-0.41026156782559225,-1.3764403207996494,-0.5039952174860111,1.117853565418616,-0.7576242721532376,-1.47105131109089,1.5838744326986178,-0.04196228975308272,0
-0.13679907130173974,-1.6402777119986214,0.19281985030060858,0.1748783939623975,-1.538663192885163,-1.3077732714826598,-0.40288653434370386,1.0693592317330225,0
0.5889283233192526,1.3140067605056496,1.150940568507211,-0.3280416974809186,0.8442848224743253,1.5768054282627375,-1.6576829345809605,0.9480626705170008,0
1.5390352022675082,-0.6265866826552045,-0.2862405088026931,0.4577709453992632,-1.2650398015866169,-1.6207228473984339,1.1307535103907203,-1.4410420483897868,0
-1.3358269406755534,-0.5779850579606569,0.715431151140574,-1.5539094203740023,0.977632930891971,-1.5662968341956907,-1.274272923397354,1.3646289920252512,0
-1.0658703735943138,-0.30026148827753013,-0.06848580011937415,-0.7366642717786134,1.093663103151481,-0.15122049092436385,-0.15889834540868242,-0.041434422474809884,0
-0.9151154075619339,-0.9494403324118403,-1.5492178191659414,-1.5539094203740023,-0.1601554746975521,-1.457444807790204,1.2701753326393044,0.0799496461509789,0
1.3917861656777413,-1.5118305610201745,0.8460839763505644,0.3006084168232267,-1.12130093147409,1.53598591836068,0.7473434992071145,-0.40934380133282566,0
-0.2454828840227562,0.6405271040240654,1.4557971606638573,1.149286071133823,1.5110253645625542,-0.5185960800428815,0.7124880436449678,-0.6711462116186044,0
-0.8099375242835302,-1.1091313849796391,1.3251443354538661,-1.6796394432348316,-0.06317503221199144,-0.7635131394552261,1.4444526104500337,-0.5559017757748693,0
1.6196715794476175,-0.5154972547819533,1.0202877432972195,-1.3653143860827588,0.01821926773124699,1.6992639579689104,0.29422257689921527,-0.9726459349223239,0
1.1358533163669575,-0.5883996918237746,-0.3733423922760197,-0.9566918117850643,1.6894001069913531,0.24336810479552545,-0.6468747232787261,-0.13155858607601775,0
1.7073198155129548,0.8141043350760203,1.5864499858738488,1.6522061625771391,-1.0485655996099192,-0.7907261460565979,0.18965621021277795,0.22656972262576064,0
0.6765765593845897,-0.6370013165183221,-0.2862405088026931,-1.522476914658795,1.0659544052984635,-0.3417115371339651,1.2701753326393044,-1.000888245719771,1
-1.0658703735943138,-0.2204159619936295,-0.5910971009593387,0.332040922538434,-1.6598887459921137,-0.9131846757627707,1.0261871437042813,-1.138579743578628,1
-1.6759020966090614,-0.13709889108869297,1.2815933937172024,1.149286071133823,-0.06837041305943209,-0.4233505569380802,1.4095971548878885,0.6206381713648302,0
1.605647861677164,1.5952018748098171,1.6300009276105125,-1.4596119032283805,1.2114250690268045,1.6312314414654807,0.25936712133707,-1.1669914235562697,0
1.65122494443114,-1.6402777119986214,-1.5056668774292776,-0.8938268003546497,1.4434854135458244,1.2094298391442198,-1.6576829345809605,-0.3986594288822172,0
-0.8800561131357985,1.6681043118516385,0.32347267551059994,1.3693136111402742,1.3482367646760773,-0.23285951072847894,0.8170544103314066,-1.320318519566757,0
0.382078486205058,0.6023401131926356,-0.06848580011937415,1.243583588279445,1.4919756347886048,-0.20564650412710722,-1.378839290083792,0.9143582036582786,0
0.40661999230335255,1.4841124469365659,0.14926890856394479,0.7720960025513358,1.4105813348453664,-1.117282225273058,-0.054331978722244295,1.7080645243451498,0
0.3470191917789226,-0.810578547570277,-1.3314631104826224,0.677798485405714,1.4123131284611798,0.610743693914043,0.015378932402047775,0.05559718085866796,0
-1.4550285417244109,-1.2479931698212037,0.018616083353953428,-0.9881243175002716,-1.2355993101177865,-0.40974405363739463,0.43364439914779945,0.5636539106883627,1
1.6617427327589809,-1.3382533299682196,1.3686952771905299,-0.17087916890488247,0.1359812336065705,-1.1308887285737441,-1.6925383901431064,0.9178302718522674,0
-0.7818900887426203,1.0571124585487581,1.4122462189271936,1.0549885539882011,0.33340570580931855,-0.5185960800428815,0.8867653214556986,0.4140924561175349,0
1.6862842388572754,-0.13015580184661368,0.5412273841939189,-0.3280416974809186,0.16368993145958782,0.09369656848798143,1.7581517105093487,0.7131222122100833,0
-1.6583724493959926,-0.7342045659074172,0.5847783259305827,-0.6737992603481988,0.89970221818036,0.44746565430581287,0.29422257689921527,0.8294590792660732,1
0.5503630994505043,0.3107303650253503,-1.6798706443759324,0.3634734282536413,0.22949808886050374,-1.0492497087696289,-1.378839290083792,-1.1405020837738367,0
-1.6864198849369023,-0.1995866942673966,-1.3750140522192862,0.4577709453992632,-0.4926598489337594,0.10730307178866698,-0.7862965455273103,-0.903904630320682,0
1.6652486622015936,-1.3000663391367897,1.0202877432972195,1.243583588279445,1.0659544052984635,0.46107215760649906,1.4793080660121805,0.06934431265112807,0
1.2305134113175205,-0.2586029528250594,1.2815933937172024,-0.04514914604405327,-0.5567362127188621,-0.681874119651111,1.4444526104500337,-0.4918491746449475,0
-0.504921662776155,0.40099052517236855,0.27992173377393614,-1.3653143860827588,-1.3169936100610244,-0.7499066361545406,0.11994529908848588,0.4450023315030466,0
0.6590469121715233,-0.7133752981811818,-0.15558768359270173,1.0549885539882011,1.349968558291891,0.2977941179982689,0.6079216769585304,0.617115292416783,0
1.6897901682998882,-0.60922895955001,-1.636319702639269,-0.7680967774938207,-0.0008304620427026151,-1.294166768181974,-0.472597445467996,1.5576251728569799,0
1.40931581289081,-1.3278386961051019,0.45412550072059127,1.0549885539882011,-0.3038943448100791,1.2774623556476494,-1.0651401900244786,1.4756956547575197,1
0.7046239949254971,-0.7203183874232612,1.1073896267705472,0.2691759111080194,1.5837606964267246,1.3454948721510782,1.2701753326393044,1.3799032692591324,0
0.7326714304664069,-1.102188295737561,0.8460839763505644,-1.522476914658795,1.1057856584621761,-0.7907261460565979,-1.274272923397354,-0.5204019956060847,0
1.402303954005582,1.688933579577874,0.5412273841939189,-0.4852042260569551,-0.7905283508536959,-0.6954806229517971,-1.0302847344623325,1.035685815890669,0
-0.40324970894036416,-1.1750907327793825,-0.6781989844326662,-1.3653143860827588,-1.0710789166154957,-0.43695706023876635,-1.378839290083792,-1.3666184077926165,0
0.813307807646516,-0.3523346575931161,-0.8959536931159852,1.4950436340011026,1.66861858360159,1.2638558523469632,0.36393348802350733,0.16009514221905624,0
1.5881182144640973,-1.5430744626095263,-1.2879121687459587,-0.17087916890488247,-0.6294715445830328,-0.5049895767421952,0.15480075465063114,1.628088397457267,0
-0.6030876871693331,0.8904783167388801,-0.5910971009593387,-1.5539094203740023,-0.4147291362221484,-0.5185960800428815,-1.1697065567109166,0.30719227521805287,1
-1.4129573884130497,-1.612505355030308,-1.0701574600626402,-0.5480692374873697,-0.7316473679160341,-0.028761961218190902,0.29422257689921527,-1.0691129743218195,0
1.1533829635800241,-0.13709889108869297,0.8025330346139006,0.08058087681677559,0.7854038395366636,-0.5730220932456248,0.08508984352633907,-1.1897348816367326,0
0.5538690288931172,0.9703238430227806,-0.02493485838271036,0.3949059339688486,-0.04239350882222861,-1.4030187945874606,-1.5879720234566683,-0.5297229461561265,1
-1.4795700478227054,0.31420190964639116,1.150940568507211,-1.3338818803675516,-1.2546490398917356,1.1141843160394191,0.921620777017844,0.4317435475134802,0
0.4171377806311909,-0.1058549894993399,0.49767644245725506,-0.3280416974809186,1.0469046755245144,-1.5662968341956907,1.4444526104500337,-0.35802493973386657,0
-1.153518609659651,-1.5500175518516044,-0.8959536931159852,0.7092309911209213,-0.5411500701765399,0.03927055528523804,0.9564762325799891,1.2658839371521382,0
-0.522451309989224,-1.5257167395043305,0.32347267551059994,-0.8623942946394424,-0.0458570960538557,1.454346898556565,0.8867653214556986,0.06386804249150328,1
1.59162414390671,0.959909209159663,1.5864499858738488,1.4321786225706887,1.5577837921895208,0.6923827137181582,0.6427771325206757,0.855745176032273,1
0.424149639516419,0.133681589352357,0.23637079203727235,-0.2651766860505044,0.0909545995954174,-0.3689245437353368,0.39878894358565414,-1.1223626445749968,0
-1.1430008213318101,-0.9737411447591142,-0.6781989844326662,0.929258531127372,1.7171088048443701,1.37270787875245,1.4095971548878885,1.3672824425149663,1
0.8448611726300386,-0.4703671747084466,-0.7653008679059937,1.6836386682923465,1.246060941343076,0.7468087269209016,1.6884407993850568,-0.4713188071856941,0
1.6862842388572754,1.3556652959581204,-1.5492178191659414,-0.4852042260569551,0.9828283117394117,1.032545296235304,-0.8560074566516024,0.4358140534774901,0
-0.6171114049397868,-0.7828061906019648,0.45412550072059127,0.2063108996776048,-0.5203685467867768,1.454346898556565,0.6776325880828225,-0.4373631093763498,0
0.21379387295960914,0.741201898034199,-0.6781989844326662,0.7720960025513358,-0.5809813233402523,1.032545296235304,0.921620777017844,1.510309069549953,0
-0.47687422723524775,-0.9147248862014489,-0.8959536931159852,0.3634734282536413,-1.2009634378015142,1.522379415059994,-1.5879720234566683,-1.0517808615485735,0
-1.2096134807414656,1.7514213827565774,-1.3314631104826224,0.929258531127372,-1.587153414127943,1.2502493490462776,0.2245116657749232,-0.3737113486395552,1
-0.904597619234093,-0.04683873094167466,0.36702361724726373,0.583500968260092,-0.2813810278045027,0.7195957203195299,-0.6817301788408722,0.8580288371452299,1
-0.13679907130173974,-1.6402777119986214,0.19281985030060858,0.1748783939623975,-1.538663192885163,-1.3077732714826598,-0.40288653434370386,1.0693592317330225,0
0.715141783253338,-0.2724891313092179,-1.636319702639269,1.2750160939946522,0.2502796122502669,1.304675362249021,-1.2394174678352088,-0.33689331168492237,0
-0.8344790303818247,-1.147318375811069,-1.0266065183259765,1.2121510825642376,-0.9377308081978499,1.2638558523469632,-0.6817301788408722,-1.435749261508706,0
-1.2201312690693065,-0.3453915683510368,0.23637079203727235,0.1748783939623975,-0.4874644680863191,0.7059892170188438,0.6079216769585304,0.12426791496856181,0
0.9605568442362832,-0.2273590512357088,-1.5927687609026053,0.7406634968361285,-0.3160169001207742,-1.3349862780840314,-1.0651401900244786,1.0393441901828724,0
0.424149639516419,0.133681589352357,0.23637079203727235,-0.2651766860505044,0.0909545995954174,-0.3689245437353368,0.39878894358565414,-1.1223626445749968,0
-0.4453208622517251,-1.133432197326913,0.19281985030060858,1.4007461168554816,0.5100486546223041,0.8148412434243305,-1.1697065567109166,-1.0604525635745363,0
-0.20341173071139523,0.9321368521913508,0.8460839763505644,-1.3024493746523442,-0.3056261384258929,-0.3417115371339651,-0.01947652316009826,-0.39647738927737713,0
-0.8555146070375039,0.4773645068352283,0.19281985030060858,-1.145286846076308,-1.5057591141847049,-0.6002350998469965,1.3050307882014496,1.5485865042739293,0
0.9605568442362832,-0.2273590512357088,-1.5927687609026053,0.7406634968361285,-0.3160169001207742,-1.3349862780840314,-1.0651401900244786,1.0393441901828724,0
-0.6977477821198984,-1.2861801606526337,-0.2426895670660293,1.4636111282858955,-0.2675266788779943,-0.46417006684013806,0.29422257689921527,1.474213674430817,0
-0.0842101296625379,1.1994457880113598,1.2380424519805384,0.2063108996776048,1.0988584839989215,0.7876282368229588,0.3290780324613621,-0.7159810564357808,1
1.1884422580061593,1.116128717106421,0.49767644245725506,-0.9566918117850643,-1.5629083035065534,-0.2464660140291645,0.2245116657749232,-0.5150019415775473,0
-0.9641984197585228,-1.6611069797248554,1.2815933937172024,-1.3024493746523442,1.6668867899857764,-0.13761398762367769,0.991331688142136,1.555189079481848,0
-0.04213897635117444,-1.126489108084835,-1.3750140522192862,1.5579086454315174,0.9845601053552252,0.09369656848798143,0.25936712133707,-1.2841723136935628,0
0.33650140345108176,0.9356083968123892,0.062167025090617216,-1.6796394432348316,0.41999538659999763,1.522379415059994,-0.9954292789001865,-1.62921403040564,0
1.1183236691538887,-1.3243671514840636,1.4557971606638573,-0.35947420319612594,0.4494358780688285,0.7876282368229588,0.25936712133707,0.17272443742223234,0
0.14367528410734087,1.404266920652668,1.1073896267705472,-0.4223392146265405,-0.44243783407516574,-1.0220367021682573,-1.1697065567109166,-1.6205903163140658,0
0.7361773599090197,1.258462046569025,-1.636319702639269,1.3064485997098596,-0.3800932639058769,0.06648356188660974,0.25936712133707,0.7453785725781416,0
-0.09823384743299156,0.18575475866794297,0.5412273841939189,-0.17087916890488247,0.7438407927571375,-0.32810503383327955,-1.6576829345809605,-1.5734464050069035,0
-0.613605475497174,1.685462034956833,1.4993481024005213,0.583500968260092,-0.4822690872388782,-0.2736790206305362,0.36393348802350733,0.7872635708402625,0
1.1218295985965039,-1.3035378837578293,0.105717966827281,-1.491044408943588,-0.9082903167290194,-0.1920400008264211,0.15480075465063114,0.6853033243631226,0
0.4942682283686897,0.5780393008453618,1.3251443354538661,-1.522476914658795,1.5629791730369618,-0.314498530532594,-1.4485502012080842,-1.4169492825071073,1
-0.5575106044153569,1.7062913026830684,-1.4621159356926139,0.583500968260092,-0.8563365082546118,1.0053322896339323,0.2245116657749232,0.5563851500383451,1
-0.16484650684264704,-0.862651716885863,0.8460839763505644,-0.3909067089113332,-0.7437699232267292,1.6720509513675386,-0.22860925653297448,0.8534728061979953,0
1.3812683773499004,0.9980961999910929,-1.636319702639269,-0.3909067089113332,-1.687597443845131,-0.314498530532594,-1.4834056567702303,1.2734660307855161,0
1.4934581195135321,-0.057253364804792345,1.6735518693471763,-0.6423667546329914,-1.216549580343837,-1.212527748377859,-1.5879720234566683,0.6039129648206151,0
0.921991620367535,0.9633807537807014,1.6300009276105125,0.11201338253198288,0.9637785819654623,0.06648356188660974,-0.8211520010894563,1.5218685160982333,0
-0.4383090033664996,-0.9320826093066459,0.6718802094039102,0.3949059339688486,-0.5879084978035065,-0.9948236955668859,1.4444526104500337,0.4686152180418414,0
-0.28404810789150686,0.637055559403027,1.0638386850338832,-1.7425044546652462,0.8217715054687486,1.0189387929346185,-1.5879720234566683,-1.0070956261739024,1
0.5924342527618653,-1.1438468311900307,0.6283292676672464,0.7092309911209213,1.6668867899857764,-0.954004185664828,-0.19375380097082845,1.6293868945054255,0
-1.0658703735943138,-0.2204159619936295,-0.5910971009593387,0.332040922538434,-1.6598887459921137,-0.9131846757627707,1.0261871437042813,-1.138579743578628,1
-0.904597619234093,-0.04683873094167466,0.36702361724726373,0.583500968260092,-0.2813810278045027,0.7195957203195299,-0.6817301788408722,0.8580288371452299,1
1.6477190149885272,-0.9320826093066459,1.2380424519805384,-1.7425044546652462,0.10307715490611222,1.032545296235304,-0.15889834540868242,1.2526364444412523,0
-1.4304870356261163,-0.2586029528250594,0.5847783259305827,0.929258531127372,-1.60966673113352,-1.0900692186716865,1.1307535103907203,0.4960332654956745,0
0.673070629941977,-0.6578305842445575,0.9767368015605558,-0.5166367317721624,-0.567126974413744,-1.2533472582799163,-1.6228274790188144,0.9863711562573462,0
-0.7433248648738722,-0.3558062022141545,0.8460839763505644,1.149286071133823,-0.6554484488202363,-1.2533472582799163,1.723296254947202,1.1608185890380982,1
-0.8485027481522783,0.5710962116032825,-1.3750140522192862,1.52647613971631,-0.07356579390687303,-0.7635131394552261,1.2004644215150122,-0.521861393375428,0
-1.6198072255272444,-1.3347817853471813,-0.3297914505393559,-1.3653143860827588,1.4105813348453664,-0.7090871262524827,1.5141635215743259,-0.18130795993850696,0
-0.8379849598244374,-0.9424972431697636,1.542899044137185,0.08058087681677559,1.5387340624155714,-1.457444807790204,-1.2045620122730627,1.4511455920883147,1
1.2305134113175205,-0.2586029528250594,1.2815933937172024,-0.04514914604405327,-0.5567362127188621,-0.681874119651111,1.4444526104500337,-0.4918491746449475,0
0.027979612501093844,0.11285232162612163,-1.0701574600626402,1.149286071133823,1.4694623177830282,-1.47105131109089,0.29422257689921527,1.383553175092326,0
-1.5567004955602017,-0.6370013165183221,0.8896349180872282,-1.6796394432348316,-0.07356579390687303,-0.9812171922661997,-1.5182611123323762,0.45211019143187886,1
-1.1745541863153328,-0.959854966274958,-0.9395046348526489,-0.5480692374873697,1.3482367646760773,0.6923827137181582,0.15480075465063114,1.1222701636258108,0
1.2655727057436559,1.2202750557375952,-0.5910971009593387,-0.8938268003546497,0.7057413332092386,-1.2397407549792305,0.6776325880828225,-0.0964060127266321,0
-1.5356649189045224,-1.3833834100417275,-1.3750140522192862,-0.45377172034174784,1.7136452176127432,1.032545296235304,0.8867653214556986,0.8440699938775261,0
-1.4795700478227054,1.6611612226095591,1.7171028110838402,-0.8309617889242351,-0.2779174405728756,-0.3008920272319079,0.921620777017844,-0.12631660994899546,0
1.3672446595794467,1.515356348525919,0.45412550072059127,0.4263384396840559,-1.4780504163316874,0.4882851642078707,-0.3680310787815586,1.6492736590799395,0
-1.549688636674976,0.404462069793407,-0.8959536931159852,0.9606910368425793,0.07883204428472228,0.4202526477044412,-0.542308356592288,1.3071281553491896,0
-0.8169493831687558,-0.3523346575931161,-1.3314631104826224,1.243583588279445,-0.5134413723235226,1.3318883688503926,-1.6925383901431064,0.9032560538965236,0
-1.3218032229050973,0.6335840147819862,0.32347267551059994,0.11201338253198288,0.8702617267115291,-0.7907261460565979,0.7473434992071145,0.5847177910652288,1
0.26638281459881097,0.06425069693157655,0.5412273841939189,0.3006084168232267,0.9603149947338352,1.4135273886545072,-1.0651401900244786,-0.5555291635784413,1
-1.7460206854613298,0.28990109729911734,-0.8088518096426576,-0.3280416974809186,-0.8355549848648487,1.712870461269596,1.3050307882014496,-0.5252431313399798,1
-0.613605475497174,1.685462034956833,1.4993481024005213,0.583500968260092,-0.4822690872388782,-0.2736790206305362,0.36393348802350733,0.7872635708402625,0
0.027979612501093844,1.7479498381355367,1.2815933937172024,-1.7110719489500388,0.8356258543952573,-1.6207228473984339,-1.274272923397354,-0.5785040928718368,0
-0.12277535353128607,1.1022425386222647,1.0638386850338832,-0.7366642717786134,0.3126241824195557,-1.525477324293633,0.11994529908848588,0.6447281144278401,1
1.6582368033163681,1.3070636712635728,-0.5475461592226748,-0.07658165175926057,-1.1091783761633949,-0.3008920272319079,0.15480075465063114,0.5450515290636571,0
0.630999476630616,-1.3590825976944538,-0.6346480426960024,1.5579086454315174,1.701522662302048,-0.6682676163504255,1.4095971548878885,-0.8817200905348613,1
0.9570509147936703,0.24824256184664661,1.150940568507211,-1.6167744318044168,-0.5688587680295573,-0.7090871262524827,0.29422257689921527,0.2139404274225845,1
0.33650140345108176,-1.1646760989162648,0.8025330346139006,0.7406634968361285,-1.4243648142414667,1.563198924962052,-0.29832016765726654,-0.8663808884485718,0
0.20678201407438357,1.376494563684353,1.2815933937172024,-1.7110719489500388,-0.2969671703468249,1.604018434864109,-1.6228274790188144,0.6485304525232087,1
-0.504921662776155,0.40099052517236855,0.27992173377393614,-1.3653143860827588,-1.3169936100610244,-0.7499066361545406,0.11994529908848588,0.4450023315030466,0
0.5889283233192526,1.3140067605056496,1.150940568507211,-0.3280416974809186,0.8442848224743253,1.5768054282627375,-1.6576829345809605,0.9480626705170008,0
-1.6759020966090614,0.07813687541573264,-1.2879121687459587,0.7720960025513358,0.13771302722238402,-0.9131846757627707,0.5033553102720915,-1.5722100099914826,0
-0.704759641005124,-0.2724891313092179,-1.4621159356926139,0.4263384396840559,0.33340570580931855,1.1686103292421626,1.0261871437042813,1.458648646770935,1
0.7326714304664069,-0.6022858703079307,1.5864499858738488,-0.8309617889242351,0.00956029965217896,0.8012347401236449,0.43364439914779945,-1.4716272995132589,0
-0.5434868866449032,1.5778441517046227,-1.3314631104826224,0.08058087681677559,1.57683352196347,-0.5866285965463104,-1.5879720234566683,-1.139053977283173,0
-0.7783841593000076,-1.1507899204321086,0.32347267551059994,1.337881105425067,-0.7749422083113736,-0.7635131394552261,-0.9257183677758944,-1.2977557219451685,1
-0.455838650579566,0.8835352274968032,1.1944915102438747,-1.3967468917979662,-1.587153414127943,1.2910688589483348,1.723296254947202,-1.6107414984857507,0
0.08758041302552375,-1.5396029179884878,-1.113708401799304,-1.3024493746523442,-0.7403063359951022,-0.0015489546168192053,1.4444526104500337,0.39536022478801375,0
0.7677307248925398,-0.39052164842454595,-0.19913862532936552,-1.6167744318044168,0.7628905225310868,0.9100867665291318,-0.8908629122137484,-0.5631846505232365,0
-0.4242852855960459,1.5535433393573488,1.150940568507211,0.7406634968361285,1.4227038901560616,0.4746786609071846,1.2353198770771574,1.0792560374957259,0
0.18925236686131464,0.20658402639417833,0.5412273841939189,0.929258531127372,0.7715494906101549,0.8148412434243305,0.8519098658935519,0.21033004106477024,0
0.7992840898760624,1.6160311425360525,-0.15558768359270173,0.6149334739752994,1.424435683771875,1.0869713094380475,1.2701753326393044,0.0025027656873356213,0
1.1393592458095705,0.8731205936336855,1.542899044137185,-1.271016868937137,-0.17747341085568816,1.563198924962052,0.050234387964193813,-1.0534604392521698,0
-1.6233131549698596,0.2412994726045698,0.36702361724726373,0.4263384396840559,-0.7784057955430007,-1.0900692186716865,1.65358534382291,0.7750068878335145,0
-0.904597619234093,-0.04683873094167466,0.36702361724726373,0.583500968260092,-0.2813810278045027,0.7195957203195299,-0.6817301788408722,0.8580288371452299,1
0.5889283233192526,0.27601491881496126,1.0638386850338832,0.9921235425577866,-1.046833805994106,-1.6751488606011773,-0.2634647120951205,-1.5479845715843172,0
1.5565648494805748,0.8835352274968032,0.32347267551059994,0.04914837110156863,-0.10820166622314453,0.5018916675085563,0.25936712133707,1.6954436976009835,0
-0.1438109301869653,-0.14057043570973138,-0.3297914505393559,0.3949059339688486,1.313600892359806,-1.6479358539998057,1.7581517105093487,0.6737551690935218,1
1.0797584452851405,-1.6472208012406995,1.7171028110838402,1.4321786225706887,1.1733256094789057,1.223036342444906,-1.6228274790188144,0.4061377502877292,0
0.5468571700078916,0.30031573116223503,-1.5492178191659414,-1.7739369603804533,1.4677305241672145,0.6787762104174726,1.4793080660121805,-0.4632116690937132,1
-1.304273575692031,-1.237578535958086,1.4122462189271936,0.3949059339688486,-1.1022512017001407,1.6856574546682241,-0.2634647120951205,1.6759210767638872,0
-1.2411668457249883,-1.268822437547438,1.1073896267705472,1.5893411511467246,-1.4330237823205347,-0.804332649357284,-1.5879720234566683,-1.6147696621547118,1
0.7326714304664069,-1.102188295737561,0.8460839763505644,-1.522476914658795,1.1057856584621761,-0.7907261460565979,-1.274272923397354,-0.5204019956060847,0
-0.28404810789150686,0.637055559403027,1.0638386850338832,-1.7425044546652462,0.8217715054687486,1.0189387929346185,-1.5879720234566683,-1.0070956261739024,1
0.23482944961529087,-0.9390256985487228,-0.19913862532936552,1.149286071133823,0.21910732716562217,0.529104674109928,-0.8560074566516024,1.413475063593369,1
1.4478810367595583,0.022592161479105803,-0.72174992616933,-0.8623942946394424,-1.5906170013595702,-1.6751488606011773,-1.0999956455866247,-1.310562854787549,0
1.59162414390671,0.637055559403027,0.27992173377393614,0.3006084168232267,-1.3620202440721778,1.2910688589483348,-0.40288653434370386,1.3308003211010528,0
-0.27703624900627877,-0.27943222055129474,-0.3297914505393559,1.0864210597034085,-1.2840895313605662,-1.4982643176922616,-0.6120192677165801,-1.0850703739158192,1
0.2874183912544927,0.5502669438770497,-1.5927687609026053,-1.522476914658795,0.539489146091135,-1.0628562120703149,0.9564762325799891,1.1182645825142088,1
0.6590469121715233,0.6544132825082216,-0.41689333401268347,1.243583588279445,-1.519613463111214,1.3182818655497066,-1.1697065567109166,-0.362671300910538,0
-0.904597619234093,0.6196978362978302,0.715431151140574,0.3006084168232267,0.4096046249051164,1.604018434864109,0.39878894358565414,-1.1165194078582836,1
-0.995751784742043,0.32808808813054724,0.5847783259305827,0.1748783939623975,1.4088495412295527,0.20254859489346821,0.36393348802350733,0.7893326976583064,0
-0.3120955434324142,-1.3347817853471813,1.4557971606638573,1.5893411511467246,-0.5169049595551497,-1.2805602648812882,-0.054331978722244295,1.1963381289445723,0
-1.2376609162823755,-1.6020907211671915,0.45412550072059127,-0.9881243175002716,0.5585388758650843,0.3658266345016978,-1.6228274790188144,-1.4996296706387637,1
-1.0693763030369265,-0.43218018387701423,0.8460839763505644,-1.1767193517915153,0.6226152396501866,0.24336810479552545,1.2353198770771574,1.4593120093933638,1
0.21379387295960914,-1.6333346227565433,1.4993481024005213,0.9921235425577866,1.7569400580080827,-0.8451521592593412,-1.6576829345809605,-0.33117145621401517,0
0.7361773599090197,1.258462046569025,-1.636319702639269,1.3064485997098596,-0.3800932639058769,0.06648356188660974,0.25936712133707,0.7453785725781416,0
-0.5960758282841051,1.2029173326323983,0.41057455898392753,1.5893411511467246,0.8338940607794437,-0.5049895767421952,-1.6228274790188144,1.1548934905509576,0
1.7073198155129548,-0.5502127009923448,-0.8959536931159852,1.1807185768490305,1.126567181851939,1.304675362249021,-0.8211520010894563,-0.04033352280354468,0
-0.33663704953070867,-0.36969238069831056,1.3251443354538661,0.4577709453992632,-0.788796557237882,0.37943313780238397,1.65358534382291,0.9624985703089196,0
1.5530589200379619,1.5778441517046227,1.4557971606638573,0.6463659796905067,0.563734256712525,1.032545296235304,-1.5531165678945222,0.8856698873529861,0
0.46972672227039525,-1.5500175518516044,1.7171028110838402,0.08058087681677559,-0.7818693827746278,-0.5049895767421952,1.1307535103907203,-0.2543060766023732,0
-0.25600067235059704,-0.06419645404687163,1.1073896267705472,0.08058087681677559,0.5377573524753214,-0.0015489546168192053,-1.0651401900244786,0.2886689325441049,1
-0.5329690983170624,-0.2516598635829826,-1.5927687609026053,1.0864210597034085,-0.45802397661748795,-0.45056356353945193,0.08508984352633907,0.15388211612558483,0
-1.4164633178556627,-0.20652978350947343,0.5847783259305827,0.929258531127372,1.6305191240536911,-1.212527748377859,1.1656089659528655,-1.157472875629334,1
1.5530589200379619,-1.6749931582090116,0.5412273841939189,0.8035285082665432,1.3655547008342133,0.4202526477044412,-0.8560074566516024,0.5650427379659583,0
-0.6942418526772831,-1.081359028011327,-0.9830555765893128,1.4950436340011026,0.9966826606659203,0.311400621298955,0.15480075465063114,0.7193380611232242,0
-0.42077935615343065,0.3662750789619771,-0.11203674185603793,1.023556048272994,0.5533434950176437,1.2366428457455916,-1.5879720234566683,-1.3506186659035682,0
-0.3085896139898014,-1.5118305610201745,-0.9395046348526489,0.48920345111447017,-0.5688587680295573,-1.3485927813847174,-0.054331978722244295,-0.8135292357688518,0
-0.7713723004147796,-1.22369235747393,-1.0701574600626402,-0.7680967774938207,-1.5611765098907395,0.8828737599277601,-0.6468747232787261,-0.9506815750707563,0
-0.04564490579378972,1.3521937513370794,-0.7653008679059937,-0.45377172034174784,-1.1715229463326837,0.17533558829209653,1.6884407993850568,1.6100646938648933,1
-0.5610165338579721,-0.7133752981811818,-1.244361227009295,0.11201338253198288,-0.6208125765039648,0.6923827137181582,1.6884407993850568,0.2674752024624226,1
-0.7748782298573947,1.091827904759147,-0.6781989844326662,-0.6109342489177844,-0.10820166622314453,-0.9676106889655142,-1.5879720234566683,1.1251550853284584,0
-1.2586964929380546,1.5639579732204665,-1.0266065183259765,0.2063108996776048,-1.5317360184219084,0.9100867665291318,-1.5879720234566683,-0.0569175883642644,0
-1.1149533857909029,0.9494945752965454,-1.1572593435359673,-1.145286846076308,-0.5619315935663031,1.563198924962052,1.1656089659528655,0.9835031714727179,0
-1.2376609162823755,-1.6020907211671915,0.45412550072059127,-0.9881243175002716,0.5585388758650843,0.3658266345016978,-1.6228274790188144,-1.4996296706387637,1
0.382078486205058,0.6023401131926356,-0.06848580011937415,1.243583588279445,1.4919756347886048,-0.20564650412710722,-1.378839290083792,0.9143582036582786,0
-1.2411668457249883,-1.3382533299682196,0.6283292676672464,-0.5480692374873697,0.05112334643170496,1.644837944766167,-0.3331756232194126,-0.5953591491208678,1
-0.10524570631821714,-1.5048874717780965,0.23637079203727235,-0.29660919176571166,-1.5213452567270271,1.5495924216613657,-0.29832016765726654,0.16554882982132177,1
0.9290034792527606,-1.6090338104092696,-1.0701574600626402,-0.8623942946394424,0.8425530288585118,0.610743693914043,1.3747416993257415,0.9453922831092665,0
1.1393592458095705,-1.4875297486729007,-1.636319702639269,0.23774340539281208,0.16542172507540134,-0.7499066361545406,-1.0651401900244786,-0.7192781098102354,0
0.5959401822044806,1.619502687157091,-1.2008102852726312,-0.7995292832090279,-1.3291161653717196,-0.7090871262524827,-0.15889834540868242,0.2647003707269014,0
-0.4383090033664996,-0.9320826093066459,0.6718802094039102,0.3949059339688486,-0.5879084978035065,-0.9948236955668859,1.4444526104500337,0.4686152180418414,0
1.6266834383328455,0.5884539347084795,-0.8088518096426576,1.3693136111402742,1.5595155858053347,-1.294166768181974,0.6776325880828225,1.5936782256810673,0
1.59162414390671,0.637055559403027,0.27992173377393614,0.3006084168232267,-1.3620202440721778,1.2910688589483348,-0.40288653434370386,1.3308003211010528,0
-0.9326450547750003,1.2341612342217514,-1.4185649939559501,-0.4852042260569551,0.06844128258984071,0.610743693914043,-1.5879720234566683,-1.0935924664992767,0
-0.8695383248079576,-1.5951476319251134,-0.11203674185603793,-1.4596119032283805,-1.4676596546368064,-0.7907261460565979,1.723296254947202,-0.14251394921493782,1
1.251548987973202,0.39057589130925086,-1.5927687609026053,-0.3280416974809186,-1.133423486784785,-0.32810503383327955,-0.08918743428439033,1.0066898122413563,0
-0.8800561131357985,1.6681043118516385,0.32347267551059994,1.3693136111402742,1.3482367646760773,-0.23285951072847894,0.8170544103314066,-1.320318519566757,0
0.7922722309908343,0.7481449872762783,0.5412273841939189,-1.4281793975131734,-0.9030949358815784,-1.1036757219723723,0.46849985470994626,-0.9999934118844095,1
0.24184130850051647,0.8835352274968032,1.1073896267705472,-1.145286846076308,-0.06837041305943209,-0.8451521592593412,0.991331688142136,-1.3982311652759356,0
-1.213119410184081,-1.2653508929263984,-1.1572593435359673,0.7406634968361285,0.9724375500445304,-1.2805602648812882,-0.22860925653297448,-0.5785238526095261,1
-0.47687422723524775,1.5118848039048782,-0.46044427574934726,1.4007461168554816,1.5716381411160294,-0.43695706023876635,0.2245116657749232,0.11240642671560147,0
0.7326714304664069,-0.6022858703079307,1.5864499858738488,-0.8309617889242351,0.00956029965217896,0.8012347401236449,0.43364439914779945,-1.4716272995132589,0
0.6380113355158415,-0.48425335319260265,1.3686952771905299,0.7406634968361285,0.8841160756380377,0.7604152302215871,1.4095971548878885,1.021086192557896,0
1.4934581195135321,-0.6578305842445575,-0.3297914505393559,-1.6167744318044168,1.332650622133755,0.10730307178866698,1.723296254947202,0.32065430222385255,1
-1.493593765593159,1.1022425386222647,-0.46044427574934726,1.3064485997098596,-1.348165895145669,1.5768054282627375,-0.7514410899651642,-0.5418610707367384,0
-0.571534322185813,-0.20652978350947343,-0.02493485838271036,0.9921235425577866,-1.2927484994396343,-0.4233505569380802,-0.577163812154434,0.6156079067130512,0
0.6345054060732288,0.487779140698346,-0.6781989844326662,0.23774340539281208,-0.34372559797379154,-1.607116344097748,0.36393348802350733,-0.8497911772485124,0
0.6835884182698179,-0.9633265108959965,-0.72174992616933,0.6463659796905067,-0.4909280553179462,-1.525477324293633,-0.6468747232787261,-0.6684447731945009,1
1.360232800694221,-0.5502127009923448,1.1944915102438747,0.6149334739752994,1.2685742583486526,1.1958233358435342,-0.6817301788408722,1.4296695800396415,0
0.24184130850051647,0.8835352274968032,1.1073896267705472,-1.145286846076308,-0.06837041305943209,-0.8451521592593412,0.991331688142136,-1.3982311652759356,0
0.11913377800904634,-0.18222897116219963,-0.9395046348526489,-0.6109342489177844,-0.7489653040741696,0.6923827137181582,-0.08918743428439033,-0.8460227129891827,0
0.4907622989260745,-1.4493427578414708,-1.5056668774292776,0.3949059339688486,1.6461052665960136,-1.2533472582799163,1.4095971548878885,-0.5732536482858046,0
0.5047860166965281,-0.9529118770328788,-1.244361227009295,-1.491044408943588,0.820039711852935,-0.13761398762367769,0.6427771325206757,-0.6829512434781672,0
1.100794021940822,-1.5951476319251134,0.36702361724726373,0.332040922538434,-0.8615318891020527,1.563198924962052,-0.542308356592288,-0.6293600120449306,1
-0.6942418526772831,0.7516165318973167,-0.5475461592226748,0.2063108996776048,-0.9290718401187825,-0.3417115371339651,1.0958980548285733,-1.0070363469608343,0
-1.504111553921,-1.0640013049061312,-1.0266065183259765,-1.3967468917979662,-1.4018514972358898,-0.0831879744209343,-0.9954292789001865,1.3751383496563252,0
0.17522864909086097,0.2412994726045698,-0.8959536931159852,1.5893411511467246,0.894506837332919,-1.0900692186716865,-0.9257183677758944,-1.6149616138922658,0
1.006133926990257,-0.32803384524584234,0.32347267551059994,0.48920345111447017,-1.7066471736190802,0.24336810479552545,1.2701753326393044,1.0513948073537165,0
-0.7363130059886466,-0.49119644243467947,-1.4185649939559501,-0.5795017432025771,0.456363052532083,0.20254859489346821,-0.3680310787815586,-0.7635625047917795,0
-1.4374988945113443,-1.3937980439048452,0.27992173377393614,-0.7366642717786134,1.1542758797049562,-0.6954806229517971,-0.9257183677758944,0.8805775206684687,0
-0.7713723004147796,0.5884539347084795,0.36702361724726373,0.017715865386361333,-1.4035832908517036,0.24336810479552545,1.5490189771364726,1.629993800734456,0
-1.0763881619221547,-1.5257167395043305,1.2815933937172024,0.3949059339688486,0.30916059518792866,-0.7363001328538544,-0.4377419899058499,1.3067357834150723,1
-1.1465067507744229,-0.10238344487830149,-0.8088518096426576,-0.2651766860505044,-1.4936365588740097,-0.23285951072847894,-0.22860925653297448,1.6030584554441774,0
0.15068714299256644,1.477169357694489,-0.8959536931159852,-0.35947420319612594,0.9862918989710391,-0.40974405363739463,0.7124880436449678,-1.1354125399089896,1
1.0727465863999148,0.12326695548923933,1.0202877432972195,-0.23374418033529706,0.9135565671068686,1.522379415059994,-1.0302847344623325,0.9973829757896641,0
-1.7109613910351968,1.2376327788427899,-1.0701574600626402,0.332040922538434,-1.5663718907381805,0.17533558829209653,-1.0302847344623325,0.28962022277286475,0
1.65122494443114,-1.6402777119986214,-1.5056668774292776,-0.8938268003546497,1.4434854135458244,1.2094298391442198,-1.6576829345809605,-0.3986594288822172,0
-0.8344790303818247,1.3834376529264325,-0.72174992616933,1.5579086454315174,0.48233995676928676,-0.4913830734415098,0.39878894358565414,0.6311051867008556,0
-0.7328070765460313,1.3174783051266903,0.7589820928772378,-0.29660919176571166,-1.4867093844107555,-1.6207228473984339,-1.6576829345809605,0.7228101293172134,0
-1.1430008213318101,-0.9737411447591142,-0.6781989844326662,0.929258531127372,1.7171088048443701,1.37270787875245,1.4095971548878885,1.3672824425149663,1
1.3216675768254729,0.30378727578327347,-1.4185649939559501,-0.8623942946394424,-0.2328908065617222,-1.4438383044895182,0.11994529908848588,1.0706125636664625,0
-0.911609478119321,-0.8661232615069013,-1.0701574600626402,1.0864210597034085,0.3108923888037422,-0.7771196427559123,-1.378839290083792,-1.0754389132020872,1
0.9605568442362832,-0.2273590512357088,-1.5927687609026053,0.7406634968361285,-0.3160169001207742,-1.3349862780840314,-1.0651401900244786,1.0393441901828724,0
-1.4304870356261163,-0.2586029528250594,0.5847783259305827,0.929258531127372,-1.60966673113352,-1.0900692186716865,1.1307535103907203,0.4960332654956745,0
-0.47687422723524775,1.5118848039048782,-0.46044427574934726,1.4007461168554816,1.5716381411160294,-0.43695706023876635,0.2245116657749232,0.11240642671560147,0
0.24184130850051647,0.8835352274968032,1.1073896267705472,-1.145286846076308,-0.06837041305943209,-0.8451521592593412,0.991331688142136,-1.3982311652759356,0
-0.455838650579566,0.8835352274968032,1.1944915102438747,-1.3967468917979662,-1.587153414127943,1.2910688589483348,1.723296254947202,-1.6107414984857507,0
-0.19289394238355437,0.6717710056134185,0.715431151140574,-0.9566918117850643,-1.4797822099475013,-0.12400748432299215,-1.3439838345216462,1.5685099655041521,0
-1.5461827072323608,0.30378727578327347,-0.5039952174860111,-0.17087916890488247,1.7067180431494886,0.4882851642078707,1.7581517105093487,-0.4932408247422131,0
-0.07719827077730983,0.1614539463206692,0.5412273841939189,-0.8309617889242351,-1.575030858817248,-1.375805787986089,-0.01947652316009826,1.599498879840421,1
-0.5329690983170624,1.4493970007261745,-1.723421586112596,0.3949059339688486,1.6928636942229802,-1.3349862780840314,-0.22860925653297448,0.3596600244226654,0
-0.5820521105136514,-0.9251395200645666,-0.8524027513793213,-0.01371664032884597,0.8546755841692065,1.3863143820531356,-0.472597445467996,-0.4530156444459993,0
-0.522451309989224,0.3419742666147033,1.0202877432972195,-1.7110719489500388,0.13424943999075695,-1.6479358539998057,0.7473434992071145,0.9498382240893742,1
-0.5750402516284259,-0.11279807874141919,-0.15558768359270173,-0.6109342489177844,-1.6772066821502492,-1.3077732714826598,1.2004644215150122,-1.3007507336149426,0
-0.5890639693988795,-1.4389281239783531,-0.2862405088026931,-0.7052317660634061,0.06670948897402716,0.5971371906133576,-0.7165856344030183,-0.3002559351891638,1
1.4128217423334228,0.4773645068352283,0.8460839763505644,-1.522476914658795,-0.88924058695507,-0.12400748432299215,1.061042599266428,1.4584143527383324,0
-0.7713723004147796,0.21699866025729603,-1.3750140522192862,0.8035285082665432,0.15156737614889268,-1.5799033374963765,1.2701753326393044,1.5606653496414729,0
0.23482944961529087,0.28990109729911734,-1.3314631104826224,0.08058087681677559,-0.16535085554499304,-1.1717082384758015,1.2701753326393044,0.8337921074593848,1
-0.9817280669715893,0.6995433625817307,1.2815933937172024,0.4577709453992632,1.7171088048443701,0.529104674109928,0.9564762325799891,-0.2105128522433934,0
-1.2902498579215773,-1.650692345861739,1.5864499858738488,0.1748783939623975,0.7230592693673744,-0.6274481064483682,-0.15889834540868242,0.5881023518494506,1
-0.0842101296625379,1.1994457880113598,1.2380424519805384,0.2063108996776048,1.0988584839989215,0.7876282368229588,0.3290780324613621,-0.7159810564357808,1
1.160394822465252,-0.6786598519707904,1.4122462189271936,1.3693136111402742,0.11173612298518025,-1.5118708209929475,0.921620777017844,0.9810473183598962,1
1.419833601218651,1.0883563601381088,0.27992173377393614,-0.8938268003546497,0.18793504208097775,0.8284477467250166,-0.6817301788408722,-1.15290555340342,1
-0.6311351227102404,0.4148767036565247,-0.3297914505393559,0.9921235425577866,1.2599152902695847,0.5427111774106141,-0.8908629122137484,-0.5274110568464705,0
1.65122494443114,-1.6402777119986214,-1.5056668774292776,-0.8938268003546497,1.4434854135458244,1.2094298391442198,-1.6576829345809605,-0.3986594288822172,0
1.419833601218651,0.3697466235830155,-0.9395046348526489,-0.04514914604405327,-0.6554484488202363,-0.9812171922661997,-1.2394174678352088,-0.8785585325045625,1
1.3216675768254729,0.30378727578327347,-1.4185649939559501,-0.8623942946394424,-0.2328908065617222,-1.4438383044895182,0.11994529908848588,1.0706125636664625,0
-0.9291391253323875,1.6819904903357945,1.0638386850338832,-0.6737992603481988,0.0528551400475185,-0.2464660140291645,-0.12404288984653637,-1.3794368319136767,1
-0.5399809572022904,-0.8244647260544331,1.3251443354538661,0.9606910368425793,1.457339762472333,0.9645127797318751,-0.054331978722244295,0.12644148611439252,0
-0.5154394511039959,-0.15792815881492586,-0.19913862532936552,-0.13944666318967516,-1.199231644185701,-0.21925300742779277,0.6079216769585304,1.213774686045605,0
-0.5504987455301313,-0.6856029412128697,-0.41689333401268347,-1.3338818803675516,0.7646223161469003,0.8964802632284455,-0.08918743428439033,-0.5749981508418088,0
0.024473683058481053,-1.3972695885258848,0.062167025090617216,-0.925259306069857,0.8183079182371215,-0.2464660140291645,-1.5531165678945222,1.3266112567109067,0
1.50046997839876,-0.42870863925597585,1.150940568507211,-1.050989328930686,-1.6598887459921137,-0.9403976823641425,-0.29832016765726654,-0.00920911312312034,0
1.2725845646288838,1.6229742317781293,0.5412273841939189,0.3634734282536413,0.4009456568260483,-1.5935098407970623,1.3747416993257415,-0.07838230913425831,0
-0.4944038744483142,1.3834376529264325,1.2815933937172024,-0.04514914604405327,-0.972366680514122,-1.4302318011888324,1.7930071660714941,0.07337812195942935,0
1.1218295985965039,-1.3035378837578293,0.105717966827281,-1.491044408943588,-0.9082903167290194,-0.1920400008264211,0.15480075465063114,0.6853033243631226,0
-0.6100995460545612,0.3697466235830155,0.5412273841939189,0.2691759111080194,-0.7784057955430007,-1.3621992846854032,-0.8560074566516024,-0.34788819429922074,0
-0.5154394511039959,-0.15792815881492586,-0.19913862532936552,-0.13944666318967516,-1.199231644185701,-0.21925300742779277,0.6079216769585304,1.213774686045605,0
1.0972880924982094,-1.140375286568991,-0.8088518096426576,0.7406634968361285,1.2166204498742454,0.46107215760649906,1.5838744326986178,0.8030233730573686,1
0.5854223938766397,-0.16487124805700515,1.4122462189271936,1.023556048272994,-0.6034946403458288,-1.212527748377859,0.9564762325799891,1.0124314274499528,0
1.6582368033163681,1.3070636712635728,-0.5475461592226748,-0.07658165175926057,-1.1091783761633949,-0.3008920272319079,0.15480075465063114,0.5450515290636571,0
1.1428651752521832,1.445925456105136,-0.9830555765893128,-0.13944666318967516,-0.719524812605339,0.03927055528523804,-1.4834056567702303,1.088960891520876,0
-0.8940798309062521,-1.3521395084523757,0.6283292676672464,1.0549885539882011,-0.4043383745272671,0.46107215760649906,-1.0302847344623325,0.8696221575295492,1
1.1779244696783187,1.3452506620950027,-0.5910971009593387,0.5206359568296774,0.9014340117961736,0.8964802632284455,0.6776325880828225,-0.9391305969814857,1
1.3777624479072874,-0.7029606643180643,-0.9395046348526489,1.337881105425067,-0.41646092983796223,-0.6682676163504255,-0.054331978722244295,-0.510414859613944,0
1.503975907841373,1.310535215884611,-0.02493485838271036,0.48920345111447017,-1.595812382207011,-1.6343293506991199,1.7581517105093487,-1.4103918724139068,0
-0.5504987455301313,0.08160842003677105,0.45412550072059127,-1.4596119032283805,-1.6339118417549097,1.3863143820531356,-0.472597445467996,-0.50928573174598,0
-0.1823761540557135,-0.48425335319260265,-0.72174992616933,-0.7680967774938207,-1.1767183271801247,-0.0831879744209343,1.65358534382291,1.6146884724842052,0
-1.3358269406755534,-0.38010701456142826,0.105717966827281,-0.45377172034174784,-0.8805816188760021,0.4066461444037556,-0.8908629122137484,1.084850866081487,0
0.431161498401647,1.7479498381355367,-0.41689333401268347,-1.271016868937137,-0.06144323859617791,0.4202526477044412,0.18965621021277795,0.9680284740422723,0
1.0026279975476442,1.2619335911900635,-1.5056668774292776,-1.050989328930686,0.13944482083819756,0.24336810479552545,-1.0999956455866247,0.06048348170728157,1
-1.5321589894619072,-0.591871236444813,-0.41689333401268347,-0.7680967774938207,-1.35336127599311,-1.457444807790204,-0.054331978722244295,0.42396667932287907,0
-1.0728822324795417,-1.6749931582090116,1.4122462189271936,-1.1767193517915153,-0.8944359678025104,-0.6954806229517971,1.2701753326393044,-1.4257338973198663,0
1.700307956627729,-0.06419645404687163,0.45412550072059127,-1.1138543403611005,-1.3291161653717196,1.141397322640791,-0.22860925653297448,0.7276230368544094,1
-0.8940798309062521,-1.3521395084523757,0.6283292676672464,1.0549885539882011,-0.4043383745272671,0.46107215760649906,-1.0302847344623325,0.8696221575295492,1
0.1366634252221128,-0.2169444173725911,-1.4185649939559501,-0.8309617889242351,-0.1341785704603483,0.4882851642078707,-1.274272923397354,-1.3931557355094382,0
-0.4453208622517251,-0.959854966274958,-1.0701574600626402,-0.45377172034174784,-1.4884411780265687,1.5768054282627375,-0.507452901030142,1.236337483667193,0
-0.5329690983170624,-1.2549362590632818,1.4993481024005213,-0.6423667546329914,-1.0018071719829527,-0.4777765701408236,0.7473434992071145,0.7063220396252707,1
1.219995622989682,-0.14057043570973138,1.1073896267705472,-1.2395843632219297,-1.443414544015416,1.6584444480668525,0.29422257689921527,-0.45440729454326484,0
0.5854223938766397,-0.16487124805700515,1.4122462189271936,1.023556048272994,-0.6034946403458288,-1.212527748377859,0.9564762325799891,1.0124314274499528,0
-0.9852339964142046,0.7932750673497849,0.018616083353953428,-0.17087916890488247,0.7905992203841041,-1.1717082384758015,-0.19375380097082845,1.070522233437025,0
-1.2271431279545346,1.2758197696742197,1.2380424519805384,1.2121510825642376,-0.028539159895719944,-1.2397407549792305,-1.3091283789595,1.2175798469606431,0
1.0482050803016203,-0.4668956300874057,0.5847783259305827,-1.6167744318044168,-1.356824863224737,1.0189387929346185,-0.4377419899058499,0.44492046973261895,0
1.3882802362351283,-1.5430744626095263,0.062167025090617216,-0.6109342489177844,-0.4961234361653871,-0.6138416031476821,-0.3331756232194126,-1.5879246470938702,0
0.8483671020726514,-1.3521395084523757,1.542899044137185,0.4577709453992632,-0.43897424684353864,-0.532202583343567,-1.2045620122730627,0.2549701113247227,0
0.32948954456585366,0.4773645068352283,-0.11203674185603793,-0.8938268003546497,1.085004135072413,-1.2805602648812882,-1.1697065567109166,0.38716557928626555,1
1.451386966202171,-0.16139970343596674,-0.19913862532936552,1.52647613971631,-1.575030858817248,-0.8315456559586557,-0.6817301788408722,-0.16008600166012596,0
1.7073198155129548,-0.5502127009923448,-0.8959536931159852,1.1807185768490305,1.126567181851939,1.304675362249021,-0.8211520010894563,-0.04033352280354468,0
0.1366634252221128,-0.2169444173725911,-1.4185649939559501,-0.8309617889242351,-0.1341785704603483,0.4882851642078707,-1.274272923397354,-1.3931557355094382,0
1.5460470611527364,-0.8591801722648246,-0.5910971009593387,-0.6109342489177844,-1.6443026034497914,-0.7499066361545406,0.8170544103314066,-1.5991171270850624,0
-0.02811525858072078,0.31420190964639116,-0.5039952174860111,0.2691759111080194,-1.4416827503996021,0.8828737599277601,-1.5879720234566683,-0.6032150562622266,0
-1.0658703735943138,-0.30026148827753013,-0.06848580011937415,-0.7366642717786134,1.093663103151481,-0.15122049092436385,-0.15889834540868242,-0.041434422474809884,0
0.8027900193186751,-0.9563834216539197,-1.5927687609026053,0.1748783939623975,0.658982905582272,-1.212527748377859,-1.5531165678945222,-1.4847872848143784,0
-1.3814040234295273,-0.3453915683510368,-0.3733423922760197,1.5893411511467246,0.253743199481894,-1.6207228473984339,0.08508984352633907,1.6678393440489359,0
-0.16835243628525984,0.24824256184664661,-0.7653008679059937,1.337881105425067,-0.4874644680863191,1.5495924216613657,-1.6576829345809605,0.5222826656061651,0
-1.3393328701181664,0.2725433741939204,1.7171028110838402,-0.35947420319612594,0.1359812336065705,0.025664051984551888,-1.5531165678945222,-1.3016822641060128,1
-0.504921662776155,0.40099052517236855,0.27992173377393614,-1.3653143860827588,-1.3169936100610244,-0.7499066361545406,0.11994529908848588,0.4450023315030466,0
-0.02460932913810799,-0.9424972431697636,-0.5039952174860111,-0.04514914604405327,0.004364918804738326,1.1958233358435342,1.0261871437042813,-1.1500545055368114,1
0.1997701551891555,1.192502698769283,0.45412550072059127,0.23774340539281208,0.4719491950744052,-0.4233505569380802,0.8867653214556986,0.7847371472356931,0
-1.1254711741187438,-0.810578547570277,-0.8088518096426576,0.3949059339688486,1.5266115071048763,1.3591013754517645,1.0958980548285733,0.6471585621636324,0
-0.05966862356424338,0.269071829572882,0.8896349180872282,-0.7052317660634061,-0.08915193644919524,1.141397322640791,1.3747416993257415,0.023402922523347067,0
-0.6837240643494423,-0.88000943999106,1.1944915102438747,1.0864210597034085,-1.2494536590442946,-1.3621992846854032,0.7124880436449678,0.6582324837286883,1
-0.19289394238355437,-0.4807818085715618,-1.6798706443759324,-1.6167744318044168,-1.6425708098339777,-0.5185960800428815,-0.9954292789001865,0.7270867011171267,0
1.0482050803016203,-0.4668956300874057,0.5847783259305827,-1.6167744318044168,-1.356824863224737,1.0189387929346185,-0.4377419899058499,0.44492046973261895,0
-1.0308110791681784,1.3834376529264325,-0.19913862532936552,1.4007461168554816,-1.6893292374609443,-0.042368464518877054,0.991331688142136,-0.9613885300787238,0
-1.7565384737891707,-0.6265866826552045,0.49767644245725506,-1.3653143860827588,0.3853595142837261,-1.6343293506991199,1.061042599266428,-1.023679691734622,0
-0.6100995460545612,0.3697466235830155,0.5412273841939189,0.2691759111080194,-0.7784057955430007,-1.3621992846854032,-0.8560074566516024,-0.34788819429922074,0
-0.29105996677673246,-1.126489108084835,1.4993481024005213,1.023556048272994,0.9741693436603439,0.08009006518729528,0.991331688142136,0.6727107258156556,0
-0.4979098038909295,-0.7203183874232612,0.49767644245725506,-1.2395843632219297,1.656496028290895,-1.5390838275943188,-0.577163812154434,-0.0761155849393206,0
0.14718121354995364,1.5778441517046227,-0.3297914505393559,0.7406634968361285,-0.6242761637355919,0.311400621298955,-1.3439838345216462,-1.289019095066798,0
1.360232800694221,0.7169010856869252,-1.6798706443759324,-0.4852042260569551,0.6693736672771536,-1.457444807790204,0.15480075465063114,-1.4351818747550542,1
0.26287688515619817,0.7238441749290045,-1.6798706443759324,0.04914837110156863,-0.2328908065617222,-0.46417006684013806,0.2245116657749232,1.0791148965122304,0
1.5460470611527364,-0.8591801722648246,-0.5910971009593387,-0.6109342489177844,-1.6443026034497914,-0.7499066361545406,0.8170544103314066,-1.5991171270850624,0
-1.742514756018717,1.5361856162521519,-0.46044427574934726,1.2121510825642376,-0.25713591718311246,-0.8995781724620846,-1.378839290083792,-1.6089659449133775,0
0.17522864909086097,0.2412994726045698,-0.8959536931159852,1.5893411511467246,0.894506837332919,-1.0900692186716865,-0.9257183677758944,-1.6149616138922658,0
-0.3752022733994569,-1.1716191881583429,-0.9395046348526489,-1.5539094203740023,1.0313185329821921,-1.294166768181974,-0.9954292789001865,1.0257833644886256,0
-0.6837240643494423,-0.88000943999106,1.1944915102438747,1.0864210597034085,-1.2494536590442946,-1.3621992846854032,0.7124880436449678,0.6582324837286883,1
-0.5434868866449032,1.5778441517046227,-1.3314631104826224,0.08058087681677559,1.57683352196347,-0.5866285965463104,-1.5879720234566683,-1.139053977283173,0
0.9605568442362832,-0.2273590512357088,-1.5927687609026053,0.7406634968361285,-0.3160169001207742,-1.3349862780840314,-1.0651401900244786,1.0393441901828724,0
-0.13679907130173974,-1.6402777119986214,0.19281985030060858,0.1748783939623975,-1.538663192885163,-1.3077732714826598,-0.40288653434370386,1.0693592317330225,0
0.715141783253338,-0.2724891313092179,-1.636319702639269,1.2750160939946522,0.2502796122502669,1.304675362249021,-1.2394174678352088,-0.33689331168492237,0
0.4136318511885781,-1.6437492566196599,-1.6798706443759324,1.4636111282858955,-0.6381305126621003,1.1005778127387331,-0.6817301788408722,1.19610383491197,0
-1.6864198849369023,-0.1995866942673966,-1.3750140522192862,0.4577709453992632,-0.4926598489337594,0.10730307178866698,-0.7862965455273103,-0.903904630320682,0
0.39259627453289636,0.5884539347084795,-1.6798706443759324,1.243583588279445,0.011292093267992504,0.610743693914043,-0.08918743428439033,0.22485062544678555,1
0.10160413079597741,-1.237578535958086,-1.0266065183259765,-0.20231167462008978,-0.028539159895719944,-0.12400748432299215,0.7821989547692598,1.6705436052927094,0
0.1366634252221128,0.21352711563625762,1.0638386850338832,-1.4281793975131734,-1.365483831303805,-0.13761398762367769,1.7581517105093487,-0.004305875356486897,1
1.2690786351862686,1.070998637032914,0.8460839763505644,-1.050989328930686,0.29357445264560644,1.522379415059994,-1.6925383901431064,-1.1660852984422287,1
0.9605568442362832,-0.2273590512357088,-1.5927687609026053,0.7406634968361285,-0.3160169001207742,-1.3349862780840314,-1.0651401900244786,1.0393441901828724,0
1.069240656957302,-0.4807818085715618,0.27992173377393614,-0.7052317660634061,-0.1220560151496532,-1.5662968341956907,-1.2045620122730627,1.3295469891676128,1
-0.3120955434324142,0.05036451844741799,1.6300009276105125,0.04914837110156863,-1.0883968527736316,-0.15122049092436385,-0.12404288984653637,0.17466371453546056,0
-0.2419769545801434,0.2551856510887259,-0.72174992616933,-0.7366642717786134,-0.1757416172398743,-0.43695706023876635,0.18965621021277795,-0.9704469583994643,0
-0.10875163576083242,-0.945968787790802,0.018616083353953428,-0.45377172034174784,-1.6962564119241992,0.10730307178866698,0.6427771325206757,1.0831402373615218,0
-0.4453208622517251,1.6056165086729348,0.27992173377393614,0.017715865386361333,0.8789206947905968,1.0461517995359897,-0.3680310787815586,1.1857243269857116,1
-1.6373368727403133,0.9980961999910929,-0.3297914505393559,-0.35947420319612594,-0.17054623639243338,-1.0628562120703149,-0.08918743428439033,0.6535381346176286,0
-0.9151154075619339,-0.026009463215441755,-0.3297914505393559,0.7720960025513358,1.5924196645057922,1.2502493490462776,0.25936712133707,-0.9073202421212727,1
0.031485541943709124,-0.4773102639505234,-0.15558768359270173,-0.35947420319612594,-1.4278284014730938,-1.185314741776487,-0.2634647120951205,0.14981725580091493,0
0.5959401822044806,-0.6578305842445575,-0.8524027513793213,0.7720960025513358,1.6928636942229802,-1.2397407549792305,1.723296254947202,1.5374363665777857,1
-0.32261333176025503,0.17881166942586615,0.018616083353953428,-1.2081518575067223,-0.88924058695507,-1.5935098407970623,0.5382107658342383,-0.862093025369979,1
-1.4129573884130497,-1.612505355030308,-1.0701574600626402,-0.5480692374873697,-0.7316473679160341,-0.028761961218190902,0.29422257689921527,-1.0691129743218195,0
-1.5321589894619072,1.7236490257882628,0.49767644245725506,-1.7110719489500388,1.0209277712873106,-1.4166252978881466,-0.8211520010894563,-0.6391269681028184,1
-0.41026156782559225,-1.3903264992838067,0.19281985030060858,0.04914837110156863,0.37496875258884454,1.0869713094380475,1.1307535103907203,-0.8562243832762366,0
0.4171377806311909,-0.1058549894993399,0.49767644245725506,-0.3280416974809186,1.0469046755245144,-1.5662968341956907,1.4444526104500337,-0.35802493973386657,0
0.6029520410897062,-0.9841557786222318,1.3686952771905299,1.4636111282858955,1.5595155858053347,-1.47105131109089,-0.542308356592288,1.1694761769657114,1
0.3855844156476708,1.0466978246856404,1.2380424519805384,0.583500968260092,0.29184265902979256,0.6515632038161009,1.1656089659528655,-0.9107132713645043,0
1.5460470611527364,-0.8591801722648246,-0.5910971009593387,-0.6109342489177844,-1.6443026034497914,-0.7499066361545406,0.8170544103314066,-1.5991171270850624,0
0.3189717562380153,0.3732181682040539,-1.2008102852726312,0.5206359568296774,-1.5282724311902813,-0.8995781724620846,0.050234387964193813,-1.0354875464138544,0
0.18925236686131464,1.5431287054942313,1.7171028110838402,1.620773656861932,-1.5923487949753838,-0.5594155899449387,0.43364439914779945,0.049705956207566106,0
-1.2201312690693065,-0.3453915683510368,0.23637079203727235,0.1748783939623975,-0.4874644680863191,0.7059892170188438,0.6079216769585304,0.12426791496856181,0
0.6765765593845897,-0.6370013165183221,-0.2862405088026931,-1.522476914658795,1.0659544052984635,-0.3417115371339651,1.2701753326393044,-1.000888245719771,1
1.461904754530012,1.1091856278643442,-1.0266065183259765,0.8663935196969574,0.9984144542817338,-0.314498530532594,-1.4485502012080842,-1.1977149928435675,0
-0.8940798309062521,-0.6508874950024782,-0.6346480426960024,-1.5539094203740023,0.7022777459776116,-1.3349862780840314,0.8519098658935519,-0.23118153786647255,0
-0.5575106044153569,1.7062913026830684,-1.4621159356926139,0.583500968260092,-0.8563365082546118,1.0053322896339323,0.2245116657749232,0.5563851500383451,1
0.21729980240222194,-0.47383871932948496,-1.723421586112596,0.08058087681677559,-1.5577129226591124,0.5835306873126713,-1.0302847344623325,-1.2765789287815057,0
-1.6759020966090614,-0.13709889108869297,1.2815933937172024,1.149286071133823,-0.06837041305943209,-0.4233505569380802,1.4095971548878885,0.6206381713648302,0
1.5179996256118267,-1.0570582156640531,-1.4621159356926139,-1.4596119032283805,1.739622121849947,0.32500712459964054,-1.5182611123323762,-1.4068887532035488,0
0.9780864914493496,-1.4215704008731587,-0.02493485838271036,0.4577709453992632,-0.09261552368082232,-0.7907261460565979,-0.6120192677165801,1.2717666933442302,0
0.5959401822044806,-0.6578305842445575,-0.8524027513793213,0.7720960025513358,1.6928636942229802,-1.2397407549792305,1.723296254947202,1.5374363665777857,1
-0.2139295190392361,1.5466002501152696,0.8460839763505644,-0.7366642717786134,0.5031214801590497,1.4951664084586223,0.2245116657749232,1.2711005079021318,0
-1.5917597899863372,0.5919254793295179,0.105717966827281,-1.271016868937137,1.275501432811907,-1.2397407549792305,-1.3091283789595,-1.493080729004573,1
-0.10173977687560434,-0.2724891313092179,-0.9830555765893128,-0.10801415747446787,0.6122244779553054,1.3863143820531356,-0.22860925653297448,-0.7481414409350625,1
0.6380113355158415,0.8974214059809593,0.6283292676672464,0.3634734282536413,1.755208264392269,-1.14449523187443,-1.6576829345809605,-1.5124537403991634,0
1.2690786351862686,1.070998637032914,0.8460839763505644,-1.050989328930686,0.29357445264560644,1.522379415059994,-1.6925383901431064,-1.1660852984422287,1
1.1393592458095705,-1.4875297486729007,-1.636319702639269,0.23774340539281208,0.16542172507540134,-0.7499066361545406,-1.0651401900244786,-0.7192781098102354,0
-0.9291391253323875,1.6819904903357945,1.0638386850338832,-0.6737992603481988,0.0528551400475185,-0.2464660140291645,-0.12404288984653637,-1.3794368319136767,1
0.7922722309908343,0.7481449872762783,0.5412273841939189,-1.4281793975131734,-0.9030949358815784,-1.1036757219723723,0.46849985470994626,-0.9999934118844095,1
-0.5575106044153569,1.7062913026830684,-1.4621159356926139,0.583500968260092,-0.8563365082546118,1.0053322896339323,0.2245116657749232,0.5563851500383451,1
0.024473683058481053,-1.3972695885258848,0.062167025090617216,-0.925259306069857,0.8183079182371215,-0.2464660140291645,-1.5531165678945222,1.3266112567109067,0
-0.5504987455301313,0.08160842003677105,0.45412550072059127,-1.4596119032283805,-1.6339118417549097,1.3863143820531356,-0.472597445467996,-0.50928573174598,0
0.9114738320396941,-1.5153021056412141,1.150940568507211,0.8035285082665432,0.4788763695376594,0.7468087269209016,-1.5531165678945222,0.22787951095259912,0
-1.693431743822128,-0.05378182018375394,1.3251443354538661,0.3006084168232267,0.9551196138863943,-0.20564650412710722,0.9564762325799891,0.8057022289241129,0
0.9290034792527606,-0.9563834216539197,0.41057455898392753,-1.0195568232154788,-1.3810699738461272,0.610743693914043,0.5033553102720915,1.3801347404720656,0
0.5713986761061861,0.9807384768858959,0.6283292676672464,1.3064485997098596,-0.4597557702333018,-0.7363001328538544,0.9564762325799891,0.8275028652348257,0
1.160394822465252,-0.9355541539276843,-1.244361227009295,-1.1138543403611005,0.9966826606659203,-1.3349862780840314,0.25936712133707,-1.5692686318954367,0
0.4942682283686897,0.5780393008453618,1.3251443354538661,-1.522476914658795,1.5629791730369618,-0.314498530532594,-1.4485502012080842,-1.4169492825071073,1
-1.1570245391022638,0.3732181682040539,-0.5039952174860111,1.5893411511467246,1.0295867393663785,-1.6887553639018633,-0.40288653434370386,0.7545922559807273,0
0.9184856909249197,-0.28637530979337406,-0.02493485838271036,-1.271016868937137,-1.5490539545800444,1.3999208853538216,1.1656089659528655,-0.5965193280052007,1
0.24534723794313174,-0.591871236444813,-0.2426895670660293,0.583500968260092,1.6703503772174035,1.53598591836068,-0.8560074566516024,-1.5446113020787753,0
1.0867703041703685,0.6752425502344569,-0.8088518096426576,-0.6423667546329914,1.3759454625290948,0.06648356188660974,-1.5879720234566683,0.40348429979801415,0
1.5986360027919382,-0.26554604206713867,1.542899044137185,-1.0824218346458934,-0.1030062853757039,-1.2805602648812882,0.8170544103314066,-0.1081771707501554,0
0.33299547400846896,-0.5224403440240325,0.49767644245725506,-1.3653143860827588,1.2789650200435343,0.9917257863332468,0.3290780324613621,0.20338590467679218,1
0.17522864909086097,0.2412994726045698,-0.8959536931159852,1.5893411511467246,0.894506837332919,-1.0900692186716865,-0.9257183677758944,-1.6149616138922658,0
-1.093917809135221,-1.1438468311900307,-0.5475461592226748,-0.4852042260569551,-1.4018514972358898,1.604018434864109,0.15480075465063114,-0.26873915357462147,0
0.7817544426629959,0.5363807653928936,-0.6781989844326662,-0.7366642717786134,0.9222155351859364,1.604018434864109,-1.6576829345809605,0.3868917657782845,0
-1.0693763030369265,-0.43218018387701423,0.8460839763505644,-1.1767193517915153,0.6226152396501866,0.24336810479552545,1.2353198770771574,1.4593120093933638,1
-0.7363130059886466,0.7898035227287465,1.0638386850338832,-0.5480692374873697,-1.112641963395022,1.6992639579689104,-1.0999956455866247,-0.3873286307271997,0
0.17522864909086097,0.2412994726045698,-0.8959536931159852,1.5893411511467246,0.894506837332919,-1.0900692186716865,-0.9257183677758944,-1.6149616138922658,0
-0.995751784742043,0.32808808813054724,0.5847783259305827,0.1748783939623975,1.4088495412295527,0.20254859489346821,0.36393348802350733,0.7893326976583064,0
0.7431892187942453,0.5155514976666582,-1.1572593435359673,-0.04514914604405327,0.6988141587459845,-0.5049895767421952,0.991331688142136,1.3929221135767564,1
1.0236635742033258,0.10938077700508322,0.23637079203727235,-1.6796394432348316,-0.21037748955614582,-1.185314741776487,1.6884407993850568,-1.4702723460717024,0
0.971074632564124,1.043226280064602,0.9767368015605558,0.5520684625448847,-1.2806259441289392,1.2502493490462776,0.6079216769585304,-0.2796324146808032,0
0.0735566952550701,0.012177527615988115,-0.46044427574934726,1.0549885539882011,-0.32294407458402896,-0.7907261460565979,0.3290780324613621,1.2964494285379211,0
-1.7635503326743986,-0.3523346575931161,-0.5039952174860111,0.4263384396840559,-1.5594447162749256,1.3318883688503926,-1.6228274790188144,-1.4133981753623608,0
-0.27703624900627877,-0.27943222055129474,-0.3297914505393559,1.0864210597034085,-1.2840895313605662,-1.4982643176922616,-0.6120192677165801,-1.0850703739158192,1
1.6196715794476175,-0.5154972547819533,1.0202877432972195,-1.3653143860827588,0.01821926773124699,1.6992639579689104,0.29422257689921527,-0.9726459349223239,0
-0.47687422723524775,1.5118848039048782,-0.46044427574934726,1.4007461168554816,1.5716381411160294,-0.43695706023876635,0.2245116657749232,0.11240642671560147,0
0.8238255959743569,0.1475677678365131,1.760653752820504,-0.7680967774938207,1.3361142093653824,0.27058111139689717,-1.1348511011487707,-0.34688044767706305,0
1.0867703041703685,-0.5536842456133831,-0.5475461592226748,-0.5480692374873697,-0.21210928317195968,0.4202526477044412,1.3050307882014496,-0.2127880448973405,0
-1.3393328701181664,-1.5326598287464086,-1.0266065183259765,0.1748783939623975,-1.2581126271233627,1.4135273886545072,-1.2045620122730627,1.6076794112438193,0
0.7291655010237916,0.8731205936336855,0.23637079203727235,0.7720960025513358,-1.500563733337264,1.3182818655497066,-0.29832016765726654,-0.7126840030613264,0
-0.10173977687560434,-0.2724891313092179,-0.9830555765893128,-0.10801415747446787,0.6122244779553054,1.3863143820531356,-0.22860925653297448,-0.7481414409350625,1
-0.22444730736707694,-1.3313102407261415,0.8896349180872282,-0.9566918117850643,0.18793504208097775,-1.6343293506991199,-1.274272923397354,-1.1980960734990052,0
1.3216675768254729,0.30378727578327347,-1.4185649939559501,-0.8623942946394424,-0.2328908065617222,-1.4438383044895182,0.11994529908848588,1.0706125636664625,0
1.5881182144640973,-0.1857005157832405,-1.2879121687459587,1.3064485997098596,0.6624464928138991,-0.3417115371339651,0.921620777017844,1.083346303197425,1
-1.2096134807414656,1.7514213827565774,-1.3314631104826224,0.929258531127372,-1.587153414127943,1.2502493490462776,0.2245116657749232,-0.3737113486395552,1
0.3540310506641482,1.6125595979150116,1.1944915102438747,-0.35947420319612594,0.9152883607226822,-0.45056356353945193,1.6884407993850568,-0.049064504042575584,0
0.5889283233192526,0.27601491881496126,1.0638386850338832,0.9921235425577866,-1.046833805994106,-1.6751488606011773,-0.2634647120951205,-1.5479845715843172,0
1.5740944966936437,-0.008651740110244789,-0.6346480426960024,0.3006084168232267,0.7299864438306289,-0.09679447772162045,1.2701753326393044,-0.7740690396031836,0
-0.12277535353128607,-0.9112533415804105,-1.5492178191659414,-1.7425044546652462,-1.046833805994106,1.3318883688503926,-0.22860925653297448,-1.2466598631001322,1
-1.5321589894619072,-0.6890744858339081,1.3251443354538661,-1.3967468917979662,1.6097376006639283,-1.14449523187443,0.08508984352633907,0.14296062682270444,0
-0.3857200617272977,1.5639579732204665,-0.11203674185603793,1.6836386682923465,-1.1680593591010566,0.13451607839003868,-0.8211520010894563,1.3078225689879877,0
-0.02460932913810799,-0.9424972431697636,-0.5039952174860111,-0.04514914604405327,0.004364918804738326,1.1958233358435342,1.0261871437042813,-1.1500545055368114,1
-0.953680631430682,-0.5883996918237746,-1.113708401799304,-1.1138543403611005,-1.3793381802303133,-1.3349862780840314,-1.5531165678945222,-1.4744303594454793,0
-0.40324970894036416,1.376494563684353,-1.5927687609026053,-1.3338818803675516,0.7542315544520192,-0.6002350998469965,-0.054331978722244295,1.159091023400113,1
1.0832643747277557,-0.9772126893801526,-0.8088518096426576,-0.8623942946394424,1.5335386815681304,-0.7090871262524827,0.7473434992071145,-0.791943133753052,1
-1.644348731625539,-1.1646760989162648,-0.8088518096426576,0.23774340539281208,0.7802084586892226,-0.7907261460565979,1.0261871437042813,1.2013683935963515,1
-1.7460206854613298,0.28990109729911734,-0.8088518096426576,-0.3280416974809186,-0.8355549848648487,1.712870461269596,1.3050307882014496,-0.5252431313399798,1
-0.04213897635117444,-1.126489108084835,-1.3750140522192862,1.5579086454315174,0.9845601053552252,0.09369656848798143,0.25936712133707,-1.2841723136935628,0
1.6862842388572754,1.3556652959581204,-1.5492178191659414,-0.4852042260569551,0.9828283117394117,1.032545296235304,-0.8560074566516024,0.4358140534774901,0
1.605647861677164,-0.12668425722557528,-0.2862405088026931,-1.3338818803675516,-1.368947418535432,-0.7635131394552261,-1.274272923397354,-1.6261343341457686,0
0.26287688515619817,0.7238441749290045,-1.6798706443759324,0.04914837110156863,-0.2328908065617222,-0.46417006684013806,0.2245116657749232,1.0791148965122304,0
-1.2376609162823755,-0.7064322089391051,1.5864499858738488,0.8035285082665432,1.2114250690268045,-0.4777765701408236,-0.22860925653297448,-0.5811829487385811,0
1.50046997839876,-0.42870863925597585,1.150940568507211,-1.050989328930686,-1.6598887459921137,-0.9403976823641425,-0.29832016765726654,-0.00920911312312034,0
-1.59526571942895,-1.1959200005056165,-1.113708401799304,-0.3909067089113332,1.6287873304378777,-0.8315456559586557,1.4095971548878885,-1.6417106530843306,0
1.6547308738737527,-0.2412452297198649,1.2815933937172024,-1.6482069375196242,1.2720378455802799,0.025664051984551888,-1.4834056567702303,-1.3882101554477562,0
-1.4620404006096388,-0.3141476667616862,-1.4185649939559501,0.2691759111080194,-1.5265406375744681,1.5904119315634235,-1.0999956455866247,0.020167971181630752,0
1.1358533163669575,-0.5883996918237746,-0.3733423922760197,-0.9566918117850643,1.6894001069913531,0.24336810479552545,-0.6468747232787261,-0.13155858607601775,0
-1.2727202107085107,0.6821856394765338,-0.72174992616933,1.0549885539882011,-0.9896846166722575,-1.5390838275943188,-0.8211520010894563,-1.2474050874929885,0
0.25586502627097263,0.6995433625817307,-0.9395046348526489,1.117853565418616,-0.15842368108173824,-0.4777765701408236,1.5838744326986178,-0.7595512780408378,0
-0.9571865608732948,-0.38010701456142826,1.150940568507211,1.52647613971631,-0.8078462870118314,1.5495924216613657,-0.12404288984653637,1.7238977198736734,0
0.7361773599090197,1.258462046569025,-1.636319702639269,1.3064485997098596,-0.3800932639058769,0.06648356188660974,0.25936712133707,0.7453785725781416,0
-0.11576349464605801,1.619502687157091,1.0638386850338832,0.6149334739752994,1.0486364691403278,-1.2533472582799163,-0.7165856344030183,0.23883769691118864,0
-1.2902498579215773,-1.650692345861739,1.5864499858738488,0.1748783939623975,0.7230592693673744,-0.6274481064483682,-0.15889834540868242,0.5881023518494506,1
-0.5329690983170624,1.4493970007261745,-1.723421586112596,0.3949059339688486,1.6928636942229802,-1.3349862780840314,-0.22860925653297448,0.3596600244226654,0
1.5215055550544418,0.8349336028022557,-1.4185649939559501,0.04914837110156863,-0.5827131169560662,0.43385915100512734,0.6776325880828225,0.3543700603612541,0
-0.7889019476278485,-1.508359016399136,0.19281985030060858,-0.01371664032884597,0.9481924394231401,0.8964802632284455,0.08508984352633907,-1.5122109779075512,0
0.010449965288027396,-0.09544035563622222,-0.06848580011937415,-0.07658165175926057,0.5273665907804399,0.6651697071167865,-1.3439838345216462,1.170294794669985,1
-1.1570245391022638,-1.0084565909695056,-1.0266065183259765,0.04914837110156863,0.5706614311757794,0.5154981708092424,0.18965621021277795,1.2622396769582849,0
1.5881182144640973,-0.1857005157832405,-1.2879121687459587,1.3064485997098596,0.6624464928138991,-0.3417115371339651,0.921620777017844,1.083346303197425,1
-1.5251471305766815,-1.3833834100417275,0.8025330346139006,1.117853565418616,-0.5809813233402523,-0.6954806229517971,1.4444526104500337,1.3135613613769141,1
-1.0378229380534065,0.3593319897198978,-1.6798706443759324,0.9606910368425793,0.7819402523050362,-0.12400748432299215,-1.1697065567109166,-0.5225558070142258,0
0.8974501142692405,0.6682994609923777,-1.5056668774292776,-1.4281793975131734,0.2398888505553853,-0.8723651658607129,-1.3091283789595,0.12690442854025755,0
-0.12978721241651164,-1.4076842223890014,-0.06848580011937415,-1.7739369603804533,0.8494802033217659,1.0053322896339323,0.015378932402047775,1.314687666425208,1
-0.7187833587755776,-1.5430744626095263,1.1073896267705472,1.0549885539882011,0.8390894416268844,-1.525477324293633,-1.3439838345216462,-0.6079630389470148,0
-0.4593445800221813,0.21352711563625762,1.0202877432972195,0.48920345111447017,1.3915316050714168,1.644837944766167,1.3747416993257415,0.44905307772936665,0
0.46972672227039525,-1.5500175518516044,1.7171028110838402,0.08058087681677559,-0.7818693827746278,-0.5049895767421952,1.1307535103907203,-0.2543060766023732,0
1.100794021940822,-1.5951476319251134,0.36702361724726373,0.332040922538434,-0.8615318891020527,1.563198924962052,-0.542308356592288,-0.6293600120449306,1
0.7922722309908343,0.7481449872762783,0.5412273841939189,-1.4281793975131734,-0.9030949358815784,-1.1036757219723723,0.46849985470994626,-0.9999934118844095,1
-1.4164633178556627,-0.20652978350947343,0.5847783259305827,0.929258531127372,1.6305191240536911,-1.212527748377859,1.1656089659528655,-1.157472875629334,1
-1.4620404006096388,-0.3141476667616862,-1.4185649939559501,0.2691759111080194,-1.5265406375744681,1.5904119315634235,-1.0999956455866247,0.020167971181630752,0
-0.571534322185813,-1.4076842223890014,0.27992173377393614,-0.45377172034174784,0.9187519479543093,0.5018916675085563,-0.8908629122137484,-0.4070770771378882,0
-1.5321589894619072,0.18228321404690456,-1.4185649939559501,1.5893411511467246,-1.2529172462759217,1.032545296235304,1.2701753326393044,-1.3622882024189749,1
-0.3611785556290032,-0.5154972547819533,-0.3297914505393559,0.6463659796905067,-0.9654395060508673,-0.042368464518877054,1.4095971548878885,-0.7023948253645051,0
-0.2419769545801434,0.47042141759314904,0.19281985030060858,-1.6482069375196242,-0.4649511510807421,-1.1308887285737441,0.11994529908848588,-1.2737335265542364,1
-1.59526571942895,0.1614539463206692,0.105717966827281,0.48920345111447017,1.3066737178965515,0.5835306873126713,0.43364439914779945,0.19949041353231695,0
0.05953297748461644,-0.3627492914562338,-0.41689333401268347,1.5893411511467246,1.1594712605523971,1.6584444480668525,-1.6228274790188144,1.2385900937637815,0
-0.9291391253323875,-0.876537895370019,-1.4185649939559501,0.9921235425577866,-0.5030506106286413,-0.681874119651111,1.6187298882607646,-1.5098313409258173,0
-0.11576349464605801,1.619502687157091,1.0638386850338832,0.6149334739752994,1.0486364691403278,-1.2533472582799163,-0.7165856344030183,0.23883769691118864,0
-0.8099375242835302,-1.1091313849796391,1.3251443354538661,-1.6796394432348316,-0.06317503221199144,-0.7635131394552261,1.4444526104500337,-0.5559017757748693,0
1.6932960977425011,-1.463228936325627,-1.3314631104826224,-1.7110719489500388,-0.8217006359383403,-0.2464660140291645,-0.7165856344030183,-0.0706506060583757,0
-0.4348030739238868,-1.1924484558845783,1.7171028110838402,0.6149334739752994,-0.9204128720397144,1.644837944766167,-1.4485502012080842,-1.5878766591594817,1
-0.8555146070375039,0.18575475866794297,-0.02493485838271036,-1.1138543403611005,-0.0008304620427026151,-1.185314741776487,-1.6228274790188144,-1.4867152706489266,0
-0.9326450547750003,1.2341612342217514,-1.4185649939559501,-0.4852042260569551,0.06844128258984071,0.610743693914043,-1.5879720234566683,-1.0935924664992767,0
0.3610429095493763,1.2098604218744775,1.0202877432972195,0.7406634968361285,-0.27618564695706177,-0.21925300742779277,-0.9605738233380404,-0.9863055593050172,0
-0.5014157333335423,1.47022626845241,0.19281985030060858,1.4321786225706887,-1.1697911527168698,1.563198924962052,-1.0302847344623325,-1.527414684649685,0
-1.633830943297698,-0.7099037535601435,0.8025330346139006,0.3949059339688486,1.1594712605523971,-0.2872855239312223,1.7930071660714941,-0.11206137061595127,1
0.1927582963039299,-0.2377736850988265,1.4122462189271936,-0.13944666318967516,0.33340570580931855,-1.3213797747833456,1.6187298882607646,-0.24689335214919014,0
-0.8800561131357985,1.3834376529264325,0.9767368015605558,-1.6796394432348316,-1.6685477140711817,1.4679534018572507,0.43364439914779945,-1.3449419755473797,0
-1.3218032229050973,0.6335840147819862,0.32347267551059994,0.11201338253198288,0.8702617267115291,-0.7907261460565979,0.7473434992071145,0.5847177910652288,1
1.3847743067925156,-1.0848305726323653,-0.72174992616933,-0.35947420319612594,-1.0191251081410886,-1.4846578143915758,0.11994529908848588,-0.819618057796847,0
-1.2832379990363492,-0.9702696001380757,-1.1572593435359673,-0.8623942946394424,-1.268503388818244,-0.5594155899449387,1.0261871437042813,1.46849464177958,1
-1.500605624478387,0.9772669322648575,1.0202877432972195,0.6463659796905067,-0.9671712996666811,-1.3621992846854032,0.991331688142136,0.2771715880285627,0
1.65122494443114,0.6544132825082216,0.19281985030060858,-0.4223392146265405,0.7802084586892226,-0.4777765701408236,-0.2634647120951205,0.43340054265971745,1
-0.455838650579566,0.8835352274968032,1.1944915102438747,-1.3967468917979662,-1.587153414127943,1.2910688589483348,1.723296254947202,-1.6107414984857507,0
1.5390352022675082,-0.6265866826552045,-0.2862405088026931,0.4577709453992632,-1.2650398015866169,-1.6207228473984339,1.1307535103907203,-1.4410420483897868,0
0.7326714304664069,0.7689742550025112,1.2815933937172024,1.5579086454315174,-1.6598887459921137,-0.5185960800428815,-0.40288653434370386,1.7193614486641287,0
1.6547308738737527,-0.2412452297198649,1.2815933937172024,-1.6482069375196242,1.2720378455802799,0.025664051984551888,-1.4834056567702303,-1.3882101554477562,0
0.7782485132203807,-0.3627492914562338,-1.5927687609026053,0.5206359568296774,0.11693150383262088,-1.607116344097748,-0.15889834540868242,-0.6770684872860752,0
-1.093917809135221,-1.1438468311900307,-0.5475461592226748,-0.4852042260569551,-1.4018514972358898,1.604018434864109,0.15480075465063114,-0.26873915357462147,0
-0.904597619234093,-1.60556226578823,0.14926890856394479,0.7092309911209213,-0.20864569594033258,-0.9267911790634563,1.0261871437042813,-1.2052519213622264,1
0.024473683058481053,-0.8695948061279423,0.7589820928772378,0.2691759111080194,0.26067037394514814,1.4815599051579367,-0.054331978722244295,0.19968518808954033,0
0.45219707505732626,-1.3903264992838067,0.8025330346139006,0.583500968260092,-0.6121536084248967,0.9645127797318751,1.7581517105093487,-0.29083054031133515,0
-0.6591825582511502,-0.3453915683510368,-0.3297914505393559,-1.522476914658795,-0.946389776276918,1.4679534018572507,-0.01947652316009826,-0.20934702771972064,0
0.8413552431874234,-0.3037330328985685,1.150940568507211,-0.7680967774938207,0.019951061347060536,-0.804332649357284,-0.507452901030142,1.0496615960763922,0
-0.7783841593000076,-1.1507899204321086,0.32347267551059994,1.337881105425067,-0.7749422083113736,-0.7635131394552261,-0.9257183677758944,-1.2977557219451685,1
1.6161656500050046,0.33850272199366493,-0.6346480426960024,1.1807185768490305,-1.2944802930554482,-1.5118708209929475,1.061042599266428,-1.5773814156267574,1
-1.2657083518232828,0.8939498613599185,0.6718802094039102,-1.3653143860827588,-0.01122122373758419,-0.110400981022306,0.5730662213963835,-1.1883629912771565,1
-1.23415498683976,-0.5154972547819533,1.3686952771905299,-0.29660919176571166,-0.43897424684353864,1.2366428457455916,1.0261871437042813,-0.46275437230718786,0
-0.9326450547750003,1.2341612342217514,-1.4185649939559501,-0.4852042260569551,0.06844128258984071,0.610743693914043,-1.5879720234566683,-1.0935924664992767,0
-1.0308110791681784,1.3834376529264325,-0.19913862532936552,1.4007461168554816,-1.6893292374609443,-0.042368464518877054,0.991331688142136,-0.9613885300787238,0
-0.27002439012105073,0.4530636944879545,-1.6798706443759324,0.3006084168232267,-0.18440058531894235,0.06648356188660974,-1.5879720234566683,-1.2620216477437811,0
1.1498770341374112,-0.9772126893801526,0.27992173377393614,-0.3909067089113332,0.1671535186912149,-1.6615423573004915,-0.9605738233380404,-1.6391051905290037,1
-0.18938801294094157,-0.33844847910896,0.49767644245725506,-0.7995292832090279,0.44770408445301496,0.5699241840119859,-1.5182611123323762,0.9791644976400664,0
-0.1438109301869653,-0.5779850579606569,0.8896349180872282,-0.6423667546329914,-0.6242761637355919,-0.954004185664828,0.991331688142136,-1.582149158049235,0
-0.7713723004147796,0.21699866025729603,-1.3750140522192862,0.8035285082665432,0.15156737614889268,-1.5799033374963765,1.2701753326393044,1.5606653496414729,0
0.1612049313204073,-1.0431720371798971,1.542899044137185,-1.5853419260892097,0.646860350271577,0.20254859489346821,1.5490189771364726,1.6535953959945715,1
-1.5286530600192945,-0.41829400539285816,-1.6798706443759324,-0.8309617889242351,-1.2667715952024308,-0.885971669161399,-1.1697065567109166,0.5991932103325261,1
-0.5540046749727441,1.1126571724853824,1.3251443354538661,1.4950436340011026,0.2589385803293346,0.21615509819415377,0.6427771325206757,0.8705706249386385,1
0.2944302501397208,1.070998637032914,0.14926890856394479,0.7406634968361285,-1.046833805994106,0.7876282368229588,-0.40288653434370386,1.683435422725187,0
-0.7783841593000076,0.9460230306755069,0.41057455898392753,1.620773656861932,1.0988584839989215,0.7468087269209016,-0.8211520010894563,1.4297232136133695,1
0.46972672227039525,-1.5500175518516044,1.7171028110838402,0.08058087681677559,-0.7818693827746278,-0.5049895767421952,1.1307535103907203,-0.2543060766023732,0
1.700307956627729,-0.727261476665338,-0.41689333401268347,-1.0824218346458934,0.5429527333227621,1.3863143820531356,-1.3091283789595,-1.3911430650847925,0
-0.904597619234093,-1.60556226578823,0.14926890856394479,0.7092309911209213,-0.20864569594033258,-0.9267911790634563,1.0261871437042813,-1.2052519213622264,1
0.26638281459881097,0.06425069693157655,0.5412273841939189,0.3006084168232267,0.9603149947338352,1.4135273886545072,-1.0651401900244786,-0.5555291635784413,1
1.6477190149885272,-0.9320826093066459,1.2380424519805384,-1.7425044546652462,0.10307715490611222,1.032545296235304,-0.15889834540868242,1.2526364444412523,0
1.609153791119779,0.7620311657604344,-1.4621159356926139,-1.4281793975131734,0.7611587289152734,-1.5662968341956907,-0.8560074566516024,-0.554882737874032,1
0.33650140345108176,-1.1646760989162648,0.8025330346139006,0.7406634968361285,-1.4243648142414667,1.563198924962052,-0.29832016765726654,-0.8663808884485718,0
0.9290034792527606,1.47022626845241,0.9767368015605558,-0.5166367317721624,-0.6138854020407106,-1.5935098407970623,0.43364439914779945,1.5413459718206104,0
-1.542676777789748,-0.2377736850988265,0.41057455898392753,-1.6482069375196242,-0.30908972565752,1.223036342444906,0.8867653214556986,0.9251187922399747,0
-0.8940798309062521,-0.6508874950024782,-0.6346480426960024,-1.5539094203740023,0.7022777459776116,-1.3349862780840314,0.8519098658935519,-0.23118153786647255,0
-0.7783841593000076,-1.1507899204321086,0.32347267551059994,1.337881105425067,-0.7749422083113736,-0.7635131394552261,-0.9257183677758944,-1.2977557219451685,1
-1.59526571942895,-1.1959200005056165,-1.113708401799304,-0.3909067089113332,1.6287873304378777,-0.8315456559586557,1.4095971548878885,-1.6417106530843306,0
1.5495529905953491,1.7583644719986544,0.45412550072059127,-0.7052317660634061,-1.0658835357680554,-1.6343293506991199,1.2353198770771574,1.7008550429081999,0
-1.093917809135221,-1.4285134901152368,-1.244361227009295,1.023556048272994,-0.5169049595551497,-1.4030187945874606,-0.577163812154434,-0.6649472996234826,0
-0.28404810789150686,1.43203927762098,0.14926890856394479,-1.522476914658795,-0.18093699808731525,-0.9131846757627707,0.9564762325799891,-1.0501944368940843,0
-1.5321589894619072,-0.6890744858339081,1.3251443354538661,-1.3967468917979662,1.6097376006639283,-1.14449523187443,0.08508984352633907,0.14296062682270444,0
0.45920893394255435,-0.2134728727515527,-0.6781989844326662,-1.6167744318044168,-0.5809813233402523,1.4407403952558788,1.5838744326986178,1.0658024789489362,1
1.1498770341374112,0.5016653191825021,-1.2879121687459587,0.23774340539281208,0.22257091439724955,0.08009006518729528,1.2004644215150122,0.09499527499159811,0
-1.0413288674960193,-0.9355541539276843,-1.2879121687459587,0.5520684625448847,0.9810965181235981,-0.7907261460565979,1.1307535103907203,0.41657936024672526,0
-0.11576349464605801,0.30725882040431185,-1.4185649939559501,-1.271016868937137,-0.2969671703468249,0.7740217335222732,-1.1348511011487707,0.16956287939193376,0
-0.12277535353128607,-0.9112533415804105,-1.5492178191659414,-1.7425044546652462,-1.046833805994106,1.3318883688503926,-0.22860925653297448,-1.2466598631001322,1
-0.9151154075619339,1.095299449380188,0.9767368015605558,1.6522061625771391,0.2243027080130631,0.311400621298955,1.65358534382291,0.9722401209897776,1
0.40661999230335255,1.4841124469365659,0.14926890856394479,0.7720960025513358,1.4105813348453664,-1.117282225273058,-0.054331978722244295,1.7080645243451498,0
0.6450231944010697,-0.23430214047778808,-0.6346480426960024,1.2121510825642376,0.002633125188924474,-0.6954806229517971,0.7473434992071145,1.6515206235371878,0
-0.04564490579378972,-1.425041945494197,1.0202877432972195,0.332040922538434,-0.3125533128891471,1.454346898556565,1.7581517105093487,1.46973668243434,0
-0.5504987455301313,-1.2202208128528904,0.41057455898392753,-0.3909067089113332,-1.443414544015416,1.1958233358435342,-1.0999956455866247,-0.19340656504374026,0
-1.1570245391022638,0.3732181682040539,-0.5039952174860111,1.5893411511467246,1.0295867393663785,-1.6887553639018633,-0.40288653434370386,0.7545922559807273,0
0.1962642257465427,-0.32803384524584234,0.5412273841939189,1.2121510825642376,1.2270112115691267,0.7059892170188438,-0.3331756232194126,-1.3263734677587136,0
-0.8870679720210265,-1.3104809729999074,1.6300009276105125,0.4577709453992632,1.4227038901560616,0.24336810479552545,-0.507452901030142,1.228182357640824,0
-0.41376749726820505,0.26560028495184357,-1.723421586112596,-1.6796394432348316,-1.2511854526601085,1.304675362249021,-0.8211520010894563,0.3098767767241371,1
1.0166517153180978,-0.88000943999106,-0.5039952174860111,-0.07658165175926057,-0.5515408318714212,1.563198924962052,1.5141635215743259,-0.8547282888511845,1
-0.06317455300685616,1.4493970007261745,1.5864499858738488,-1.0195568232154788,-1.3828017674619404,0.6243501972147292,0.6427771325206757,0.28495692467817374,0
-1.5321589894619072,1.7236490257882628,0.49767644245725506,-1.7110719489500388,1.0209277712873106,-1.4166252978881466,-0.8211520010894563,-0.6391269681028184,1
0.024473683058481053,0.8036897012129026,0.49767644245725506,1.3064485997098596,-1.4209012270098396,-1.3485927813847174,1.1656089659528655,0.12801944230987208,0
-0.10173977687560434,-0.2724891313092179,-0.9830555765893128,-0.10801415747446787,0.6122244779553054,1.3863143820531356,-0.22860925653297448,-0.7481414409350625,1
0.9886042797771905,1.5118848039048782,0.19281985030060858,1.2750160939946522,-0.6537166552044231,-0.9812171922661997,-1.0999956455866247,1.2213624253183222,1
0.8448611726300386,-0.4703671747084466,-0.7653008679059937,1.6836386682923465,1.246060941343076,0.7468087269209016,1.6884407993850568,-0.4713188071856941,0
-0.8204553126113685,1.0987709940012265,1.4993481024005213,0.7092309911209213,1.7430857090815741,1.2502493490462776,-1.5182611123323762,1.670989610800555,1
1.6161656500050046,0.33850272199366493,-0.6346480426960024,1.1807185768490305,-1.2944802930554482,-1.5118708209929475,1.061042599266428,-1.5773814156267574,1
0.7887663015482215,-1.0258143140747014,-1.0701574600626402,0.3949059339688486,1.1663984350156513,1.0053322896339323,-0.3680310787815586,-1.4652082075838841,0
1.700307956627729,0.07119378617365336,0.933185859823892,0.929258531127372,1.0105370095924289,-0.8723651658607129,0.29422257689921527,0.27123519826274284,1
0.8974501142692405,0.6682994609923777,-1.5056668774292776,-1.4281793975131734,0.2398888505553853,-0.8723651658607129,-1.3091283789595,0.12690442854025755,0
-1.4515226122817981,-0.5745135133396185,-1.2008102852726312,0.9921235425577866,1.6443734729801998,0.32500712459964054,0.9564762325799891,1.1263660749668494,0
0.9290034792527606,1.47022626845241,0.9767368015605558,-0.5166367317721624,-0.6138854020407106,-1.5935098407970623,0.43364439914779945,1.5413459718206104,0
-1.1254711741187438,-0.810578547570277,-0.8088518096426576,0.3949059339688486,1.5266115071048763,1.3591013754517645,1.0958980548285733,0.6471585621636324,0
-0.15783464795741897,-0.019066373973362475,1.7171028110838402,-1.050989328930686,0.9118247734910547,1.0461517995359897,-1.4136947456459381,1.417545569557379,0
0.056027048042003647,1.1196002617274619,1.6735518693471763,0.2063108996776048,-0.9948799975196985,-0.6954806229517971,1.3398862437635963,-0.8722721130996733,0
-0.007079681925039051,-0.9251395200645666,-1.3750140522192862,0.6463659796905067,1.3032101306649242,-1.607116344097748,0.8170544103314066,-1.0347394992013286,0
-0.4453208622517251,-0.959854966274958,-1.0701574600626402,-0.45377172034174784,-1.4884411780265687,1.5768054282627375,-0.507452901030142,1.236337483667193,0
0.33299547400846896,0.40099052517236855,-0.9395046348526489,1.4636111282858955,-1.687597443845131,-0.9403976823641425,0.991331688142136,0.955322962708009,0
0.7747425837777678,-0.6231151380341661,0.45412550072059127,0.3949059339688486,0.5412209397069485,0.4746786609071846,0.36393348802350733,1.1034504248865227,0
-1.3393328701181664,-1.5326598287464086,-1.0266065183259765,0.1748783939623975,-1.2581126271233627,1.4135273886545072,-1.2045620122730627,1.6076794112438193,0
-1.6373368727403133,-0.5397980671292271,-1.3314631104826224,-0.9566918117850643,1.022659564903124,0.08009006518729528,-0.7165856344030183,1.7110313078182249,1
-0.5504987455301313,0.08160842003677105,0.45412550072059127,-1.4596119032283805,-1.6339118417549097,1.3863143820531356,-0.472597445467996,-0.50928573174598,0
1.251548987973202,0.39057589130925086,-1.5927687609026053,-0.3280416974809186,-1.133423486784785,-0.32810503383327955,-0.08918743428439033,1.0066898122413563,0
-1.2762261401511237,-0.5502127009923448,0.23637079203727235,-0.6109342489177844,0.41999538659999763,0.9372997731305034,1.3050307882014496,-1.288352909624699,0
1.40931581289081,-1.3278386961051019,0.45412550072059127,1.0549885539882011,-0.3038943448100791,1.2774623556476494,-1.0651401900244786,1.4756956547575197,1
0.45219707505732626,0.8870067721178416,-1.2008102852726312,0.7406634968361285,-0.461487563849115,-1.0764627153710007,0.08508984352633907,-0.5673172585199845,1
1.013145785875485,-1.6437492566196599,1.3686952771905299,-1.3967468917979662,-0.13937395130778896,1.304675362249021,1.1656089659528655,-0.02360549343966001,1
-0.12628128297389887,-0.6786598519707904,-0.6346480426960024,0.1748783939623975,-1.0052707592145798,-0.6682676163504255,0.5033553102720915,0.8094001226916948,0
-0.6311351227102404,0.4148767036565247,-0.3297914505393559,0.9921235425577866,1.2599152902695847,0.5427111774106141,-0.8908629122137484,-0.5274110568464705,0
0.2944302501397208,1.070998637032914,0.14926890856394479,0.7406634968361285,-1.046833805994106,0.7876282368229588,-0.40288653434370386,1.683435422725187,0
-1.4094514589704346,-1.0570582156640531,1.4557971606638573,-1.5853419260892097,1.3984587795346712,1.3318883688503926,0.5033553102720915,-1.1835557293793,1
1.1954541168913875,0.19616939253106067,0.7589820928772378,-0.35947420319612594,1.2200840371058725,-0.9403976823641425,0.5730662213963835,-0.8611586720592388,0
-0.6100995460545612,1.2376327788427899,1.150940568507211,1.023556048272994,-1.12130093147409,-0.7226936295531688,-0.8211520010894563,-1.5774999740528937,0
0.8062959487612904,0.5815108454664002,-1.3314631104826224,1.0549885539882011,-1.1143737570108352,0.4882851642078707,1.3398862437635963,-0.3155866688164435,0
-0.41376749726820505,-1.268822437547438,0.6718802094039102,0.7406634968361285,0.8564073777850204,-0.8451521592593412,-1.0651401900244786,1.4320379257426956,0
-1.493593765593159,1.1022425386222647,-0.46044427574934726,1.3064485997098596,-1.348165895145669,1.5768054282627375,-0.7514410899651642,-0.5418610707367384,0
-0.47687422723524775,-0.9147248862014489,-0.8959536931159852,0.3634734282536413,-1.2009634378015142,1.522379415059994,-1.5879720234566683,-1.0517808615485735,0
0.40311406286073725,1.4875839915576043,1.3686952771905299,0.9606910368425793,-0.9706348868983082,-1.3077732714826598,1.4095971548878885,0.9467726419278522,1
-1.5461827072323608,0.30378727578327347,-0.5039952174860111,-0.17087916890488247,1.7067180431494886,0.4882851642078707,1.7581517105093487,-0.4932408247422131,0
0.01746182417325547,0.6717710056134185,0.27992173377393614,-0.45377172034174784,-0.3471891852054186,-1.1717082384758015,0.08508984352633907,-1.3569897698985545,0
0.027979612501093844,0.11285232162612163,-1.0701574600626402,1.149286071133823,1.4694623177830282,-1.47105131109089,0.29422257689921527,1.383553175092326,0
0.4942682283686897,0.5780393008453618,1.3251443354538661,-1.522476914658795,1.5629791730369618,-0.314498530532594,-1.4485502012080842,-1.4169492825071073,1
0.4907622989260745,-1.4493427578414708,-1.5056668774292776,0.3949059339688486,1.6461052665960136,-1.2533472582799163,1.4095971548878885,-0.5732536482858046,0
-0.26651846067843793,0.8453482366653734,0.5412273841939189,0.14344588824719018,-0.9810256485931894,-0.7363001328538544,-1.0302847344623325,0.784658108284936,0
0.5854223938766397,-0.16487124805700515,1.4122462189271936,1.023556048272994,-0.6034946403458288,-1.212527748377859,0.9564762325799891,1.0124314274499528,0
-1.1990956924136271,0.4912506853193844,0.6283292676672464,0.017715865386361333,1.5993468389690468,-0.15122049092436385,0.3290780324613621,0.8132448030821116,0
0.25937095571358537,1.7653075612407336,0.7589820928772378,-1.5853419260892097,-0.553272625487235,1.3591013754517645,-1.2045620122730627,1.6647483565103844,0
0.14718121354995364,1.5778441517046227,-0.3297914505393559,0.7406634968361285,-0.6242761637355919,0.311400621298955,-1.3439838345216462,-1.289019095066798,0
-0.995751784742043,0.32808808813054724,0.5847783259305827,0.1748783939623975,1.4088495412295527,0.20254859489346821,0.36393348802350733,0.7893326976583064,0
0.15068714299256644,1.477169357694489,-0.8959536931159852,-0.35947420319612594,0.9862918989710391,-0.40974405363739463,0.7124880436449678,-1.1354125399089896,1
1.6862842388572754,1.3556652959581204,-1.5492178191659414,-0.4852042260569551,0.9828283117394117,1.032545296235304,-0.8560074566516024,0.4358140534774901,0
1.065734727514687,-0.022537918594400883,0.018616083353953428,1.0549885539882011,-0.6398623062779141,-1.4846578143915758,-1.5879720234566683,-0.4235849265675203,0
0.4136318511885781,-1.6437492566196599,-1.6798706443759324,1.4636111282858955,-0.6381305126621003,1.1005778127387331,-0.6817301788408722,1.19610383491197,0
-1.3112854345772589,-1.1993915451266561,0.7589820928772378,0.14344588824719018,-0.2363543937933499,-0.6410546097490538,-1.5182611123323762,-0.03743448700254776,0
1.0762525158425278,-0.758505378254691,-0.3733423922760197,0.9606910368425793,-0.2657948852621805,1.563198924962052,-0.9954292789001865,0.3936213678713494,0
-1.23415498683976,-0.5154972547819533,1.3686952771905299,-0.29660919176571166,-0.43897424684353864,1.2366428457455916,1.0261871437042813,-0.46275437230718786,0
-1.4199692472982754,-1.088302117253405,0.6283292676672464,-0.10801415747446787,-0.0458570960538557,1.522379415059994,0.8170544103314066,-1.5144212457090906,0
0.02096775361586826,-1.6333346227565433,-1.2008102852726312,1.5579086454315174,0.03207361665775535,0.6787762104174726,0.6427771325206757,-0.4086804387103968,1
0.9290034792527606,-0.9563834216539197,0.41057455898392753,-1.0195568232154788,-1.3810699738461272,0.610743693914043,0.5033553102720915,1.3801347404720656,0
1.0166517153180978,-0.88000943999106,-0.5039952174860111,-0.07658165175926057,-0.5515408318714212,1.563198924962052,1.5141635215743259,-0.8547282888511845,1
-0.16484650684264704,-0.862651716885863,0.8460839763505644,-0.3909067089113332,-0.7437699232267292,1.6720509513675386,-0.22860925653297448,0.8534728061979953,0
0.5433512405652788,-1.3625541423154934,0.062167025090617216,-0.20231167462008978,-1.5109544950321459,-1.3485927813847174,1.0958980548285733,1.7278891868869257,0
1.5530589200379619,1.5778441517046227,1.4557971606638573,0.6463659796905067,0.563734256712525,1.032545296235304,-1.5531165678945222,0.8856698873529861,0
0.18925236686131464,1.5431287054942313,1.7171028110838402,1.620773656861932,-1.5923487949753838,-0.5594155899449387,0.43364439914779945,0.049705956207566106,0
-0.3857200617272977,-0.6647736734866343,-1.3314631104826224,1.5579086454315174,1.6894001069913531,0.950906276431189,1.5838744326986178,1.5541248764662918,0
-1.598771648871565,-1.4840582040518622,-0.9395046348526489,-0.8623942946394424,-1.673743094918622,1.3999208853538216,1.3050307882014496,0.9493244709094508,0
-0.10173977687560434,1.6090880532939733,1.0638386850338832,1.620773656861932,-0.5324911020974719,-0.4777765701408236,-0.2634647120951205,-0.9033965227800982,0
-1.0904118796926083,1.567429517841505,0.8896349180872282,0.4577709453992632,-0.383556851137504,-0.9676106889655142,0.7821989547692598,-1.1607868659218081,1
1.4128217423334228,-0.2412452297198649,-1.636319702639269,1.023556048272994,-1.1645957718694295,0.46107215760649906,1.2701753326393044,1.5725155466157537,0
0.1612049313204073,-1.0431720371798971,1.542899044137185,-1.5853419260892097,0.646860350271577,0.20254859489346821,1.5490189771364726,1.6535953959945715,1
-1.5146293422488408,1.0466978246856404,-1.5492178191659414,-1.5539094203740023,1.1785209903263465,1.454346898556565,-0.3680310787815586,0.9730841440710811,0
-1.4129573884130497,-1.612505355030308,-1.0701574600626402,-0.5480692374873697,-0.7316473679160341,-0.028761961218190902,0.29422257689921527,-1.0691129743218195,0
-0.6171114049397868,-0.07808263253102772,-1.4185649939559501,1.3693136111402742,-0.9827574422090033,1.604018434864109,-0.12404288984653637,0.22675602872397463,0
1.1428651752521832,-0.7619769228757295,-0.9830555765893128,0.8349610139817505,-1.3879971483093814,-0.5185960800428815,0.6776325880828225,-0.19136284360272565,0
1.59162414390671,0.637055559403027,0.27992173377393614,0.3006084168232267,-1.3620202440721778,1.2910688589483348,-0.40288653434370386,1.3308003211010528,0
1.609153791119779,1.192502698769283,-0.5039952174860111,-0.5480692374873697,0.7992581884631722,-0.0559749678195626,-1.3439838345216462,0.2588401970921692,0
-0.02460932913810799,1.3973238314105885,1.2815933937172024,1.4636111282858955,0.6520557311190175,0.8012347401236449,1.3747416993257415,0.6468903942949908,1
-1.0413288674960193,-1.1299606527058745,-0.11203674185603793,0.2691759111080194,-0.8615318891020527,-1.0764627153710007,0.36393348802350733,0.5799613399214308,1
-1.2096134807414656,1.7514213827565774,-1.3314631104826224,0.929258531127372,-1.587153414127943,1.2502493490462776,0.2245116657749232,-0.3737113486395552,1
-0.8029256653983021,-0.42870863925597585,-0.8088518096426576,1.023556048272994,-1.6443026034497914,1.37270787875245,1.5838744326986178,-0.9102644430369886,1
0.024473683058481053,-0.8695948061279423,0.7589820928772378,0.2691759111080194,0.26067037394514814,1.4815599051579367,-0.054331978722244295,0.19968518808954033,0
1.100794021940822,-1.5951476319251134,0.36702361724726373,0.332040922538434,-0.8615318891020527,1.563198924962052,-0.542308356592288,-0.6293600120449306,1
-0.28054217844889157,-0.06766799866791003,-0.8524027513793213,-0.7995292832090279,0.3992138632102348,-1.0628562120703149,-0.577163812154434,-0.7967955607656267,0
-0.5329690983170624,1.4493970007261745,-1.723421586112596,0.3949059339688486,1.6928636942229802,-1.3349862780840314,-0.22860925653297448,0.3596600244226654,0
1.0867703041703685,-0.5536842456133831,-0.5475461592226748,-0.5480692374873697,-0.21210928317195968,0.4202526477044412,1.3050307882014496,-0.2127880448973405,0
1.3286794357106986,1.4146815545157831,0.9767368015605558,-0.4852042260569551,1.3724818752974677,0.6787762104174726,-0.9954292789001865,0.5879358054889259,0
0.006944035845414604,1.1334864402116178,-1.4185649939559501,-0.7052317660634061,-0.8684590635653069,-1.0900692186716865,1.4095971548878885,-1.5670611869135673,0
1.5986360027919382,-1.4215704008731587,-0.7653008679059937,-1.3653143860827588,-0.6641074168993043,0.13451607839003868,1.061042599266428,1.728140417837548,0
-0.1823761540557135,0.34544581123574175,-0.5475461592226748,1.4636111282858955,0.4598266397637101,0.20254859489346821,-0.29832016765726654,0.5642721081960725,1
1.1183236691538887,-1.3243671514840636,1.4557971606638573,-0.35947420319612594,0.4494358780688285,0.7876282368229588,0.25936712133707,0.17272443742223234,0
-1.6478546610681517,-0.945968787790802,1.4557971606638573,0.2063108996776048,-0.3956794064481991,0.5699241840119859,-1.4136947456459381,-0.9971649465751601,1
-0.206917660154008,0.807161245833941,0.14926890856394479,-1.491044408943588,1.2356701796481946,1.5087729117593085,0.5730662213963835,1.2469597540850637,0
0.24534723794313174,0.4981937745614637,0.14926890856394479,-0.3909067089113332,0.9897554862026661,1.6720509513675386,-0.2634647120951205,0.4976761465435619,1
1.6968020271851163,0.6474701932661447,-1.113708401799304,0.8035285082665432,-0.3160169001207742,-0.0831879744209343,-0.472597445467996,-1.5084368680088818,0
0.17873457853347377,0.3593319897198978,-0.72174992616933,0.6149334739752994,-0.8736544444127479,0.311400621298955,-0.19375380097082845,-0.9967782202803824,0
-0.5154394511039959,-0.15792815881492586,-0.19913862532936552,-0.13944666318967516,-1.199231644185701,-0.21925300742779277,0.6079216769585304,1.213774686045605,0
0.9325094086953758,-0.49119644243467947,1.7171028110838402,-1.5539094203740023,-1.0572245676889873,0.6787762104174726,0.6776325880828225,-0.3953651983274328,0
0.08758041302552375,-1.5396029179884878,-1.113708401799304,-1.3024493746523442,-0.7403063359951022,-0.0015489546168192053,1.4444526104500337,0.39536022478801375,0
-0.8940798309062521,-1.3521395084523757,0.6283292676672464,1.0549885539882011,-0.4043383745272671,0.46107215760649906,-1.0302847344623325,0.8696221575295492,1
-1.4164633178556627,0.21352711563625762,-0.3297914505393559,-1.7425044546652462,-1.3845335610777543,0.5563176807112997,-0.22860925653297448,-0.4691424132201936,0
-0.9817280669715893,0.3940474359302893,-0.15558768359270173,1.117853565418616,-1.3758745929986862,1.5768054282627375,-0.6817301788408722,-1.176546668138914,0
0.07706262469768288,0.2829580080570381,-0.3733423922760197,-1.3338818803675516,-0.06490682582780499,-0.5594155899449387,-1.274272923397354,1.4154199863459374,0
-0.1438109301869653,-0.5779850579606569,0.8896349180872282,-0.6423667546329914,-0.6242761637355919,-0.954004185664828,0.991331688142136,-1.582149158049235,0
1.5390352022675082,-0.2134728727515527,0.8025330346139006,-0.3280416974809186,-1.4936365588740097,0.7604152302215871,-1.6576829345809605,1.5450890307029108,1
0.7887663015482215,0.1440962232154747,-0.6346480426960024,0.7092309911209213,1.739622121849947,0.8828737599277601,-1.4485502012080842,0.02587571255418806,0
0.7291655010237916,1.6160311425360525,1.3251443354538661,-1.1767193517915153,-0.6727663849783724,-1.294166768181974,-1.6925383901431064,-0.6935593997976879,0
0.03849740082893471,1.043226280064602,-0.8088518096426576,-0.23374418033529706,-0.05451606413292373,-0.26007251732985065,1.5838744326986178,-0.2923012293593581,0
0.11212191912381828,0.5849823900874411,0.45412550072059127,1.4007461168554816,0.014755680499619594,-0.5458090866442531,0.7821989547692598,-0.89833520711195,0
-0.31910740231763973,-0.16139970343596674,0.105717966827281,1.620773656861932,0.4996578929274225,1.4679534018572507,-1.2394174678352088,0.9257341669280147,1
-0.48038015667786055,-0.012123284731285662,-1.4621159356926139,1.620773656861932,-0.10127449175989035,1.223036342444906,-0.6120192677165801,0.8971474721308391,1
-0.11576349464605801,1.619502687157091,1.0638386850338832,0.6149334739752994,1.0486364691403278,-1.2533472582799163,-0.7165856344030183,0.23883769691118864,0
1.0236635742033258,0.10938077700508322,0.23637079203727235,-1.6796394432348316,-0.21037748955614582,-1.185314741776487,1.6884407993850568,-1.4702723460717024,0
0.7326714304664069,-1.102188295737561,0.8460839763505644,-1.522476914658795,1.1057856584621761,-0.7907261460565979,-1.274272923397354,-0.5204019956060847,0
0.7607188660073142,1.6021449640518965,-1.6798706443759324,0.1748783939623975,-1.604471350286079,-0.4913830734415098,-0.4377419899058499,0.13695931220447627,1
1.0166517153180978,-0.88000943999106,-0.5039952174860111,-0.07658165175926057,-0.5515408318714212,1.563198924962052,1.5141635215743259,-0.8547282888511845,1
0.39960813341812446,0.9668522984017398,-0.5475461592226748,0.929258531127372,0.7299864438306289,0.9236932698298173,1.3747416993257415,1.2676736048228612,1
0.6415172649584544,1.6819904903357945,0.8025330346139006,-0.4852042260569551,-0.2657948852621805,-0.40974405363739463,-0.9257183677758944,0.7607375344021209,0
0.6169757588601599,-1.081359028011327,-0.9830555765893128,0.5520684625448847,0.1481037889172656,-0.8451521592593412,-0.8908629122137484,-0.06766406284761121,0
-1.749526614903945,-0.5397980671292271,0.8025330346139006,-0.6737992603481988,-0.01468481096921128,-1.212527748377859,-1.5182611123323762,-1.63766272967768,0
-0.5785461810710386,0.7793888888656288,1.2815933937172024,-0.7052317660634061,0.44770408445301496,-1.6207228473984339,-1.3091283789595,-1.546242891847983,1
1.4899521900709192,1.7271205704093038,-1.5056668774292776,-1.0195568232154788,-0.14803291938685698,-1.0764627153710007,1.1656089659528655,-0.05188732371248533,0
0.5012800872539154,-0.27596067593025636,1.3686952771905299,0.7406634968361285,-0.9740984741299353,-0.8723651658607129,-1.0651401900244786,-1.1037179206552428,0
0.25937095571358537,0.4634783283510722,1.4993481024005213,-0.6423667546329914,1.5006346028676725,-0.06958147112024875,-1.0302847344623325,-1.5984001308889053,0
-0.613605475497174,1.685462034956833,1.4993481024005213,0.583500968260092,-0.4822690872388782,-0.2736790206305362,0.36393348802350733,0.7872635708402625,0
-1.1745541863153328,1.5952018748098171,-1.1572593435359673,-0.5166367317721624,0.42865435467906565,0.6243501972147292,-0.2634647120951205,1.1474553607207454,1
1.605647861677164,1.5952018748098171,1.6300009276105125,-1.4596119032283805,1.2114250690268045,1.6312314414654807,0.25936712133707,-1.1669914235562697,0
-1.4795700478227054,1.6611612226095591,1.7171028110838402,-0.8309617889242351,-0.2779174405728756,-0.3008920272319079,0.921620777017844,-0.12631660994899546,0
0.382078486205058,0.6023401131926356,-0.06848580011937415,1.243583588279445,1.4919756347886048,-0.20564650412710722,-1.378839290083792,0.9143582036582786,0
1.419833601218651,1.0883563601381088,0.27992173377393614,-0.8938268003546497,0.18793504208097775,0.8284477467250166,-0.6817301788408722,-1.15290555340342,1
-0.8204553126113685,1.0987709940012265,1.4993481024005213,0.7092309911209213,1.7430857090815741,1.2502493490462776,-1.5182611123323762,1.670989610800555,1
0.5012800872539154,-1.574318364198878,-1.1572593435359673,-1.6796394432348316,0.07536845705309489,-1.0900692186716865,1.723296254947202,0.9644632527991766,1
-1.1570245391022638,1.4424539114840977,-0.6781989844326662,-1.2395843632219297,-0.5030506106286413,-0.7635131394552261,-0.7862965455273103,-1.6457472852123014,0
-0.28755403733411966,0.3940474359302893,-0.3733423922760197,-0.7995292832090279,1.2374019732640082,-0.35531804043465126,-0.15889834540868242,-1.371456720706842,0
1.251548987973202,0.39057589130925086,-1.5927687609026053,-0.3280416974809186,-1.133423486784785,-0.32810503383327955,-0.08918743428439033,1.0066898122413563,0
-1.3218032229050973,0.6335840147819862,0.32347267551059994,0.11201338253198288,0.8702617267115291,-0.7907261460565979,0.7473434992071145,0.5847177910652288,1
-0.8414908892670503,0.5016653191825021,1.542899044137185,0.48920345111447017,0.6416649694241363,1.6992639579689104,0.08508984352633907,1.5056090747995534,1
-0.12628128297389887,-0.6786598519707904,-0.6346480426960024,0.1748783939623975,-1.0052707592145798,-0.6682676163504255,0.5033553102720915,0.8094001226916948,0
0.7677307248925398,-0.39052164842454595,-0.19913862532936552,-1.6167744318044168,0.7628905225310868,0.9100867665291318,-0.8908629122137484,-0.5631846505232365,0
-0.7994197359556893,-0.15098506957284905,-0.7653008679059937,0.08058087681677559,0.3524554355832682,-0.8723651658607129,1.5490189771364726,1.2027967403493256,1
-0.15082278907219338,-0.20652978350947343,0.105717966827281,-0.10801415747446787,0.42519076744743856,0.7332022236202154,0.991331688142136,1.1378549510233822,0
0.024473683058481053,-0.8695948061279423,0.7589820928772378,0.2691759111080194,0.26067037394514814,1.4815599051579367,-0.054331978722244295,0.19968518808954033,0
-0.6416529110380813,1.1439010740747355,-0.8088518096426576,-1.7110719489500388,-0.6831571466732537,1.3182818655497066,-0.8211520010894563,1.2744737774076738,0
-0.32261333176025503,0.17881166942586615,0.018616083353953428,-1.2081518575067223,-0.88924058695507,-1.5935098407970623,0.5382107658342383,-0.862093025369979,1
0.5188097344669843,-0.6231151380341661,-1.0266065183259765,-0.2651766860505044,-0.6467894807411683,1.3318883688503926,1.6187298882607646,0.11558492166391938,1
1.219995622989682,-0.14057043570973138,1.1073896267705472,-1.2395843632219297,-1.443414544015416,1.6584444480668525,0.29422257689921527,-0.45440729454326484,0
-1.4199692472982754,-1.088302117253405,0.6283292676672464,-0.10801415747446787,-0.0458570960538557,1.522379415059994,0.8170544103314066,-1.5144212457090906,0
1.6652486622015936,1.4181530991368239,-0.9830555765893128,0.48920345111447017,-1.4936365588740097,1.1005778127387331,0.5382107658342383,1.4220677266685746,1
-1.1465067507744229,-1.2341069913370464,0.8025330346139006,1.6836386682923465,-0.6814253530574398,-0.954004185664828,0.921620777017844,0.9891996215665954,0
-0.9641984197585228,-1.6611069797248554,1.2815933937172024,-1.3024493746523442,1.6668867899857764,-0.13761398762367769,0.991331688142136,1.555189079481848,0
1.2585608468584302,0.4843075960773051,1.6300009276105125,1.1807185768490305,0.4026774504418619,0.9645127797318751,-0.8908629122137484,-1.6292902465367278,1
0.01746182417325547,-1.6368061673775818,-0.8959536931159852,1.243583588279445,1.3430413838286368,0.3658266345016978,-1.6576829345809605,-0.16961866368541076,0
-1.2376609162823755,-1.6020907211671915,0.45412550072059127,-0.9881243175002716,0.5585388758650843,0.3658266345016978,-1.6228274790188144,-1.4996296706387637,1
-1.2376609162823755,-0.7064322089391051,1.5864499858738488,0.8035285082665432,1.2114250690268045,-0.4777765701408236,-0.22860925653297448,-0.5811829487385811,0
1.1989600463340002,1.4355108222420183,0.7589820928772378,-1.0824218346458934,0.5152440354697447,1.604018434864109,1.3398862437635963,0.9548007410690755,0
-0.26651846067843793,0.8453482366653734,0.5412273841939189,0.14344588824719018,-0.9810256485931894,-0.7363001328538544,-1.0302847344623325,0.784658108284936,0
-0.1438109301869653,-0.14057043570973138,-0.3297914505393559,0.3949059339688486,1.313600892359806,-1.6479358539998057,1.7581517105093487,0.6737551690935218,1
0.8658967492857179,0.824518968939138,-0.7653008679059937,-0.925259306069857,-1.1888408824908197,-1.117282225273058,0.36393348802350733,0.044766021785224056,0
0.33650140345108176,-1.1646760989162648,0.8025330346139006,0.7406634968361285,-1.4243648142414667,1.563198924962052,-0.29832016765726654,-0.8663808884485718,0
0.813307807646516,-0.3523346575931161,-0.8959536931159852,1.4950436340011026,1.66861858360159,1.2638558523469632,0.36393348802350733,0.16009514221905624,0
-1.3428387995607791,0.22741329412041372,0.36702361724726373,0.3949059339688486,-0.004294049274329704,0.06648356188660974,0.08508984352633907,0.16231387847960546,0
-0.7924078770704612,0.9911531107490136,1.1944915102438747,1.4636111282858955,1.3343824157495687,0.03927055528523804,-0.507452901030142,0.3855650405334267,0
0.18574643741870184,-1.5257167395043305,1.3686952771905299,-1.271016868937137,1.739622121849947,0.8692672566270739,-0.7165856344030183,-0.2921854937528919,0
0.8448611726300386,-0.4703671747084466,-0.7653008679059937,1.6836386682923465,1.246060941343076,0.7468087269209016,1.6884407993850568,-0.4713188071856941,0
-1.2376609162823755,-1.6020907211671915,0.45412550072059127,-0.9881243175002716,0.5585388758650843,0.3658266345016978,-1.6228274790188144,-1.4996296706387637,1
1.3847743067925156,-1.0848305726323653,-0.72174992616933,-0.35947420319612594,-1.0191251081410886,-1.4846578143915758,0.11994529908848588,-0.819618057796847,0
1.4829403311856937,1.7514213827565774,0.45412550072059127,1.6836386682923465,-1.0849332655420045,0.5699241840119859,-0.7165856344030183,-1.6341342050902927,0
-1.0308110791681784,-0.3245623006248039,0.062167025090617216,0.7406634968361285,-1.5559811290432985,0.13451607839003868,-0.472597445467996,-0.2742464747506154,0
1.3286794357106986,1.4146815545157831,0.9767368015605558,-0.4852042260569551,1.3724818752974677,0.6787762104174726,-0.9954292789001865,0.5879358054889259,0
1.0727465863999148,0.12326695548923933,1.0202877432972195,-0.23374418033529706,0.9135565671068686,1.522379415059994,-1.0302847344623325,0.9973829757896641,0
-1.4059455295278218,0.45653523910899296,-0.9830555765893128,0.9921235425577866,0.2745247228716568,-0.0015489546168192053,0.2245116657749232,-1.022310624194716,1
0.4136318511885781,1.2515189573269458,0.14926890856394479,-0.8309617889242351,-0.2917717894993839,-0.7090871262524827,-1.6576829345809605,0.9214293669314023,1
-1.735502897133489,0.5294376761508143,-1.5492178191659414,-1.7425044546652462,-0.7212566062211523,-0.9267911790634563,0.991331688142136,-1.414267603820693,0
1.1218295985965039,-0.3627492914562338,-1.1572593435359673,1.337881105425067,-1.1749865335643108,0.44746565430581287,1.3747416993257415,-0.894456652885494,0
0.5503630994505043,1.5292425270100751,0.23637079203727235,0.1748783939623975,-0.2813810278045027,0.09369656848798143,-0.4377419899058499,1.5644507508188217,0
-0.7678663709721667,-0.026009463215441755,0.14926890856394479,0.8349610139817505,0.4650220206111507,0.7876282368229588,-0.6468747232787261,1.4806101838028325,0
0.23833537905790367,0.30725882040431185,1.4557971606638573,-1.050989328930686,-0.383556851137504,1.1822168325428482,-1.3439838345216462,-0.1845852535752723,0
-0.455838650579566,0.8835352274968032,1.1944915102438747,-1.3967468917979662,-1.587153414127943,1.2910688589483348,1.723296254947202,-1.6107414984857507,0
-1.304273575692031,0.8627059597705679,-0.41689333401268347,0.8035285082665432,0.5550752886334572,-0.32810503383327955,0.25936712133707,1.2575650875849145,0
0.7291655010237916,1.6160311425360525,1.3251443354538661,-1.1767193517915153,-0.6727663849783724,-1.294166768181974,-1.6925383901431064,-0.6935593997976879,0
-1.4234751767408906,1.0223970123383666,-0.15558768359270173,-0.7366642717786134,0.1446402016856382,0.8556607533263884,1.2353198770771574,-1.1893989660960134,0
0.855378960957877,-1.6749931582090116,-0.02493485838271036,1.52647613971631,0.43558152914231985,1.5904119315634235,-1.4485502012080842,-0.20198793684026603,1
0.6835884182698179,-0.9633265108959965,-0.72174992616933,0.6463659796905067,-0.4909280553179462,-1.525477324293633,-0.6468747232787261,-0.6684447731945009,1
0.6765765593845897,0.8870067721178416,-0.8959536931159852,-1.1767193517915153,-0.9325354273504096,0.2569746080962116,1.5141635215743259,-0.2974754578143026,0
0.5293275227948226,-0.026009463215441755,0.19281985030060858,-0.5795017432025771,1.1092492456938032,0.311400621298955,0.18965621021277795,1.1277294968674159,0
1.0797584452851405,-1.6472208012406995,1.7171028110838402,1.4321786225706887,1.1733256094789057,1.223036342444906,-1.6228274790188144,0.4061377502877292,0
-1.395427741199981,0.8939498613599185,0.018616083353953428,0.8978260254121647,0.17408069315446908,1.6856574546682241,0.36393348802350733,-0.05979968724724251,0
0.4942682283686897,0.5780393008453618,1.3251443354538661,-1.522476914658795,1.5629791730369618,-0.314498530532594,-1.4485502012080842,-1.4169492825071073,1
-1.7390088265761041,-1.1993915451266561,1.2380424519805384,-0.7680967774938207,-0.18093699808731525,-0.45056356353945193,0.6427771325206757,0.8106647459038142,1
0.1962642257465427,-0.32803384524584234,0.5412273841939189,1.2121510825642376,1.2270112115691267,0.7059892170188438,-0.3331756232194126,-1.3263734677587136,0
1.0797584452851405,-1.6472208012406995,1.7171028110838402,1.4321786225706887,1.1733256094789057,1.223036342444906,-1.6228274790188144,0.4061377502877292,0
0.8378493137448105,-0.8591801722648246,-0.02493485838271036,0.017715865386361333,0.34552826112001367,1.2774623556476494,-0.01947652316009826,0.9401023190478557,1
-1.0763881619221547,-1.5257167395043305,1.2815933937172024,0.3949059339688486,0.30916059518792866,-0.7363001328538544,-0.4377419899058499,1.3067357834150723,1
0.20678201407438357,1.376494563684353,1.2815933937172024,-1.7110719489500388,-0.2969671703468249,1.604018434864109,-1.6228274790188144,0.6485304525232087,1
0.9360153381379887,-0.34886311297207767,-1.0701574600626402,-0.6737992603481988,-1.360288450456364,-1.0628562120703149,1.7581517105093487,1.305646175022487,0
-0.27002439012105073,0.4530636944879545,-1.6798706443759324,0.3006084168232267,-0.18440058531894235,0.06648356188660974,-1.5879720234566683,-1.2620216477437811,0
-0.9466687725454539,-1.3833834100417275,-1.0701574600626402,-1.1767193517915153,0.4096046249051164,-0.09679447772162045,-1.4834056567702303,0.509461418665435,0
1.4233395306612637,-1.1369037419479526,1.542899044137185,-0.17087916890488247,-1.5646400971223666,0.17533558829209653,-0.40288653434370386,0.8718211340524086,0
-1.5742301427732706,-0.6196435934131277,-1.1572593435359673,0.3634734282536413,0.2745247228716568,0.529104674109928,0.18965621021277795,-0.5452428087012904,1
-1.7074554615925817,0.7620311657604344,1.1073896267705472,1.023556048272994,1.5924196645057922,-1.035643205468943,1.5838744326986178,1.1700350952603533,1
0.39960813341812446,0.9668522984017398,-0.5475461592226748,0.929258531127372,0.7299864438306289,0.9236932698298173,1.3747416993257415,1.2676736048228612,1
-1.1745541863153328,1.5952018748098171,-1.1572593435359673,-0.5166367317721624,0.42865435467906565,0.6243501972147292,-0.2634647120951205,1.1474553607207454,1
0.18224050797608904,-0.9806842340011934,0.6718802094039102,1.2750160939946522,-0.6190807828881509,-0.681874119651111,0.43364439914779945,-0.2616058882687597,0
-0.08771605910515069,1.3452506620950027,0.8896349180872282,1.4321786225706887,-0.22250004486684094,-0.6002350998469965,0.25936712133707,1.0015296978847612,0
0.18925236686131464,0.20658402639417833,0.5412273841939189,0.929258531127372,0.7715494906101549,0.8148412434243305,0.8519098658935519,0.21033004106477024,0
0.7572129365647015,-0.29331839903545087,1.150940568507211,-0.07658165175926057,1.2980147498174834,0.16172908499141037,0.6427771325206757,-1.648067642980967,1
1.3181616473828577,1.6958766688199507,-1.0701574600626402,-1.271016868937137,0.07190486982146779,-1.4166252978881466,0.6079216769585304,-1.5782141474293807,1
-0.9256331958897747,-0.810578547570277,-0.19913862532936552,-1.7739369603804533,-1.3914607355410085,0.5835306873126713,-1.4834056567702303,0.43268636928323007,0
1.4899521900709192,1.7271205704093038,-1.5056668774292776,-1.0195568232154788,-0.14803291938685698,-1.0764627153710007,1.1656089659528655,-0.05188732371248533,0
0.9780864914493496,-1.4215704008731587,-0.02493485838271036,0.4577709453992632,-0.09261552368082232,-0.7907261460565979,-0.6120192677165801,1.2717666933442302,0
-1.164036397987492,0.6023401131926356,1.1073896267705472,-1.4596119032283805,1.0399775010612597,-0.7499066361545406,-0.577163812154434,1.6858094140675812,1
0.1927582963039299,-0.2377736850988265,1.4122462189271936,-0.13944666318967516,0.33340570580931855,-1.3213797747833456,1.6187298882607646,-0.24689335214919014,0
-0.7713723004147796,0.21699866025729603,-1.3750140522192862,0.8035285082665432,0.15156737614889268,-1.5799033374963765,1.2701753326393044,1.5606653496414729,0
-0.1753642951704879,-1.4285134901152368,0.933185859823892,-1.2395843632219297,1.5664427602685889,1.6312314414654807,0.921620777017844,-0.708844968310249,0
1.065734727514687,-0.29331839903545087,1.542899044137185,0.14344588824719018,-0.9758302677457491,-0.12400748432299215,0.7821989547692598,-1.2961354234546403,0
-0.8940798309062521,-0.9112533415804105,-0.6781989844326662,-0.8938268003546497,-1.6113985247493332,1.1958233358435342,-1.1697065567109166,0.21680841220721278,0
-0.8064315948409149,1.730592115030342,-0.72174992616933,1.023556048272994,0.02514644219450117,0.9372997731305034,0.11994529908848588,-0.6544718158284477,1
-1.6478546610681517,-0.945968787790802,1.4557971606638573,0.2063108996776048,-0.3956794064481991,0.5699241840119859,-1.4136947456459381,-0.9971649465751601,1
1.5495529905953491,1.7583644719986544,0.45412550072059127,-0.7052317660634061,-1.0658835357680554,-1.6343293506991199,1.2353198770771574,1.7008550429081999,0
1.0341813625311667,0.43917751600379845,1.4557971606638573,1.4321786225706887,0.78367204592085,-0.46417006684013806,0.7821989547692598,0.7078124884109828,0
-1.2762261401511237,-0.5502127009923448,0.23637079203727235,-0.6109342489177844,0.41999538659999763,0.9372997731305034,1.3050307882014496,-1.288352909624699,0
1.2795964235141095,-1.081359028011327,-0.3733423922760197,-1.2081518575067223,-0.7853329700062549,0.8828737599277601,-1.0651401900244786,1.4225024408977405,0
-1.1184593152335156,1.1682018864220094,0.41057455898392753,1.0864210597034085,-1.2304039292703455,-1.607116344097748,1.1656089659528655,0.6766513820748493,1
0.7887663015482215,-1.0258143140747014,-1.0701574600626402,0.3949059339688486,1.1663984350156513,1.0053322896339323,-0.3680310787815586,-1.4652082075838841,0
-0.3752022733994569,-0.8487655384017069,1.2815933937172024,0.3949059339688486,-1.2321357228861594,-0.7226936295531688,0.7473434992071145,-0.25258133378405817,0
-0.8555146070375039,0.18575475866794297,-0.02493485838271036,-1.1138543403611005,-0.0008304620427026151,-1.185314741776487,-1.6228274790188144,-1.4867152706489266,0
-0.3120955434324142,0.5016653191825021,-0.5475461592226748,-1.271016868937137,-0.5307593084816586,0.18894209159278208,1.6884407993850568,-0.4737069126264377,0
-1.1394948918891974,0.605811657813674,0.41057455898392753,1.4636111282858955,1.275501432811907,-0.46417006684013806,0.08508984352633907,0.33578461565456885,1
1.4128217423334228,0.4773645068352283,0.8460839763505644,-1.522476914658795,-0.88924058695507,-0.12400748432299215,1.061042599266428,1.4584143527383324,0
-0.29456589621934526,-1.508359016399136,0.6718802094039102,0.6463659796905067,1.0399775010612597,-0.5730220932456248,-0.6468747232787261,-1.2064629110006178,0
1.0026279975476442,1.2619335911900635,-1.5056668774292776,-1.050989328930686,0.13944482083819756,0.24336810479552545,-1.0999956455866247,0.06048348170728157,1
1.402303954005582,-0.20305823888843502,0.018616083353953428,-1.7110719489500388,0.21391194631818153,-0.9676106889655142,-0.6468747232787261,1.279535093075822,0
-0.8169493831687558,-0.3523346575931161,-1.3314631104826224,1.243583588279445,-0.5134413723235226,1.3318883688503926,-1.6925383901431064,0.9032560538965236,0
0.6800824888272026,-0.4391232731190935,0.23637079203727235,-1.1767193517915153,-0.6467894807411683,1.6584444480668525,-0.7514410899651642,-0.8688988435941313,1
0.5047860166965281,1.6750474010937153,0.45412550072059127,1.3064485997098596,-0.41992451706958933,-0.9267911790634563,1.5838744326986178,1.0811473266745657,1
-1.3218032229050973,0.6335840147819862,0.32347267551059994,0.11201338253198288,0.8702617267115291,-0.7907261460565979,0.7473434992071145,0.5847177910652288,1
-0.7187833587755776,-1.5430744626095263,1.1073896267705472,1.0549885539882011,0.8390894416268844,-1.525477324293633,-1.3439838345216462,-0.6079630389470148,0
0.6870943477124306,1.688933579577874,1.2380424519805384,1.2121510825642376,1.3863362242239765,0.6787762104174726,-0.507452901030142,-0.09573418164519329,0
-1.3393328701181664,-1.5326598287464086,-1.0266065183259765,0.1748783939623975,-1.2581126271233627,1.4135273886545072,-1.2045620122730627,1.6076794112438193,0
0.4381733572868726,0.039949884584302764,0.5847783259305827,-1.7739369603804533,-1.0970558208526997,0.13451607839003868,0.9564762325799891,-1.5583866620679347,0
-1.5286530600192945,-0.41829400539285816,-1.6798706443759324,-0.8309617889242351,-1.2667715952024308,-0.885971669161399,-1.1697065567109166,0.5991932103325261,1
1.3181616473828577,1.7687791058617721,-0.5039952174860111,1.5579086454315174,1.7430857090815741,1.0733648061373613,1.6187298882607646,0.08086706254369956,0
0.1612049313204073,-1.3451964192102976,-0.02493485838271036,0.8035285082665432,1.590687870889979,0.7740217335222732,0.6079216769585304,-0.682078992200165,1
1.5179996256118267,-1.0570582156640531,-1.4621159356926139,-1.4596119032283805,1.739622121849947,0.32500712459964054,-1.5182611123323762,-1.4068887532035488,0
0.4486911456147135,-0.012123284731285662,1.1073896267705472,-0.7366642717786134,1.5958832517374197,0.025664051984551888,0.43364439914779945,0.24811630516618166,0
0.2839124618118799,-0.8730663507489806,-0.2426895670660293,-0.8309617889242351,-1.3360433398349738,-0.028761961218190902,-0.9605738233380404,-1.1495435751765575,0
1.1288414574817296,-0.6613021288655959,1.760653752820504,0.2691759111080194,0.170617105922842,1.5904119315634235,1.4793080660121805,1.7187714793531175,1
0.7046239949254971,0.6092832024347149,-0.02493485838271036,-1.145286846076308,0.6485921438873905,0.2841876146975833,-0.472597445467996,-0.41732673535933035,1
1.5881182144640973,1.050169369306679,0.062167025090617216,-0.3909067089113332,0.14637199530145176,-0.2464660140291645,1.2004644215150122,0.9749951929876096,1
0.26287688515619817,0.7238441749290045,-1.6798706443759324,0.04914837110156863,-0.2328908065617222,-0.46417006684013806,0.2245116657749232,1.0791148965122304,0
1.2866082823993374,-1.6159768996513477,-0.5475461592226748,1.5893411511467246,-0.627739750967219,-1.117282225273058,0.8170544103314066,-0.2209262340056905,0
-1.0904118796926083,1.0848848155170703,-1.4621159356926139,0.6463659796905067,0.7057413332092386,0.35222013120101225,1.4444526104500337,1.4072451005818785,1
0.9325094086953758,-0.49119644243467947,1.7171028110838402,-1.5539094203740023,-1.0572245676889873,0.6787762104174726,0.6776325880828225,-0.3953651983274328,0
1.1358533163669575,-0.5883996918237746,-0.3733423922760197,-0.9566918117850643,1.6894001069913531,0.24336810479552545,-0.6468747232787261,-0.13155858607601775,0
1.7038138860703418,1.477169357694489,-0.9830555765893128,0.6463659796905067,0.7802084586892226,-0.681874119651111,-0.8908629122137484,-1.361720815665323,0
-0.5329690983170624,1.4493970007261745,-1.723421586112596,0.3949059339688486,1.6928636942229802,-1.3349862780840314,-0.22860925653297448,0.3596600244226654,0
-0.06317455300685616,1.4493970007261745,1.5864499858738488,-1.0195568232154788,-1.3828017674619404,0.6243501972147292,0.6427771325206757,0.28495692467817374,0
1.1393592458095705,0.8731205936336855,1.542899044137185,-1.271016868937137,-0.17747341085568816,1.563198924962052,0.050234387964193813,-1.0534604392521698,0
-1.0658703735943138,-0.30026148827753013,-0.06848580011937415,-0.7366642717786134,1.093663103151481,-0.15122049092436385,-0.15889834540868242,-0.041434422474809884,0
-0.27002439012105073,0.4530636944879545,-1.6798706443759324,0.3006084168232267,-0.18440058531894235,0.06648356188660974,-1.5879720234566683,-1.2620216477437811,0
-1.7530325443465578,-0.9286110646856075,0.8460839763505644,0.14344588824719018,1.367286494450027,-0.2736790206305362,-0.6120192677165801,-0.915664497065526,1
-0.4873920155630886,-0.47383871932948496,0.062167025090617216,-0.3280416974809186,1.2841604008909748,1.644837944766167,0.5382107658342383,-0.7735411723249103,0
0.024473683058481053,-0.8695948061279423,0.7589820928772378,0.2691759111080194,0.26067037394514814,1.4815599051579367,-0.054331978722244295,0.19968518808954033,0
0.027979612501093844,0.11285232162612163,-1.0701574600626402,1.149286071133823,1.4694623177830282,-1.47105131109089,0.29422257689921527,1.383553175092326,0
0.813307807646516,-0.3523346575931161,-0.8959536931159852,1.4950436340011026,1.66861858360159,1.2638558523469632,0.36393348802350733,0.16009514221905624,0
-0.3611785556290032,-0.5154972547819533,-0.3297914505393559,0.6463659796905067,-0.9654395060508673,-0.042368464518877054,1.4095971548878885,-0.7023948253645051,0
-0.4944038744483142,1.3834376529264325,1.2815933937172024,-0.04514914604405327,-0.972366680514122,-1.4302318011888324,1.7930071660714941,0.07337812195942935,0
0.5959401822044806,-0.6578305842445575,-0.8524027513793213,0.7720960025513358,1.6928636942229802,-1.2397407549792305,1.723296254947202,1.5374363665777857,1
-0.41376749726820505,-1.268822437547438,0.6718802094039102,0.7406634968361285,0.8564073777850204,-0.8451521592593412,-1.0651401900244786,1.4320379257426956,0
0.5398453111226635,1.1126571724853824,0.49767644245725506,1.5579086454315174,0.016487474115433137,-0.17843349752573553,-0.3331756232194126,-1.291833446277698,0
0.40311406286073725,1.070998637032914,0.715431151140574,1.243583588279445,-0.2813810278045027,-0.5185960800428815,1.4793080660121805,-0.5158770156752192,0
-1.3077795051346437,-0.05378182018375394,-0.41689333401268347,0.3949059339688486,-1.3256525781400925,0.8556607533263884,-0.542308356592288,1.3350514875239368,0
1.59162414390671,0.637055559403027,0.27992173377393614,0.3006084168232267,-1.3620202440721778,1.2910688589483348,-0.40288653434370386,1.3308003211010528,0
-1.5181352716914536,-0.9841557786222318,0.8460839763505644,1.52647613971631,1.5266115071048763,-0.3961375503367085,-0.6120192677165801,-1.5524192212857455,0
1.5320233433822803,-1.5812614534409561,-1.4621159356926139,0.7720960025513358,-1.3620202440721778,-0.0831879744209343,0.6079216769585304,0.0052747746031869035,1
0.7922722309908343,-1.5951476319251134,-0.06848580011937415,0.23774340539281208,1.4642669369355874,0.3930396411030695,1.0261871437042813,0.5016619679174746,0
-1.6233131549698596,0.9668522984017398,1.3251443354538661,-1.7739369603804533,-1.4087786716991446,-0.6682676163504255,0.46849985470994626,-0.9838779343888947,0
-1.7319969676908762,-0.1995866942673966,0.19281985030060858,0.9921235425577866,-1.6824020629976901,0.5154981708092424,-1.274272923397354,-0.4092901677590975,1
1.640707156103299,-1.546546007230566,0.9767368015605558,1.117853565418616,-0.9082903167290194,1.3454948721510782,0.39878894358565414,0.5902392263395726,0
0.45219707505732626,0.8870067721178416,-1.2008102852726312,0.7406634968361285,-0.461487563849115,-1.0764627153710007,0.08508984352633907,-0.5673172585199845,1
-0.6171114049397868,-0.7828061906019648,0.45412550072059127,0.2063108996776048,-0.5203685467867768,1.454346898556565,0.6776325880828225,-0.4373631093763498,0
-1.1394948918891974,1.091827904759147,-0.72174992616933,-0.7680967774938207,-0.023343779048279,1.6176249381647954,1.2701753326393044,0.8519315466582248,0
0.6590469121715233,0.6544132825082216,-0.41689333401268347,1.243583588279445,-1.519613463111214,1.3182818655497066,-1.1697065567109166,-0.362671300910538,0
0.6870943477124306,1.688933579577874,1.2380424519805384,1.2121510825642376,1.3863362242239765,0.6787762104174726,-0.507452901030142,-0.09573418164519329,0
1.503975907841373,1.477169357694489,-1.723421586112596,-1.4281793975131734,-1.1732547399484976,0.22976160149483993,1.4793080660121805,0.8847411796815856,1
-0.1753642951704879,-1.4285134901152368,0.933185859823892,-1.2395843632219297,1.5664427602685889,1.6312314414654807,0.921620777017844,-0.708844968310249,0
-0.2139295190392361,1.5466002501152696,0.8460839763505644,-0.7366642717786134,0.5031214801590497,1.4951664084586223,0.2245116657749232,1.2711005079021318,0
-0.1718583657278751,1.633388865641247,0.41057455898392753,-0.4852042260569551,-1.2546490398917356,-0.32810503383327955,-0.7165856344030183,-0.530679882024226,0
-1.4515226122817981,-0.6300582272762428,1.3251443354538661,-0.10801415747446787,1.085004135072413,-1.0628562120703149,-0.7862965455273103,-0.2967358790607863,0
-0.206917660154008,-0.29331839903545087,-0.6781989844326662,0.9921235425577866,-0.43724245322772537,-1.1581017351751157,1.3747416993257415,-1.5769721067746205,1
0.33650140345108176,1.5813156963256612,0.018616083353953428,0.23774340539281208,0.4598266397637101,-0.7226936295531688,1.5141635215743259,-0.5723757513684627,1
0.0700507658124573,1.213331966495516,-0.7653008679059937,-0.35947420319612594,0.7195956821357473,-0.2872855239312223,-1.6228274790188144,-1.5539124928911279,0
1.6652486622015936,1.4181530991368239,-0.9830555765893128,0.48920345111447017,-1.4936365588740097,1.1005778127387331,0.5382107658342383,1.4220677266685746,1
-0.7363130059886466,0.7898035227287465,1.0638386850338832,-0.5480692374873697,-1.112641963395022,1.6992639579689104,-1.0999956455866247,-0.3873286307271997,0
-1.0413288674960193,-1.1299606527058745,-0.11203674185603793,0.2691759111080194,-0.8615318891020527,-1.0764627153710007,0.36393348802350733,0.5799613399214308,1
1.0026279975476442,1.2619335911900635,-1.5056668774292776,-1.050989328930686,0.13944482083819756,0.24336810479552545,-1.0999956455866247,0.06048348170728157,1
-0.18938801294094157,-0.33844847910896,0.49767644245725506,-0.7995292832090279,0.44770408445301496,0.5699241840119859,-1.5182611123323762,0.9791644976400664,0
-1.6233131549698596,0.9668522984017398,1.3251443354538661,-1.7739369603804533,-1.4087786716991446,-0.6682676163504255,0.46849985470994626,-0.9838779343888947,0
0.7887663015482215,-1.3903264992838067,-0.8959536931159852,-0.20231167462008978,-1.439950956783789,-0.12400748432299215,-0.3680310787815586,1.2961106901775317,0
-0.18938801294094157,1.0154539230962873,-1.0266065183259765,0.929258531127372,-0.019880191816651915,-0.5730220932456248,-0.054331978722244295,-0.47599621937873443,0
0.14718121354995364,1.5778441517046227,-0.3297914505393559,0.7406634968361285,-0.6242761637355919,0.311400621298955,-1.3439838345216462,-1.289019095066798,0
1.3076438590550192,-0.33844847910896,-0.9830555765893128,0.9921235425577866,0.6382013821925089,-1.6751488606011773,-0.22860925653297448,0.5789959355943216,0
0.0735566952550701,-0.7029606643180643,1.542899044137185,0.3949059339688486,-0.6260079573514058,0.4882851642078707,-0.9954292789001865,-1.1425034629198028,0
1.0026279975476442,1.2619335911900635,-1.5056668774292776,-1.050989328930686,0.13944482083819756,0.24336810479552545,-1.0999956455866247,0.06048348170728157,1
0.6204816883027752,0.3419742666147033,0.9767368015605558,-1.050989328930686,0.12732226552750245,-0.6138416031476821,-0.6817301788408722,0.6721828585373822,0
-1.2201312690693065,-0.3453915683510368,0.23637079203727235,0.1748783939623975,-0.4874644680863191,0.7059892170188438,0.6079216769585304,0.12426791496856181,0
-1.0834000208073802,-0.38357855918246914,0.41057455898392753,1.620773656861932,1.7188405984601838,1.454346898556565,0.15480075465063114,-1.2607005681382635,1
-0.4348030739238868,1.7687791058617721,-0.11203674185603793,-0.04514914604405327,0.0338054102735692,0.8148412434243305,-1.1697065567109166,-1.0607546052792167,1
1.4899521900709192,1.7271205704093038,-1.5056668774292776,-1.0195568232154788,-0.14803291938685698,-1.0764627153710007,1.1656089659528655,-0.05188732371248533,0
-0.4348030739238868,1.7687791058617721,-0.11203674185603793,-0.04514914604405327,0.0338054102735692,0.8148412434243305,-1.1697065567109166,-1.0607546052792167,1
-0.6065936166119459,-0.9633265108959965,1.4993481024005213,0.3006084168232267,1.1456169116258885,-0.40974405363739463,1.0261871437042813,-1.0957067584320392,0
-1.255190563495442,-1.0605297602850916,-0.02493485838271036,-0.5480692374873697,-0.06317503221199144,-0.4777765701408236,-0.507452901030142,0.40301006609346923,0
1.5215055550544418,0.8349336028022557,-1.4185649939559501,0.04914837110156863,-0.5827131169560662,0.43385915100512734,0.6776325880828225,0.3543700603612541,0
-1.7635503326743986,-0.3523346575931161,-0.5039952174860111,0.4263384396840559,-1.5594447162749256,1.3318883688503926,-1.6228274790188144,-1.4133981753623608,0
-0.22094137792446417,-0.2724891313092179,0.6718802094039102,-1.0195568232154788,0.040732584736823375,-1.5118708209929475,0.29422257689921527,0.06347284773771603,1
1.0937821630555942,0.2829580080570381,1.5864499858738488,-0.6423667546329914,1.0053416287449883,-1.47105131109089,-0.4377419899058499,0.4675933573213339,0
-1.703949532149969,0.005234438373911303,0.36702361724726373,1.5893411511467246,-0.6900843211365079,0.6787762104174726,-0.9954292789001865,-0.1453339460651776,0
-1.3393328701181664,0.2725433741939204,1.7171028110838402,-0.35947420319612594,0.1359812336065705,0.025664051984551888,-1.5531165678945222,-1.3016822641060128,1
-1.2271431279545346,0.5294376761508143,-1.5492178191659414,-0.7680967774938207,-0.08742014283338169,0.33861362790032673,-0.9954292789001865,-1.4138978144439347,0
0.0735566952550701,0.012177527615988115,-0.46044427574934726,1.0549885539882011,-0.32294407458402896,-0.7907261460565979,0.3290780324613621,1.2964494285379211,0
0.382078486205058,0.6023401131926356,-0.06848580011937415,1.243583588279445,1.4919756347886048,-0.20564650412710722,-1.378839290083792,0.9143582036582786,0
1.6161656500050046,1.7132343919251476,-0.8959536931159852,0.929258531127372,-0.20518210870870487,0.9236932698298173,0.18965621021277795,1.179296766597327,1
0.08407448358291096,-0.796692369086121,1.3251443354538661,0.4577709453992632,-1.2892849122080072,0.21615509819415377,-0.6817301788408722,-1.2635657301032217,0
-1.255190563495442,-1.0605297602850916,-0.02493485838271036,-0.5480692374873697,-0.06317503221199144,-0.4777765701408236,-0.507452901030142,0.40301006609346923,0
-0.9151154075619339,-0.9494403324118403,-1.5492178191659414,-1.5539094203740023,-0.1601554746975521,-1.457444807790204,1.2701753326393044,0.0799496461509789,0
-0.16134057740003424,0.28990109729911734,1.4993481024005213,0.7720960025513358,1.1369579435468204,-1.3894122912867748,-0.7862965455273103,0.5921502752561012,0
-1.1394948918891974,0.605811657813674,0.41057455898392753,1.4636111282858955,1.275501432811907,-0.46417006684013806,0.08508984352633907,0.33578461565456885,1
-0.28054217844889157,-0.06766799866791003,-0.8524027513793213,-0.7995292832090279,0.3992138632102348,-1.0628562120703149,-0.577163812154434,-0.7967955607656267,0
0.45219707505732626,-0.3523346575931161,-1.1572593435359673,1.2121510825642376,-1.129959899553158,-1.6479358539998057,1.4793080660121805,-1.6151309830724605,0
-0.2980718256619605,-0.31761921138272464,-1.5927687609026053,1.2750160939946522,0.8494802033217659,0.311400621298955,0.8867653214556986,0.27535651498081065,0
-1.1570245391022638,0.3732181682040539,-0.5039952174860111,1.5893411511467246,1.0295867393663785,-1.6887553639018633,-0.40288653434370386,0.7545922559807273,0
-1.59526571942895,-1.1959200005056165,-1.113708401799304,-0.3909067089113332,1.6287873304378777,-0.8315456559586557,1.4095971548878885,-1.6417106530843306,0
-0.7748782298573947,-0.27596067593025636,-1.636319702639269,-1.3024493746523442,1.1282989754677524,1.032545296235304,1.4793080660121805,1.0954674908600177,0
0.16821679020563537,-1.2202208128528904,-0.9830555765893128,-1.050989328930686,0.20005759739167286,-0.46417006684013806,-1.4834056567702303,-0.2287482673110104,0
1.3567268712516058,1.3244213943687673,-0.46044427574934726,-0.2651766860505044,-0.0839565556017546,1.4407403952558788,-1.6576829345809605,-0.8519054691812747,0
-0.27703624900627877,-0.27943222055129474,-0.3297914505393559,1.0864210597034085,-1.2840895313605662,-1.4982643176922616,-0.6120192677165801,-1.0850703739158192,1
-0.3050836845471861,-0.4877248978136411,1.0638386850338832,-1.3024493746523442,-0.6883525275206945,0.6379567005154148,0.015378932402047775,-0.5836613844087618,1
0.056027048042003647,0.8835352274968032,-1.636319702639269,-1.7739369603804533,0.2398888505553853,0.9781192830325607,0.8867653214556986,1.0787309930371225,1
0.2874183912544927,0.5502669438770497,-1.5927687609026053,-1.522476914658795,0.539489146091135,-1.0628562120703149,0.9564762325799891,1.1182645825142088,1
1.3076438590550192,-0.5085541655398764,0.36702361724726373,-1.6167744318044168,0.3005016271088606,0.18894209159278208,0.7473434992071145,-0.5975186061683487,0
-1.5391708483471351,0.6301124701609477,-0.8088518096426576,-0.9566918117850643,0.4373133227581337,-1.1717082384758015,-1.1348511011487707,-1.0709506299269305,0
-0.8905739014636394,-0.48425335319260265,-0.6346480426960024,0.8035285082665432,-0.5515408318714212,0.43385915100512734,1.7581517105093487,0.2989976297163047,0
0.6029520410897062,-0.9841557786222318,1.3686952771905299,1.4636111282858955,1.5595155858053347,-1.47105131109089,-0.542308356592288,1.1694761769657114,1
1.0762525158425278,1.5639579732204665,0.6718802094039102,1.149286071133823,0.9897554862026661,1.141397322640791,1.3050307882014496,-1.4693944491543602,1
0.7361773599090197,0.6509417378871831,-1.723421586112596,-1.7425044546652462,-1.6321800481390965,-0.4777765701408236,1.3050307882014496,0.9315971633824173,0
-1.7249851088056505,0.28990109729911734,-1.5056668774292776,0.7092309911209213,0.6953505715143571,-1.0628562120703149,1.7581517105093487,0.5826938293619035,0
-1.0904118796926083,1.6646327672306,-1.113708401799304,0.7406634968361285,0.037268997505196286,-0.6682676163504255,-1.4485502012080842,-0.3249979495959226,0
-1.3077795051346437,0.3940474359302893,-0.02493485838271036,-0.5795017432025771,1.2703060519644664,1.5768054282627375,1.0958980548285733,0.409513842612941,1
-0.655676628808535,-1.6645785243458953,1.760653752820504,1.6836386682923465,-0.7836011763904417,-0.1648269942250494,0.3290780324613621,-0.574862655497653,0
-0.04213897635117444,1.3174783051266903,0.7589820928772378,1.6522061625771391,-0.2831128214203165,0.4066461444037556,0.6427771325206757,-1.1391753585289792,0
-1.644348731625539,-1.1646760989162648,-0.8088518096426576,0.23774340539281208,0.7802084586892226,-0.7907261460565979,1.0261871437042813,1.2013683935963515,1
0.5994461116470934,-0.7758631013598856,-0.5910971009593387,0.7092309911209213,0.4182635929841841,0.311400621298955,0.39878894358565414,1.3371544881780197,0
-1.164036397987492,0.6023401131926356,1.1073896267705472,-1.4596119032283805,1.0399775010612597,-0.7499066361545406,-0.577163812154434,1.6858094140675812,1
1.1428651752521832,-0.7619769228757295,-0.9830555765893128,0.8349610139817505,-1.3879971483093814,-0.5185960800428815,0.6776325880828225,-0.19136284360272565,0
0.7361773599090197,0.6509417378871831,-1.723421586112596,-1.7425044546652462,-1.6321800481390965,-0.4777765701408236,1.3050307882014496,0.9315971633824173,0
0.33299547400846896,-0.5224403440240325,0.49767644245725506,-1.3653143860827588,1.2789650200435343,0.9917257863332468,0.3290780324613621,0.20338590467679218,1
-0.7713723004147796,0.5884539347084795,0.36702361724726373,0.017715865386361333,-1.4035832908517036,0.24336810479552545,1.5490189771364726,1.629993800734456,0
-0.4873920155630886,-0.47383871932948496,0.062167025090617216,-0.3280416974809186,1.2841604008909748,1.644837944766167,0.5382107658342383,-0.7735411723249103,0
0.23833537905790367,0.30725882040431185,1.4557971606638573,-1.050989328930686,-0.383556851137504,1.1822168325428482,-1.3439838345216462,-0.1845852535752723,0
0.7922722309908343,-1.3625541423154934,0.32347267551059994,1.3064485997098596,1.5577837921895208,-0.32810503383327955,-0.3331756232194126,-1.21702025656608,0
1.100794021940822,-1.5951476319251134,0.36702361724726373,0.332040922538434,-0.8615318891020527,1.563198924962052,-0.542308356592288,-0.6293600120449306,1
-1.0273051497255656,1.6646327672306,0.14926890856394479,1.4950436340011026,-0.8823134124918153,1.4951664084586223,1.3398862437635963,1.3457753794499239,0
-1.5321589894619072,-0.591871236444813,-0.41689333401268347,-0.7680967774938207,-1.35336127599311,-1.457444807790204,-0.054331978722244295,0.42396667932287907,0
-0.7924078770704612,0.9911531107490136,1.1944915102438747,1.4636111282858955,1.3343824157495687,0.03927055528523804,-0.507452901030142,0.3855650405334267,0
-1.20260162185624,1.5431287054942313,-1.4185649939559501,0.9606910368425793,1.0451728819087007,-1.3213797747833456,1.4095971548878885,-0.41028944592224553,0
1.2866082823993374,-1.6159768996513477,-0.5475461592226748,1.5893411511467246,-0.627739750967219,-1.117282225273058,0.8170544103314066,-0.2209262340056905,0
-1.35335658788862,0.8800636828757624,-0.46044427574934726,0.5206359568296774,-0.9394626018136638,-1.3621992846854032,0.6427771325206757,0.7310330030156603,1
-1.1745541863153328,-0.959854966274958,-0.9395046348526489,-0.5480692374873697,1.3482367646760773,0.6923827137181582,0.15480075465063114,1.1222701636258108,0
0.5293275227948226,-1.2479931698212037,1.6735518693471763,0.08058087681677559,-1.6027395566702651,-0.5866285965463104,0.25936712133707,0.2295223920004865,1
-0.27002439012105073,0.4530636944879545,-1.6798706443759324,0.3006084168232267,-0.18440058531894235,0.06648356188660974,-1.5879720234566683,-1.2620216477437811,0
0.3855844156476708,1.0466978246856404,1.2380424519805384,0.583500968260092,0.29184265902979256,0.6515632038161009,1.1656089659528655,-0.9107132713645043,0
-0.23145916625230253,0.28990109729911734,1.542899044137185,0.6149334739752994,-1.0935922336210726,-0.17843349752573553,-0.19375380097082845,0.8750419712957755,1
-0.6171114049397868,-0.7828061906019648,0.45412550072059127,0.2063108996776048,-0.5203685467867768,1.454346898556565,0.6776325880828225,-0.4373631093763498,0
-0.1753642951704879,-1.4285134901152368,0.933185859823892,-1.2395843632219297,1.5664427602685889,1.6312314414654807,0.921620777017844,-0.708844968310249,0
0.27339467348403906,0.8175758796970587,1.0638386850338832,0.6149334739752994,-0.9844892358248165,1.454346898556565,-0.3680310787815586,-0.9569397662789463,0
-1.7390088265761041,-1.3070094283788678,-0.3733423922760197,-0.13944666318967516,0.07883204428472228,-0.7907261460565979,-0.7862965455273103,-0.009745448860403088,0
0.3189717562380153,-1.5569606410936825,1.0202877432972195,0.04914837110156863,-0.8442139529439167,-0.1920400008264211,-0.6120192677165801,-0.5005999156216677,1
1.1989600463340002,1.4355108222420183,0.7589820928772378,-1.0824218346458934,0.5152440354697447,1.604018434864109,1.3398862437635963,0.9548007410690755,0
-0.48038015667786055,-0.012123284731285662,-1.4621159356926139,1.620773656861932,-0.10127449175989035,1.223036342444906,-0.6120192677165801,0.8971474721308391,1
1.6687545916442066,-1.5222451948832922,1.0202877432972195,-0.8309617889242351,0.35591902281489524,-0.40974405363739463,1.4793080660121805,1.2158212303062894,0
-0.13679907130173974,-1.6402777119986214,0.19281985030060858,0.1748783939623975,-1.538663192885163,-1.3077732714826598,-0.40288653434370386,1.0693592317330225,0
1.1498770341374112,-1.1785622774004207,-1.4621159356926139,1.52647613971631,0.21910732716562217,0.7740217335222732,-1.4485502012080842,-0.3198688862556966,1
-0.29456589621934526,-1.508359016399136,0.6718802094039102,0.6463659796905067,1.0399775010612597,-0.5730220932456248,-0.6468747232787261,-1.2064629110006178,0
1.360232800694221,0.7169010856869252,-1.6798706443759324,-0.4852042260569551,0.6693736672771536,-1.457444807790204,0.15480075465063114,-1.4351818747550542,1
-1.5321589894619072,0.18228321404690456,-1.4185649939559501,1.5893411511467246,-1.2529172462759217,1.032545296235304,1.2701753326393044,-1.3622882024189749,1
1.461904754530012,1.1091856278643442,-1.0266065183259765,0.8663935196969574,0.9984144542817338,-0.314498530532594,-1.4485502012080842,-1.1977149928435675,0
1.0166517153180978,1.3313644836108465,-0.8524027513793213,1.2121510825642376,0.32128315049862377,-0.35531804043465126,0.11994529908848588,-0.4170698587693686,0
-0.12978721241651164,-1.4076842223890014,-0.06848580011937415,-1.7739369603804533,0.8494802033217659,1.0053322896339323,0.015378932402047775,1.314687666425208,1
-0.18588208349832877,0.039949884584302764,-0.7653008679059937,1.337881105425067,1.2079614817951774,-1.47105131109089,0.6776325880828225,-0.9666107464680568,0
-1.093917809135221,-1.1438468311900307,-0.5475461592226748,-0.4852042260569551,-1.4018514972358898,1.604018434864109,0.15480075465063114,-0.26873915357462147,0
1.2725845646288838,1.6229742317781293,0.5412273841939189,0.3634734282536413,0.4009456568260483,-1.5935098407970623,1.3747416993257415,-0.07838230913425831,0
-0.4944038744483142,1.3834376529264325,1.2815933937172024,-0.04514914604405327,-0.972366680514122,-1.4302318011888324,1.7930071660714941,0.07337812195942935,0
-0.6065936166119459,-0.9633265108959965,1.4993481024005213,0.3006084168232267,1.1456169116258885,-0.40974405363739463,1.0261871437042813,-1.0957067584320392,0
-0.522451309989224,-1.5257167395043305,0.32347267551059994,-0.8623942946394424,-0.0458570960538557,1.454346898556565,0.8867653214556986,0.06386804249150328,1
-1.0728822324795417,-1.6749931582090116,1.4122462189271936,-1.1767193517915153,-0.8944359678025104,-0.6954806229517971,1.2701753326393044,-1.4257338973198663,0
1.1779244696783187,1.3452506620950027,-0.5910971009593387,0.5206359568296774,0.9014340117961736,0.8964802632284455,0.6776325880828225,-0.9391305969814857,1
0.7887663015482215,0.1440962232154747,-0.6346480426960024,0.7092309911209213,1.739622121849947,0.8828737599277601,-1.4485502012080842,0.02587571255418806,0
1.0236635742033258,0.10938077700508322,0.23637079203727235,-1.6796394432348316,-0.21037748955614582,-1.185314741776487,1.6884407993850568,-1.4702723460717024,0
0.08407448358291096,-0.796692369086121,1.3251443354538661,0.4577709453992632,-1.2892849122080072,0.21615509819415377,-0.6817301788408722,-1.2635657301032217,0
0.1997701551891555,-1.6368061673775818,0.8460839763505644,-0.7995292832090279,-0.8753862380285611,-1.4438383044895182,-0.507452901030142,-1.497145589329243,0
-1.7600444032317835,-0.8904240738541751,0.41057455898392753,0.3006084168232267,-0.3541163596686734,1.454346898556565,-1.0999956455866247,-0.010705207548172297,1
1.0797584452851405,0.39057589130925086,0.6283292676672464,0.3949059339688486,1.1941071328686688,-0.43695706023876635,-0.22860925653297448,0.08545696732697286,0
0.2979361795823336,-0.5397980671292271,-0.02493485838271036,1.243583588279445,-1.5022955269530778,1.53598591836068,0.015378932402047775,-0.8219892263195712,0
0.6800824888272026,-0.4391232731190935,0.23637079203727235,-1.1767193517915153,-0.6467894807411683,1.6584444480668525,-0.7514410899651642,-0.8688988435941313,1
-0.5399809572022904,-0.03989564169959785,-0.15558768359270173,-0.13944666318967516,-1.0658835357680554,-0.028761961218190902,0.8867653214556986,0.730931381507544,1
